pH,MO,fosforo,azufre,calcio,magnesio,potasio,CIC,CE,anios_est,IPS
4.85,1.53,12.06,7.92,3.46,0.56,0.1,6.73,0.16,15.0,47
4.769,31.3,25.73,76.67,19.49,2.015,0.267,23.78,0.823,3.0,81
8.15,2.83,5.94,4.86,43.26,9.95,0.82,54.23,0.62,3.0,64
5.0,1.6,8.98,18.76,1.44,0.68,0.14,3.9,0.2,0.5,42
7.54,3.208,22.26,7.377,29.08,13.69,0.778,43.76,0.365,7.5,81
5.17,1.32,1.756,4.236,3.582,1.176,0.164,11.66,0.106,0.5,60
4.78,7.5,9.49,15.43,3.42,1.31,0.58,9.17,0.46,0.5,64
4.63,6.03,17.03,6.76,1.56,0.78,0.27,7.82,0.33,3.0,55
4.87,0.91,1.935,2.64,1.32,0.43,0.09,5.73,0.09,15.0,41
4.38,1.71,4.98,3.16,1.09,0.31,0.19,3.28,0.4,0.5,35
5.56,13.29,1.935,9.695,1.722,0.517,0.218,2.599,0.128,0.5,61
4.83,14.03,8.85,6.12,0.295,0.24,0.15,2.05,0.2,7.5,48
5.58,7.433,20.65,32.52,6.223,2.399,0.639,9.411,0.499,0.5,86
5.21,2.14,13.97,8.37,2.83,1.1,0.09,5.29,0.17,15.0,56
6.24,2.777,39.29,5.878,7.444,1.529,0.248,9.349,0.291,0.5,70
4.43,6.4,3.09,7.83,0.37,0.17,0.13,5.99,0.45,3.0,44
7.72,1.05,8.403,87.43,10.29,2.78,8.23,21.5,3.52,0.5,61
6.47,11.45,8.403,19.08,18.1,1.9,0.7,20.82,0.45,0.5,87
5.64,12.36,19.3,7.05,4.9,1.89,0.91,7.78,0.21,0.5,83
4.96,3.516,12.1,5.552,11.15,0.379,0.177,15.37,0.18,15.0,66
8.24,1.212,22.52,13.68,32.41,2.249,0.539,35.27,0.869,0.5,70
7.6,0.77,4.95,5.27,3.26,0.39,0.045,4.45,0.32,15.0,40
6.82,1.16,33.84,11.14,7.88,1.69,0.14,9.8,0.19,0.5,67
6.64,2.942,10.61,3.697,21.72,1.093,0.326,23.39,0.2,0.5,79
5.6,1.364,10.69,4.137,4.829,2.343,0.339,7.578,0.118,15.0,73
5.73,2.24,4.11,5.7,3.92,1.46,0.24,5.68,0.3,0.5,61
4.57,3.95,1.41,5.3,0.71,0.36,0.12,7.67,0.1,0.5,45
5.24,1.241,1.935,3.555,1.088,0.39,0.045,2.481,0.104,0.5,42
5.47,6.38,6.04,22.41,2.39,1.38,0.19,4.83,0.2,7.5,60
5.21,2.346,17.26,4.162,3.654,0.626,0.045,6.193,0.096,15.0,52
8.32,1.14,8.59,30.29,22.61,20.5,0.43,45.88,0.95,0.5,62
5.47,4.03,1.66,3.26,4.42,1.37,0.33,6.49,0.26,3.0,66
7.57,4.737,45.47,24.8,31.73,1.65,0.597,34.47,0.915,7.5,78
8.24,1.198,28.35,364.4,16.97,9.553,0.135,29.75,9.269,0.5,56
5.13,4.795,2.855,22.01,0.364,0.155,0.045,1.832,0.142,0.5,46
6.97,1.4,21.94,5.41,13.72,3.17,0.19,17.23,0.15,0.5,82
5.84,3.74,2.05,4.47,2.33,0.91,0.33,3.65,0.16,0.5,60
4.28,3.74,6.5,6.91,0.725,0.295,0.154,5.706,0.514,3.0,41
5.08,8.17,7.22,11.28,5.75,1.7,0.4,9.32,0.18,0.5,70
4.68,1.09,2.72,3.32,0.26,0.14,0.045,1.45,0.08,0.5,37
5.08,2.09,1.935,1.53,0.295,0.1,0.045,1.76,0.05,7.5,42
6.79,0.771,70.33,1.463,5.359,1.707,0.611,7.836,1.952,0.5,72
4.97,4.728,1.036,4.325,0.996,0.459,0.666,6.849,0.087,0.5,53
5.059,18.06,36.92,14.83,2.077,0.556,0.045,5.204,0.291,3.0,66
7.93,4.74,36.26,9.51,77.43,4.9,1.66,84.4,0.59,0.5,79
5.28,1.74,17.37,7.49,0.66,0.1,0.045,1.72,0.1,3.0,45
4.889,13.73,10.56,6.599,0.962,0.342,0.377,4.218,0.304,3.0,57
4.45,1.36,6.09,3.39,0.771,0.24,0.045,1.806,0.12,0.5,32
5.33,4.77,2.273,9.172,11.83,14.24,0.339,26.82,0.33,0.5,78
6.82,1.136,33.97,7.005,7.401,1.23,0.117,8.849,0.14,0.5,67
4.9,5.628,18.46,4.852,1.26,0.212,0.12,5.946,0.114,3.0,52
8.91,2.971,2282.0,15.09,35.34,5.627,1.289,43.15,0.568,0.5,72
5.66,1.17,8.9,3.79,3.26,0.7,0.11,4.11,0.14,0.5,50
5.54,7.849,35.93,14.57,5.22,1.615,0.445,7.417,0.275,0.5,81
5.55,4.384,7.799,5.081,3.188,0.709,0.045,3.999,0.138,0.5,54
6.05,2.09,2.08,24.62,11.38,0.53,0.27,12.23,0.22,0.5,66
6.56,2.134,30.17,16.95,10.52,2.339,0.311,13.61,0.261,0.5,82
4.67,3.29,4.85,9.11,2.02,0.75,0.27,12.09,0.23,0.5,55
4.53,3.067,21.95,7.704,3.308,0.45,0.09,5.149,0.912,0.5,52
7.71,1.768,22.91,181.6,8.944,6.144,0.498,21.39,3.188,0.5,67
4.32,2.0,1.935,3.92,0.56,0.1,0.045,2.9,0.11,0.5,32
5.78,1.74,1.935,5.8,6.26,7.08,0.2,13.78,0.35,0.5,71
6.03,2.751,40.32,10.24,14.94,4.099,1.362,20.54,0.747,3.0,87
5.41,17.29,2.657,8.937,5.615,2.837,0.185,9.602,0.239,0.5,73
5.77,4.07,46.68,7.53,24.52,0.79,0.18,25.55,0.21,15.0,81
5.18,4.36,17.29,9.23,1.33,0.61,0.38,7.03,0.12,0.5,59
6.8,0.609,20.86,7.713,3.922,0.927,0.209,5.212,0.304,0.5,63
7.79,2.505,48.47,12.58,8.91,1.912,0.892,11.79,0.313,0.5,73
4.83,1.519,1.935,3.81,0.726,0.277,0.045,2.589,0.107,3.0,37
4.91,1.6,0.645,1.66,0.44,0.26,0.045,1.96,0.06,0.5,37
4.88,10.45,22.86,8.392,1.844,0.72,0.302,5.908,0.562,0.5,62
5.26,6.755,8.568,13.4,1.336,0.717,0.937,5.984,0.2,0.5,62
6.93,2.29,40.04,11.86,24.09,8.53,1.4,34.12,0.33,3.0,89
5.55,5.946,1.935,7.701,8.961,2.303,0.363,11.92,0.387,0.5,84
4.6,8.36,1.33,8.17,0.26,0.18,0.12,2.28,0.19,0.5,45
6.87,1.893,13.89,8.442,16.37,2.742,0.338,19.75,0.25,0.5,82
5.42,2.65,6.16,3.1,1.55,0.37,0.24,3.67,0.13,0.5,45
5.0,3.103,27.61,3.454,6.569,0.502,0.252,13.83,0.187,0.5,69
4.38,13.84,7.515,8.783,0.525,0.221,0.186,5.525,0.668,0.5,48
7.12,0.803,65.9,3.423,9.36,4.687,0.486,14.6,0.343,15.0,79
7.48,0.74,58.56,298.55,15.67,8.21,0.14,40.51,0.223,0.5,66
4.809,4.133,3.032,3.066,0.992,0.37,0.224,3.963,0.161,0.5,44
7.05,1.28,25.11,160.57,18.12,4.59,0.44,24.55,3.32,0.5,72
6.39,1.649,6.753,10.71,16.87,5.49,0.447,22.9,1.02,0.5,74
6.03,1.646,5.621,2.282,7.084,1.802,0.254,9.272,0.206,0.5,64
6.61,1.65,11.05,4.73,16.94,12.97,0.93,31.13,0.21,0.5,84
5.15,5.72,21.25,5.29,4.93,1.66,0.23,8.77,0.18,0.5,73
4.76,2.055,1.935,1.701,1.515,0.502,0.045,3.152,0.191,7.5,37
5.18,11.06,7.709,5.449,1.717,0.656,0.465,6.389,0.139,0.5,63
4.51,1.722,9.471,7.054,1.066,0.646,0.106,4.146,0.214,0.5,37
6.12,2.225,5.903,4.171,6.986,2.571,0.045,9.794,0.106,15.0,64
6.2,4.64,12.15,17.76,10.18,2.43,0.36,13.03,1.86,0.5,78
4.33,5.69,2.4,7.79,1.34,0.31,0.21,10.14,0.26,0.5,51
5.29,1.627,4.056,1.148,4.627,2.746,0.121,7.83,0.282,0.5,59
5.88,2.82,6.55,2.16,11.4,0.4,0.21,12.08,0.1,0.5,66
6.71,1.63,1.935,4.166,11.01,6.764,0.175,18.48,0.215,0.5,76
6.32,2.647,2.582,3.497,9.114,3.118,0.121,12.62,0.326,15.0,70
5.04,2.59,0.645,3.14,0.21,0.1,0.045,1.79,0.05,0.5,42
4.66,5.98,11.26,8.29,4.16,2.37,0.47,10.95,0.46,0.5,75
5.41,7.367,26.1,2.365,5.599,2.436,0.6,10.79,0.161,0.5,85
4.52,2.09,0.645,3.8,0.35,0.1,0.045,3.63,0.5,0.5,35
5.0,6.094,6.41,3.842,4.305,1.723,0.329,7.34,0.57,0.5,68
7.51,1.14,27.59,12.5,13.18,4.74,0.37,18.78,0.33,0.5,75
5.44,2.562,4.466,2.079,4.243,3.29,0.107,7.999,0.164,0.5,59
7.0,2.05,12.9,2.47,16.19,5.35,0.2,21.82,0.21,3.0,79
6.75,7.861,153.6,711.3,25.03,6.516,4.005,37.75,16.16,0.5,89
5.11,1.36,2.14,5.07,1.51,0.4,0.045,3.3,0.1,0.5,42
5.44,11.82,24.73,5.746,3.664,0.764,0.303,6.357,0.279,7.5,72
4.99,1.4,0.645,0.59,1.15,0.88,0.17,19.45,0.05,0.5,51
6.37,3.22,8.403,6.202,5.91,1.33,0.59,8.21,0.223,0.5,61
6.45,0.917,1.935,1.291,9.38,4.577,0.045,14.13,0.102,0.5,70
4.77,0.91,4.09,3.59,2.92,0.27,0.045,7.86,0.16,0.5,44
5.18,10.9,2.084,3.787,1.659,0.956,0.198,3.848,0.272,3.0,56
5.61,6.69,49.62,31.71,11.84,0.74,0.67,13.32,0.3,0.5,87
5.81,4.145,11.86,6.817,5.214,1.803,0.928,8.172,0.322,0.5,76
5.63,2.713,2.885,5.122,8.124,1.665,0.105,9.949,0.123,3.0,63
5.6,1.17,80.27,22.58,2.56,0.57,0.38,3.63,0.51,0.5,62
5.65,4.785,71.62,15.29,13.94,10.78,1.904,27.03,0.723,3.0,91
5.74,4.19,0.645,7.92,3.79,1.84,0.55,6.21,0.17,0.5,70
5.78,7.76,4.14,25.33,2.51,0.54,0.35,3.46,0.36,3.0,64
8.71,1.1,39.77,29.96,23.19,4.09,0.38,28.28,0.88,0.5,68
5.63,5.342,11.81,7.647,3.856,1.079,0.169,5.197,0.133,7.5,72
8.07,2.34,39.25,7.03,16.54,5.22,0.54,22.53,0.21,0.5,72
6.27,3.67,3.65,7.16,3.11,2.06,0.12,5.44,0.12,0.5,65
5.9,1.96,5.93,8.84,4.71,1.09,0.3,6.18,0.15,3.0,64
4.75,2.146,3.307,0.998,0.879,0.113,0.045,2.427,0.116,7.5,37
4.519,6.606,84.72,30.93,5.454,1.979,0.925,10.2,1.21,3.0,74
5.98,2.59,4.27,12.06,5.34,2.93,0.57,9.01,0.2,0.5,72
6.42,13.86,18.17,18.06,22.3,1.555,0.877,24.98,0.653,0.5,90
6.53,2.355,170.3,5.32,8.91,2.528,0.223,11.69,0.131,3.0,81
5.28,1.67,3.5,1.7,1.03,0.32,0.045,2.49,0.06,3.0,42
4.52,3.19,2.61,13.48,0.4,0.14,0.045,3.25,0.21,0.5,41
5.11,1.126,43.39,0.874,1.096,0.568,0.045,2.469,0.235,0.5,50
5.48,1.82,8.688,22.7,3.93,5.899,0.236,11.69,0.179,3.0,63
4.599,1.24,5.0,11.5,2.324,0.399,0.285,4.312,0.18,0.5,43
5.64,8.078,3.99,12.43,12.46,1.461,0.241,14.5,0.346,0.5,78
4.74,2.02,6.36,0.74,2.15,0.85,0.12,5.94,0.21,0.5,44
5.64,3.77,6.411,9.716,6.763,1.534,0.3,8.735,0.23,7.5,68
6.4,0.875,2.811,3.603,8.974,4.56,0.106,13.82,0.135,0.5,70
5.56,1.16,1.935,6.202,3.56,2.4,0.13,6.44,0.38,0.5,61
5.31,16.73,27.25,6.451,6.63,0.775,1.012,10.05,0.603,0.5,79
6.11,6.794,6.592,8.287,11.3,1.024,0.416,12.93,0.517,0.5,79
7.29,0.489,1.935,12.1,6.337,3.466,0.045,9.991,0.147,0.5,59
4.42,1.584,10.54,19.0,0.933,0.556,0.1,4.311,0.457,0.5,35
5.03,3.55,72.66,5.22,4.08,0.88,0.27,7.04,0.24,7.5,67
5.2,3.818,35.45,5.899,3.637,0.51,0.204,5.539,0.22,0.5,62
4.61,1.31,1.935,11.27,0.56,0.1,0.045,4.18,0.1,3.0,37
6.69,6.84,77.24,18.9,14.7,2.66,0.36,18.06,0.7,0.5,93
4.36,2.152,15.63,4.303,0.57,0.336,0.099,3.202,0.289,0.5,35
6.17,2.304,5.394,2.608,15.91,3.824,0.329,20.17,0.196,15.0,79
5.29,11.01,32.97,9.265,3.473,0.557,0.172,4.797,0.182,0.5,65
7.13,2.16,25.77,4.97,20.34,8.49,0.58,29.61,0.29,0.5,82
5.07,11.68,1.935,5.043,2.052,0.517,0.162,4.375,0.198,0.5,59
4.87,6.285,1.912,7.656,2.252,0.899,0.26,5.71,0.207,0.5,55
6.45,4.28,27.25,3.0,14.66,4.55,0.18,19.48,0.17,3.0,86
5.33,7.77,4.578,26.6,1.207,0.362,0.312,2.771,0.188,7.5,56
4.62,1.1,1.935,3.76,0.295,0.1,0.045,2.32,0.11,3.0,37
5.95,1.72,4.91,19.37,2.08,0.15,0.045,2.35,0.17,3.0,50
5.4,4.4,1.58,12.37,5.01,1.03,0.2,6.33,0.35,0.5,63
4.59,5.629,8.537,3.644,1.547,0.082,0.204,7.626,0.218,0.5,52
7.14,0.66,35.3,9.66,10.24,7.67,1.39,19.55,0.4,0.5,82
4.76,0.937,5.356,9.625,0.724,0.207,0.122,1.525,0.609,0.5,35
5.79,14.78,11.7,7.791,8.776,2.641,2.478,14.29,0.433,0.5,92
5.05,0.91,0.645,1.05,0.4,0.13,0.045,1.13,0.03,0.5,42
8.78,2.17,81.62,15.13,55.78,6.32,7.03,67.96,1.13,0.5,69
5.32,3.977,8.257,12.44,7.242,2.557,0.338,11.06,0.675,0.5,71
6.11,1.404,4.728,1.358,4.541,2.174,0.045,6.965,0.077,7.5,64
5.01,1.03,0.645,13.24,0.18,0.08,0.045,1.18,0.04,0.5,42
5.0,15.66,85.2,15.41,5.458,0.456,1.372,9.559,0.851,0.5,77
5.23,7.13,4.532,7.503,7.206,1.761,0.269,10.52,0.205,0.5,71
5.66,9.455,1.935,11.75,4.809,0.612,0.294,6.295,0.248,0.5,68
4.56,1.45,2.98,3.77,0.54,0.24,0.13,4.47,0.16,0.5,37
4.92,8.26,12.75,4.41,1.71,0.4,0.17,5.01,0.11,0.5,55
5.79,2.991,10.3,7.842,4.305,0.801,0.768,5.918,0.166,0.5,68
5.94,15.43,57.69,3.72,12.68,1.27,0.31,14.33,0.3,3.0,92
5.08,2.17,5.0,3.34,0.92,0.23,0.045,4.18,0.07,0.5,42
5.18,1.64,1.51,5.44,0.95,0.5,0.13,3.53,0.08,0.5,42
6.72,2.325,5.164,1.463,14.31,7.704,0.106,22.23,0.106,0.5,73
5.3,18.89,1.935,5.325,2.913,0.592,0.134,5.313,0.16,0.5,60
7.74,2.69,3.87,2.06,20.26,10.31,0.17,30.8,0.15,0.5,66
5.059,2.732,13.32,5.75,1.67,0.536,0.388,2.938,0.207,0.5,51
6.03,2.898,1.911,4.415,8.199,2.035,0.281,10.55,0.262,0.5,73
7.17,3.96,18.27,4.737,29.27,0.433,0.161,29.99,0.38,0.5,71
4.47,0.93,1.935,11.62,0.56,0.1,0.16,11.67,0.12,15.0,43
5.47,1.772,1.935,6.385,1.329,0.363,0.045,2.137,0.216,0.5,42
5.86,2.334,29.73,6.067,3.818,1.624,0.652,6.297,0.303,0.5,72
6.29,3.0,7.34,2.5,14.07,1.72,0.19,16.05,0.13,0.5,73
6.82,1.61,8.63,5.15,9.74,2.82,0.47,13.08,0.33,0.5,76
5.74,2.697,29.68,3.331,6.477,2.898,0.16,9.601,0.146,0.5,73
4.94,1.43,1.935,1.98,0.597,0.218,0.107,6.746,0.085,0.5,41
6.88,2.669,13.99,4.48,18.93,3.548,0.767,23.44,0.228,0.5,84
5.14,8.91,65.35,42.1,6.65,2.04,2.01,11.54,1.56,0.5,82
4.5,1.59,1.935,4.71,0.56,0.25,0.14,4.78,0.09,7.5,37
4.98,2.72,8.88,6.202,1.15,0.32,0.15,3.33,0.12,0.5,37
4.59,1.14,57.41,1.914,0.497,0.382,0.045,3.934,0.092,0.5,45
8.51,0.71,21.41,37.02,26.84,3.07,0.33,30.81,0.68,0.5,68
6.22,2.937,2.916,3.294,10.38,9.956,0.045,20.58,0.275,3.0,73
5.82,3.163,1.935,3.449,10.66,2.736,0.127,13.84,0.234,7.5,74
5.94,16.07,12.26,5.527,3.176,0.678,0.966,4.864,0.512,0.5,70
4.99,8.4,8.403,9.34,3.85,1.08,0.51,7.01,0.43,7.5,62
7.4,6.07,8.403,40.03,27.76,1.99,2.28,32.59,0.18,0.5,79
5.92,9.13,110.6,11.27,7.796,1.818,0.997,11.01,0.59,0.5,87
5.52,1.249,10.76,41.54,6.547,0.556,0.121,7.325,0.385,0.5,60
4.83,3.235,3.46,3.12,0.393,0.123,0.045,1.362,0.83,0.5,39
5.51,9.25,7.331,4.409,3.287,0.549,0.185,4.163,0.217,3.0,61
7.93,5.341,56.46,4.759,36.37,1.931,0.549,38.95,0.433,0.5,84
6.03,2.25,7.28,5.53,9.53,4.21,0.22,14.0,0.4,7.5,73
6.26,1.608,12.47,3.132,11.2,2.751,0.581,14.64,0.375,0.5,81
4.29,10.55,7.88,9.19,0.15,0.13,0.09,1.98,0.5,0.5,41
5.71,25.4,33.02,20.41,10.85,3.269,1.152,15.49,0.388,3.0,98
5.2,16.18,14.82,5.86,2.964,0.807,0.846,6.811,0.617,0.5,69
4.65,1.98,1.935,5.5,0.56,0.33,0.045,3.4,0.16,0.5,37
6.1,1.965,31.53,3.948,11.3,2.757,0.193,14.5,0.136,0.5,79
4.639,5.301,1.935,4.947,0.25,0.201,0.045,7.594,0.115,0.5,49
6.89,2.022,45.34,6.68,15.98,4.947,0.535,21.61,0.328,0.5,89
5.62,0.93,66.12,19.02,1.595,0.514,0.591,3.305,0.161,0.5,63
6.31,1.328,35.62,3.056,4.829,1.48,0.111,6.476,0.133,7.5,67
5.099,17.92,11.71,5.546,1.918,0.633,0.486,6.523,0.227,0.5,66
5.2,25.39,51.31,14.06,2.147,0.459,0.48,5.261,0.336,0.5,74
5.66,17.15,10.46,6.38,4.455,1.171,0.777,6.47,0.174,3.0,83
4.73,1.38,1.935,19.65,0.295,0.1,0.09,3.98,0.08,0.5,37
5.81,7.26,2.93,7.243,3.556,1.47,0.169,5.25,0.171,3.0,69
6.44,3.511,4.448,1.014,1.921,0.904,0.652,3.566,0.153,0.5,59
5.23,1.1,1.935,1.97,0.295,0.51,0.045,4.3,0.21,0.5,42
6.8,4.277,35.92,5.899,9.95,2.673,0.501,13.52,0.425,0.5,88
6.33,3.715,168.5,161.5,3.126,1.13,0.111,4.695,3.994,0.5,58
5.059,22.77,63.87,8.615,1.95,0.339,0.187,5.965,0.233,3.0,68
6.37,1.118,5.439,6.664,10.91,5.023,0.312,16.6,0.246,0.5,79
5.78,12.69,7.299,4.985,5.8,0.964,0.725,7.65,0.16,0.5,76
4.73,3.43,0.645,5.33,0.97,0.3,0.045,3.55,0.11,3.0,41
5.6,6.086,42.25,4.991,6.215,1.603,0.675,8.521,0.366,0.5,85
5.38,3.29,31.64,33.54,6.49,1.98,1.17,10.68,0.29,0.5,78
5.14,14.68,18.41,14.73,3.541,0.94,0.045,5.905,0.491,15.0,63
5.47,2.118,1.935,10.04,9.028,2.83,0.329,13.52,0.118,3.0,71
5.36,4.43,52.65,7.44,3.08,0.39,0.21,5.76,0.16,0.5,64
5.15,10.49,98.74,7.332,6.613,0.671,1.154,10.36,0.225,3.0,83
8.13,1.103,33.59,8.671,13.69,1.815,0.154,16.07,0.907,0.5,62
5.52,1.16,1.935,6.202,0.56,0.1,0.045,1.02,0.08,3.0,47
6.53,7.29,254.87,4.57,14.78,4.16,0.53,19.56,0.46,3.0,97
5.37,0.97,1.935,0.84,9.24,3.6,0.13,14.21,0.12,3.0,65
4.97,1.66,0.645,9.82,0.94,0.14,0.045,1.71,0.15,0.5,37
5.86,16.63,1.935,14.14,13.57,2.507,0.672,16.85,0.343,0.5,92
4.29,3.04,1.935,0.62,0.295,0.1,0.12,9.3,0.34,0.5,40
4.88,1.41,3.37,8.06,0.49,0.14,0.045,1.71,0.13,0.5,37
5.88,1.682,4.836,4.446,4.72,2.141,0.147,7.11,0.135,0.5,64
5.03,6.07,4.01,7.06,0.92,0.29,0.1,4.1,0.15,0.5,50
4.22,8.36,7.97,8.92,0.34,0.15,0.18,8.11,0.22,3.0,47
5.34,8.33,39.13,4.79,1.45,0.46,0.23,3.97,0.21,0.5,59
4.94,6.766,6.949,3.16,0.786,0.606,0.163,4.999,0.103,0.5,48
5.72,8.565,4.594,3.355,1.615,0.57,0.587,2.876,0.254,7.5,63
5.66,4.438,1.935,2.54,7.495,1.459,0.49,9.546,0.245,0.5,71
5.14,1.722,49.67,2.117,1.685,0.388,0.045,2.77,0.17,0.5,50
5.18,0.41,0.645,61.99,0.43,0.33,0.11,2.01,0.05,0.5,42
6.71,4.72,8.4,2.14,10.98,4.8,0.14,16.08,0.22,7.5,77
6.48,1.22,2.27,9.8,15.17,9.75,0.42,25.58,0.28,0.5,79
4.62,1.815,4.806,59.11,0.25,0.396,0.184,1.785,0.625,0.5,38
6.29,0.74,5.042,4.114,1.348,0.1,0.045,1.688,0.143,0.5,47
6.26,2.59,51.28,5.03,15.94,3.53,0.44,19.79,0.31,0.5,87
5.58,2.823,5.916,9.817,5.01,1.628,0.134,6.953,0.203,0.5,61
6.8,0.52,6.67,6.202,10.25,4.44,0.12,14.96,0.13,0.5,70
6.73,2.41,1001.36,27.37,22.19,9.74,1.06,33.22,0.52,0.5,87
4.32,2.244,4.154,5.212,2.663,0.295,0.045,8.115,0.266,7.5,39
6.55,2.763,2.74,2.439,16.58,8.367,0.355,25.45,0.232,0.5,79
4.85,7.6,17.64,11.03,4.25,1.63,0.9,8.16,0.88,0.5,68
3.49,3.242,188.7,8.791,0.249,0.071,0.297,4.049,0.438,0.5,47
5.24,12.55,8.91,9.66,2.49,0.81,0.55,4.93,0.36,7.5,64
4.37,13.05,43.4,17.03,2.26,0.37,0.46,8.8,0.76,0.5,62
4.78,0.57,5.19,5.54,0.51,0.12,0.045,1.36,0.4,0.5,37
5.67,3.394,8.629,3.709,4.754,0.863,0.227,5.872,0.219,3.0,64
4.47,21.46,8.76,4.08,0.43,0.22,0.3,5.57,0.63,3.0,48
5.68,6.29,6.04,8.79,8.65,1.89,0.85,11.53,0.31,0.5,83
5.63,8.78,22.17,7.65,5.26,1.04,0.49,6.84,0.42,0.5,81
4.18,2.387,1.935,10.79,0.25,0.1,0.045,3.509,0.25,0.5,32
8.49,3.323,242.1,4.799,11.15,4.996,0.361,16.6,0.318,7.5,76
6.04,5.866,9.62,5.843,9.044,2.082,0.425,11.74,0.434,0.5,84
5.86,6.72,5.39,9.57,8.23,2.39,0.5,11.22,0.17,0.5,84
4.67,8.739,37.72,6.413,1.327,0.4,0.247,6.536,0.259,0.5,58
6.18,0.97,5.894,18.85,17.65,9.058,0.369,28.36,0.2,3.0,79
4.74,1.81,3.59,5.26,1.48,0.66,0.13,4.23,0.22,0.5,37
4.88,2.59,7.83,3.64,4.5,0.49,0.17,9.34,0.17,15.0,50
5.4,7.665,9.197,5.479,1.716,0.89,0.45,4.273,0.307,0.5,56
4.66,2.09,2.66,6.73,0.2,0.08,0.045,3.21,0.12,7.5,37
6.78,1.53,1.54,3.96,6.84,3.2,0.17,10.37,0.11,7.5,71
4.98,2.97,6.86,6.8,1.07,0.27,0.045,5.01,0.12,0.5,41
4.57,1.97,0.645,9.56,0.34,0.1,0.045,3.07,0.07,0.5,37
5.47,3.547,2.417,8.765,3.093,1.071,0.786,5.717,0.216,0.5,65
5.98,3.141,27.3,8.605,3.481,1.418,0.227,5.236,0.108,0.5,71
7.5,0.98,3.744,2.457,5.929,4.33,0.045,10.52,0.154,0.5,63
4.83,1.134,1.935,111.8,2.682,0.533,0.629,5.626,3.061,0.5,44
4.49,3.78,0.645,2.79,0.46,0.24,0.045,4.16,0.16,7.5,36
5.66,8.484,23.72,24.19,20.42,3.05,1.633,26.3,2.596,7.5,87
5.98,0.62,88.13,4.12,1.51,0.29,0.09,1.96,0.06,0.5,55
5.17,1.74,6.85,4.79,3.07,0.7,0.11,5.34,0.07,15.0,49
7.15,0.86,9.36,51.81,9.37,7.71,0.21,17.63,0.52,0.5,69
5.36,3.53,8.05,5.02,2.68,2.21,0.34,7.27,0.1,0.5,66
5.4,2.814,29.6,29.05,6.456,1.502,0.182,8.811,0.53,0.5,63
5.05,10.42,21.29,25.33,3.087,0.913,0.147,6.26,0.427,7.5,66
5.76,23.21,5.58,3.32,2.17,0.78,0.59,3.59,0.14,0.5,69
5.51,6.07,10.53,6.93,11.12,1.18,0.36,12.77,0.21,3.0,84
6.31,2.34,9.56,4.88,13.08,7.74,0.1,21.04,0.26,0.5,73
7.53,7.262,30.31,8.767,45.95,0.923,0.367,47.48,0.745,0.5,74
5.29,2.319,1.935,4.939,3.6,1.76,0.49,6.086,0.388,7.5,59
6.19,2.86,6.08,2.82,4.54,0.95,0.045,5.65,0.15,0.5,57
8.529,1.545,1.935,25.8,46.78,0.574,0.094,47.81,0.863,15.0,49
7.75,5.385,10.96,9.074,12.21,1.968,0.126,14.35,0.716,15.0,66
5.89,1.047,4.827,5.16,2.011,0.912,0.045,3.266,0.155,0.5,50
5.82,0.59,3.01,6.202,11.08,6.24,0.23,22.68,0.27,0.5,76
7.38,2.0,37.24,2.86,7.07,1.75,0.49,9.36,0.18,0.5,68
7.8,3.273,79.75,3.38,28.18,2.936,1.125,32.38,0.78,0.5,81
5.93,2.74,12.58,7.27,7.95,3.96,0.22,12.19,0.36,0.5,74
5.28,3.09,99.04,13.07,6.03,1.07,0.56,8.45,0.33,0.5,76
5.059,1.506,1.935,13.29,1.445,0.314,0.135,3.376,0.143,7.5,42
5.9,4.55,4.75,4.64,6.43,2.57,0.4,9.5,0.21,0.5,74
6.11,1.55,0.645,3.41,12.03,13.19,0.21,25.49,0.11,0.5,76
4.25,4.014,4.607,2.478,0.411,0.092,0.045,2.415,0.169,15.0,36
4.98,1.273,1.935,2.089,1.026,0.362,0.179,8.009,0.067,0.5,44
5.58,2.075,9.021,8.974,2.455,0.97,0.045,3.716,0.131,0.5,50
5.2,1.45,8.19,7.211,0.66,0.38,0.39,2.593,0.265,3.0,48
4.53,21.19,44.09,10.37,16.06,1.356,0.384,20.51,0.739,0.5,83
5.22,4.53,16.98,21.38,1.67,0.42,0.35,4.21,0.21,0.5,55
5.0,14.61,13.36,13.85,1.343,0.205,0.136,4.313,0.217,7.5,56
7.01,5.827,196.5,5.757,11.23,3.33,0.416,15.13,0.348,0.5,90
5.02,3.12,1.935,3.21,0.295,0.21,0.18,3.27,0.07,0.5,49
8.14,3.708,16.25,6.293,58.62,0.762,0.237,59.78,0.723,15.0,59
4.36,7.36,1.935,13.49,0.65,0.22,0.11,4.86,0.37,0.5,40
5.12,2.55,3.14,21.73,1.63,0.72,0.52,5.87,0.21,0.5,54
5.07,2.48,4.05,2.03,5.41,1.28,0.41,7.69,0.43,0.5,62
4.78,2.25,4.14,2.02,0.56,0.1,0.045,4.68,0.06,0.5,37
4.93,4.742,1.935,12.41,1.606,0.376,0.094,4.778,0.296,0.5,41
7.64,0.867,186.4,289.5,92.89,1.494,0.097,94.9,7.632,15.0,60
5.05,3.36,11.41,1.57,5.5,1.87,0.27,10.85,0.22,0.5,70
8.289,1.87,45.68,23.01,44.71,2.812,0.364,48.66,1.192,0.5,67
5.43,9.609,6.28,2.495,2.563,0.764,0.239,5.104,0.225,0.5,60
4.9,1.3,1.935,1.701,1.782,0.607,0.045,3.795,0.135,15.0,37
4.83,1.31,1.935,1.63,0.56,0.1,0.045,3.25,0.06,0.5,37
6.96,2.654,55.5,6.86,10.54,1.894,0.212,12.98,0.532,3.0,76
3.92,7.658,10.87,20.66,0.662,0.309,0.186,4.754,1.61,15.0,41
5.25,7.309,18.78,10.5,5.278,2.353,0.701,8.889,0.526,0.5,76
5.69,1.121,22.2,3.78,2.548,0.686,0.205,3.54,0.128,3.0,59
8.279,2.088,21.46,50.23,16.28,11.3,0.281,28.2,0.696,3.0,65
6.12,7.03,645.53,24.2,14.56,3.73,3.18,21.68,0.99,3.0,95
5.16,1.84,33.07,6.44,4.46,0.99,0.15,9.8,0.13,0.5,58
4.86,1.02,0.645,3.42,0.37,0.11,0.045,3.3,0.04,0.5,37
6.48,4.468,10.99,8.915,10.85,4.297,0.32,15.57,0.263,7.5,86
5.38,3.416,0.935,2.085,4.867,2.22,0.045,7.532,0.195,0.5,63
5.3,1.658,65.95,12.52,3.818,3.022,0.288,7.362,0.515,3.0,65
7.22,3.6,72.91,51.04,3.169,0.596,0.045,3.93,2.34,0.5,49
7.03,1.649,60.29,8.349,3.952,0.771,0.495,5.355,0.125,0.5,63
5.86,4.544,5.244,10.21,6.851,2.528,0.24,9.691,0.356,0.5,71
5.019,18.18,60.73,23.28,3.64,0.977,0.604,8.256,0.972,15.0,74
6.68,1.364,1.935,15.89,17.98,5.258,0.356,25.01,0.516,3.0,77
4.75,3.96,1.935,7.71,1.31,0.65,0.25,3.49,0.22,0.5,44
5.52,3.75,15.16,5.291,1.547,0.462,0.045,2.091,0.105,0.5,54
4.57,2.81,2.11,3.13,1.24,0.4,0.2,3.69,0.3,15.0,40
5.3,2.33,1.935,4.69,3.46,0.52,0.2,6.37,0.11,0.5,52
5.91,7.93,19.32,4.73,11.95,3.88,0.87,16.77,0.28,3.0,92
4.74,9.588,23.2,9.451,1.778,0.668,0.806,7.865,0.217,3.0,63
5.7,2.342,7.396,7.751,6.449,2.214,0.143,8.946,0.138,3.0,64
4.79,3.97,9.16,11.54,2.31,0.99,0.65,6.81,0.27,3.0,56
4.51,2.76,8.403,4.99,0.58,0.22,0.045,3.29,0.31,0.5,35
5.0,0.568,1.791,3.755,0.761,0.524,0.105,3.104,0.042,0.5,42
6.45,1.86,8.403,7.92,7.78,2.0,0.28,10.26,0.25,0.5,66
8.06,0.561,248.5,32.28,9.734,3.403,0.454,13.91,0.739,15.0,67
4.599,1.599,29.13,13.19,2.471,1.254,0.201,4.343,1.31,0.5,48
4.71,2.485,14.99,3.775,11.03,2.225,0.186,26.74,0.284,3.0,69
5.59,5.776,134.0,6.354,0.393,0.133,0.045,0.611,0.078,0.5,63
4.44,1.5,0.645,4.57,0.56,0.39,0.21,11.71,0.19,0.5,43
6.37,14.08,638.7,26.61,17.44,1.603,2.611,22.02,2.537,0.5,89
4.98,1.009,104.4,135.1,2.152,1.295,0.467,4.304,2.194,0.5,50
7.02,1.762,19.08,4.452,21.41,3.279,0.176,25.12,0.421,0.5,74
5.04,1.282,6.762,2.103,1.147,0.255,0.045,2.319,0.09,0.5,42
7.82,8.892,1.563,7.755,84.22,1.01,0.335,85.77,1.142,0.5,69
5.35,1.87,37.01,148.55,6.98,1.19,0.17,8.57,3.49,0.5,57
7.52,3.393,222.2,9.615,20.82,8.154,1.41,30.54,0.868,0.5,81
6.56,10.2,126.69,4.43,18.13,1.19,0.35,19.75,0.19,0.5,95
7.45,3.597,241.4,14.75,15.45,6.899,0.933,23.65,0.597,3.0,86
4.44,0.53,2.48,3.23,0.45,0.23,0.045,4.29,0.17,0.5,32
5.5,0.9,2.78,2.48,11.35,5.36,0.22,17.04,0.07,15.0,76
5.03,2.025,4.525,3.175,5.998,1.666,0.226,12.38,0.117,0.5,63
7.26,7.93,165.07,85.25,17.16,1.12,0.29,18.76,0.66,0.5,82
4.91,2.532,9.933,2.928,2.469,0.652,0.169,4.989,0.317,3.0,43
4.84,2.443,1.935,3.342,1.796,0.793,0.121,4.099,0.212,0.5,37
4.97,4.67,1.44,8.97,0.52,0.49,0.13,2.84,0.11,15.0,41
4.88,12.16,184.5,8.359,1.46,0.627,0.672,6.066,0.412,3.0,68
4.98,5.65,9.42,6.76,3.83,1.14,0.56,8.81,0.23,0.5,64
5.83,10.31,1.935,1.951,2.657,0.556,0.276,3.591,0.194,0.5,64
5.29,6.125,1.935,7.958,4.584,0.527,0.597,8.037,0.129,0.5,68
5.21,3.12,4.44,11.58,0.3,0.12,0.045,1.16,0.18,0.5,46
4.92,1.876,1.26,2.221,2.321,2.076,0.342,4.976,0.578,0.5,51
8.4,2.477,34.03,42.73,10.82,5.181,0.502,17.08,0.765,0.5,70
6.62,1.0,32.38,3.605,3.666,0.63,0.17,4.567,0.159,0.5,59
7.0,2.0,8.14,4.56,26.49,9.46,0.36,36.44,0.21,3.0,79
5.96,21.64,11.9,8.133,11.71,2.219,0.664,14.69,0.293,0.5,92
6.5,2.6,7.12,6.11,17.28,16.11,0.13,33.67,0.21,3.0,73
5.23,6.86,10.78,17.08,1.5,0.48,0.1,3.76,0.21,0.5,53
5.56,1.69,4.58,4.53,0.56,0.1,0.045,0.77,0.12,0.5,47
4.96,2.07,27.1,1.79,2.22,0.37,0.14,8.66,0.06,0.5,50
5.21,2.647,8.67,2.692,2.093,0.548,0.236,3.902,0.184,0.5,48
4.97,4.83,31.0,59.02,2.99,1.11,0.62,7.52,0.35,0.5,66
5.58,1.51,1.935,3.61,3.63,1.13,0.16,5.03,0.16,3.0,61
6.13,1.47,58.58,3.45,4.55,0.64,0.14,5.39,0.14,0.5,65
4.79,3.026,5.045,3.51,0.761,0.74,0.045,2.891,0.151,3.0,41
4.55,4.58,5.2,6.025,1.382,0.959,0.188,9.133,0.173,0.5,48
4.72,2.76,5.06,4.74,1.45,0.38,0.13,5.83,0.15,0.5,41
4.75,8.28,18.48,20.36,1.36,0.15,0.045,3.14,0.66,0.5,46
5.97,1.384,6.051,3.371,4.455,8.141,0.121,12.77,0.197,0.5,68
4.22,2.199,5.666,3.196,1.012,0.204,0.12,4.07,0.198,0.5,32
4.03,13.09,6.802,290.7,12.06,2.006,0.289,18.66,2.159,15.0,64
5.33,18.64,8.403,18.86,4.12,1.2,0.91,7.91,0.41,0.5,73
6.03,1.69,50.19,6.18,2.12,0.77,0.21,3.18,0.21,0.5,61
4.62,3.17,47.45,5.26,0.34,0.19,0.21,3.58,0.17,0.5,52
6.32,4.65,6.77,3.33,20.84,1.62,0.4,22.99,0.27,0.5,80
4.75,1.03,1.935,3.469,2.02,1.435,0.045,4.856,0.089,0.5,44
5.0,1.021,4.427,5.68,0.558,0.213,0.045,1.933,0.107,0.5,42
8.49,1.577,55.05,39.05,20.09,3.141,0.717,25.33,1.425,0.5,69
5.35,3.9,3.67,6.202,4.34,1.84,0.11,6.82,0.24,15.0,60
5.91,10.64,87.06,31.41,20.58,4.76,4.91,30.37,1.44,0.5,95
5.03,1.26,7.83,146.7,10.33,5.13,0.29,21.75,8.69,0.5,63
4.31,4.02,2.13,12.45,0.29,0.15,0.045,4.25,0.19,0.5,36
5.61,3.76,190.7,14.42,6.033,1.04,1.106,8.294,0.462,0.5,81
5.33,7.59,5.61,10.57,1.15,0.38,0.3,2.48,0.27,3.0,53
5.58,2.16,0.645,14.28,4.62,3.74,0.16,8.64,0.1,0.5,67
5.86,7.548,12.04,1.605,6.307,0.956,0.417,7.781,0.37,0.5,74
4.769,7.536,58.88,26.36,3.197,1.287,0.695,7.625,1.234,15.0,67
4.86,2.908,22.21,86.33,7.33,2.869,0.39,11.63,1.316,3.0,65
4.38,2.625,2.29,4.914,0.346,0.064,0.045,2.987,0.113,0.5,32
5.56,1.98,4.65,4.17,1.86,0.24,0.12,2.26,0.16,0.5,47
4.88,2.954,44.66,2.003,0.99,0.375,0.114,4.093,0.54,0.5,43
4.72,3.24,4.189,10.74,0.418,0.102,0.045,1.796,0.158,3.0,41
4.68,0.9,0.645,6.59,0.43,0.3,0.045,2.6,0.1,15.0,37
4.33,1.214,9.701,6.221,0.874,0.411,0.218,2.321,0.628,0.5,33
8.57,1.69,1.935,20.74,42.6,0.569,0.11,43.65,0.792,15.0,49
5.06,2.28,4.68,1.76,3.58,1.74,0.22,6.46,0.21,0.5,56
4.99,1.19,9.4,5.02,1.78,0.64,0.26,4.72,0.18,0.5,40
4.62,3.21,4.16,12.75,0.48,0.24,0.21,4.11,0.23,0.5,44
5.15,1.584,26.58,1.707,3.506,0.591,0.045,4.762,0.235,0.5,51
5.78,4.059,31.4,3.414,4.069,0.77,0.151,5.097,0.217,15.0,70
5.34,2.527,34.47,4.062,0.766,0.1,0.045,1.934,0.107,7.5,48
4.86,8.32,6.93,7.64,3.55,1.32,0.41,9.1,0.37,3.0,62
5.48,0.98,60.17,5.6,2.22,0.48,0.27,3.23,0.29,0.5,56
9.07,1.093,7.837,104.1,25.37,6.905,0.506,40.8,3.874,0.5,58
4.76,3.64,8.403,14.67,0.73,0.19,0.1,4.47,0.1,0.5,39
6.11,0.697,120.9,1.926,12.72,3.935,0.505,17.22,0.242,3.0,89
4.68,1.34,1.935,6.12,1.46,0.2,0.045,4.03,0.13,0.5,37
7.26,1.073,39.96,5.855,8.549,4.414,0.279,13.38,0.299,15.0,74
4.94,1.301,7.759,18.63,3.86,1.376,0.65,7.859,0.194,7.5,56
5.49,2.9,1.5,4.71,4.75,0.9,0.13,6.19,0.26,3.0,52
5.27,3.65,4.46,8.85,1.27,0.37,0.1,3.02,0.12,0.5,46
5.22,4.011,13.13,1.259,5.406,0.295,0.176,7.957,0.147,3.0,62
4.55,2.81,8.01,8.95,2.3,0.47,0.24,8.02,0.2,7.5,47
5.98,10.72,11.32,7.502,9.509,2.713,1.113,13.39,0.605,0.5,90
5.8,2.382,83.18,5.336,6.2,1.496,0.181,8.033,0.22,0.5,72
6.07,3.349,6.58,5.0,24.21,0.37,0.16,24.88,0.2,0.5,73
5.97,10.69,5.929,6.871,4.942,1.48,0.844,7.327,0.282,0.5,80
5.41,9.152,7.94,16.32,3.12,0.822,0.134,4.821,0.267,7.5,53
5.52,3.44,4.416,2.574,8.562,0.709,0.126,9.796,0.173,0.5,63
8.32,1.172,15.15,6.665,30.89,2.15,0.628,33.72,0.671,0.5,67
5.24,6.201,8.448,19.36,3.332,0.729,0.71,5.299,0.593,3.0,63
5.13,1.044,1.935,3.573,3.057,0.412,0.273,4.554,0.114,7.5,48
7.13,9.15,176.24,38.76,14.46,1.63,0.49,16.79,0.62,0.5,85
4.53,4.568,2.825,4.236,1.141,0.341,0.144,7.386,0.234,3.0,45
5.44,2.02,1.36,3.84,14.78,3.62,0.25,22.56,0.13,7.5,71
4.65,3.747,1.529,3.935,0.236,0.22,0.168,6.549,0.133,0.5,48
5.48,5.45,18.04,3.93,7.69,1.82,0.72,10.74,2.09,0.5,71
5.91,0.86,0.645,3.24,3.51,1.78,0.19,5.65,0.13,0.5,61
7.11,0.802,19.46,4.302,3.845,1.197,0.045,5.441,0.217,0.5,56
7.23,2.892,177.5,16.07,17.84,9.385,0.915,28.51,0.441,0.5,84
6.99,5.331,34.42,7.002,25.16,2.569,1.17,29.08,0.234,0.5,95
4.45,4.241,6.238,4.117,2.614,0.544,0.147,9.191,0.19,3.0,43
5.22,13.85,6.25,5.33,0.467,0.21,0.045,1.193,0.182,0.5,53
5.33,3.72,2.61,15.68,1.15,0.94,0.12,2.76,0.09,0.5,46
5.96,5.6,113.97,17.82,4.86,0.74,0.74,6.45,0.74,0.5,79
5.64,2.576,5.333,6.034,11.02,4.352,0.49,16.02,0.308,3.0,79
4.88,1.47,1.935,13.12,0.56,0.25,0.045,2.25,0.09,7.5,37
7.62,3.516,50.13,6.787,37.29,0.797,0.242,38.4,0.665,15.0,69
5.82,3.247,3.262,1.988,4.155,1.655,0.045,5.968,0.116,15.0,65
4.639,4.044,2.472,3.289,0.406,0.237,0.045,3.465,0.108,0.5,41
4.75,1.06,1.935,2.02,0.56,0.2,0.045,2.52,0.12,0.5,37
5.34,18.15,30.07,10.77,7.889,1.934,0.248,10.76,0.938,0.5,78
4.58,6.612,1.585,5.805,2.446,0.657,0.156,4.501,0.295,7.5,51
5.02,13.38,4.92,19.65,0.295,0.28,0.045,1.44,0.21,7.5,53
7.16,3.88,9.98,2.82,7.36,1.51,0.12,9.01,0.21,7.5,60
4.33,11.98,24.99,106.3,4.185,0.973,0.78,10.4,3.048,0.5,63
4.6,2.88,30.36,5.96,2.87,0.84,0.14,7.53,0.44,7.5,50
5.57,13.5,29.92,3.92,6.017,1.251,0.998,8.399,0.508,0.5,84
5.25,1.14,24.45,1.875,2.851,0.339,0.092,4.359,0.088,0.5,51
5.44,0.57,1.935,23.25,0.295,0.1,0.045,1.51,0.04,0.5,42
7.11,1.126,8.753,4.179,6.121,2.41,0.417,9.625,0.155,0.5,65
7.94,1.046,81.25,6.202,7.677,2.253,2.769,13.62,1.292,0.5,69
5.65,4.852,87.22,38.95,9.575,2.808,0.783,13.88,0.74,0.5,88
5.45,3.405,5.098,4.507,3.407,2.035,0.307,5.869,0.136,0.5,66
5.23,4.93,11.76,15.37,6.16,1.97,0.36,9.19,0.22,7.5,69
5.9,5.254,108.2,8.389,13.95,1.181,1.009,16.49,0.517,3.0,92
4.92,1.413,1.935,12.02,3.936,1.313,0.222,15.55,0.133,0.5,58
8.19,1.081,22.46,12.39,26.97,2.19,0.305,29.55,0.718,0.5,68
5.36,6.433,22.59,6.486,2.127,0.431,0.099,3.093,0.191,0.5,59
4.72,2.118,11.15,12.58,6.939,1.086,0.335,14.73,0.228,15.0,64
5.66,4.48,6.12,2.14,5.12,2.11,0.42,7.75,0.14,3.0,74
5.14,18.48,4.477,3.6,2.226,0.622,0.253,5.741,0.258,0.5,63
7.16,2.43,9.43,4.66,9.34,1.85,0.65,11.9,0.41,3.0,70
5.78,4.532,19.93,6.924,2.061,1.527,0.772,4.461,0.406,7.5,69
4.3,2.992,9.964,7.041,1.666,0.583,0.112,8.564,0.191,0.5,36
6.98,3.245,77.82,18.58,3.586,0.647,0.102,5.332,0.449,0.5,66
5.66,14.02,1.935,19.52,0.25,0.1,0.045,1.02,0.107,0.5,58
4.86,2.41,5.06,3.69,3.23,0.63,0.23,13.21,0.13,0.5,51
4.6,18.5,2.69,3.04,0.55,0.3,0.22,3.82,0.52,3.0,49
7.42,1.69,38.69,4.46,15.57,8.88,0.82,25.43,0.27,3.0,82
5.69,2.212,9.031,5.727,3.925,1.255,0.822,6.103,0.129,0.5,66
5.5,0.98,53.27,0.61,3.88,0.68,0.1,4.75,0.09,0.5,58
5.1,2.48,3.11,3.46,1.75,0.77,0.1,5.18,0.13,0.5,46
5.0,1.98,0.645,25.25,0.43,0.62,0.045,6.19,0.05,0.5,46
5.49,0.749,1.935,3.871,1.761,0.762,0.045,3.06,0.132,0.5,42
5.66,2.72,1.83,3.65,5.52,3.25,0.72,9.78,0.13,15.0,72
4.57,2.503,9.642,15.59,1.491,0.575,0.169,3.45,0.375,0.5,40
4.91,15.16,29.36,8.124,3.046,0.49,0.442,6.292,0.497,0.5,67
6.37,1.421,43.33,5.18,6.963,3.33,0.451,10.87,0.171,0.5,82
4.94,4.194,4.436,3.135,0.341,0.242,0.111,2.874,0.133,0.5,41
5.58,5.34,11.6,6.55,5.71,2.69,0.48,8.98,0.35,0.5,81
6.28,2.03,8.43,8.69,7.79,3.18,0.18,11.25,0.14,0.5,71
5.34,1.76,32.11,5.12,5.18,0.86,0.23,7.02,0.27,0.5,61
4.78,1.297,1.935,4.948,0.25,0.1,0.045,3.989,0.106,3.0,37
5.34,19.2,5.968,10.39,6.4,0.194,0.245,8.813,0.263,0.5,66
4.92,1.333,1.935,0.377,1.539,0.578,0.045,5.095,0.163,0.5,41
5.9,3.69,3.99,4.15,10.95,2.81,0.27,14.08,0.57,0.5,75
5.71,3.48,63.27,7.76,2.93,0.67,1.28,4.98,0.35,15.0,70
5.03,5.89,3.267,6.953,2.065,0.411,0.099,5.48,0.098,3.0,57
7.69,0.75,43.7,1.41,10.47,8.13,0.55,19.27,0.21,0.5,79
5.92,0.45,1.935,4.17,1.59,0.5,0.045,2.29,0.12,3.0,47
5.71,6.02,585.95,11.31,10.47,1.19,1.11,12.88,0.51,0.5,89
6.72,4.706,7.529,12.89,10.02,1.683,0.284,12.09,0.391,7.5,74
5.48,3.43,8.403,10.42,4.33,0.57,0.24,5.55,0.3,0.5,57
4.639,1.8,4.849,3.692,1.291,0.38,0.201,3.743,0.146,0.5,40
4.96,0.995,5.73,3.082,0.249,0.21,0.045,1.289,0.124,0.5,37
4.04,1.335,6.74,13.23,1.375,0.37,0.114,3.916,0.354,0.5,32
5.23,10.6,189.24,14.8,4.91,0.62,0.31,7.73,0.42,0.5,77
5.26,8.525,37.72,11.4,4.426,0.68,0.254,6.516,0.396,3.0,69
6.05,3.965,1.935,2.902,10.5,1.82,0.605,13.03,0.097,0.5,79
6.02,1.03,1.935,1.64,4.76,6.47,0.21,11.87,0.15,0.5,71
5.38,9.19,2.79,5.18,1.77,0.43,0.25,4.87,0.13,0.5,53
5.18,0.98,5.3,7.77,2.05,0.28,0.1,4.49,0.12,0.5,45
5.83,3.231,9.167,9.095,22.2,5.74,0.11,28.18,0.257,0.5,77
5.02,3.62,7.43,4.62,1.4,0.32,0.11,4.65,0.1,0.5,46
5.32,15.97,1.935,3.749,1.604,0.452,0.121,2.835,0.379,7.5,53
8.42,1.11,1.935,18.75,42.37,0.747,0.156,43.69,1.216,15.0,49
5.01,12.39,21.35,37.0,3.132,0.721,0.431,5.186,0.997,0.5,70
5.92,2.384,10.28,3.428,11.82,1.298,0.287,13.62,0.188,0.5,73
4.08,2.02,1.935,9.59,0.295,0.1,0.045,7.17,0.28,0.5,36
7.22,2.621,62.57,4.075,10.74,9.498,0.588,20.95,0.252,3.0,84
4.76,8.74,75.11,15.97,2.2,0.85,0.62,7.49,0.32,0.5,68
5.37,4.52,8.403,10.13,1.88,0.51,0.29,4.09,0.17,0.5,47
5.54,14.6,7.01,1.85,2.13,0.23,0.13,2.58,0.09,0.5,61
5.66,2.797,69.42,3.815,4.08,0.657,0.172,4.938,0.093,0.5,64
5.9,1.88,31.25,5.77,3.26,0.47,0.16,3.98,0.45,0.5,59
4.26,6.469,3.707,2.913,0.312,0.143,0.108,7.191,0.151,0.5,44
4.84,1.77,1.935,15.23,1.42,0.33,0.045,3.13,0.15,0.5,37
5.95,1.95,9.19,1.74,7.44,1.11,0.11,8.73,0.17,15.0,61
5.18,2.78,1.698,2.815,1.19,0.248,0.045,2.667,0.073,0.5,42
6.0,1.62,44.63,5.4,6.24,1.58,0.21,8.1,0.35,0.5,72
5.52,5.686,3.016,6.642,4.68,1.518,0.745,7.009,0.305,0.5,77
4.94,9.013,38.96,15.82,2.769,1.099,2.021,7.983,0.449,3.0,70
5.11,1.184,2.537,2.851,1.522,0.863,0.045,3.086,0.068,3.0,42
6.25,5.852,65.29,4.749,10.62,1.713,1.062,13.44,0.336,0.5,91
7.3,0.725,13.59,9.133,4.748,0.807,0.045,5.868,0.273,0.5,55
5.99,3.02,1.935,3.32,13.26,1.5,0.18,15.01,0.22,7.5,77
7.76,4.19,79.43,4.22,14.64,2.35,0.3,17.36,0.35,0.5,78
4.94,3.48,2.63,19.84,0.56,0.33,0.12,3.56,0.11,0.5,41
5.31,9.637,22.66,2.298,1.837,0.598,0.598,9.204,0.162,15.0,68
4.48,2.203,20.3,7.172,1.36,0.37,0.595,3.89,0.393,0.5,46
6.6,2.07,56.75,8.281,5.088,1.265,0.223,6.832,0.068,0.5,72
7.27,3.152,142.3,13.71,24.35,6.179,1.602,32.45,1.221,0.5,83
4.98,1.338,1.935,24.02,1.12,0.536,0.249,2.738,0.191,0.5,40
4.65,2.763,5.01,11.64,2.077,0.421,0.121,3.312,0.239,0.5,40
5.87,2.175,5.076,2.199,3.783,1.948,0.23,6.102,0.126,0.5,61
5.31,7.286,7.859,3.71,0.382,0.203,0.045,1.709,0.211,0.5,50
4.99,2.593,5.57,5.288,2.53,1.469,0.11,5.381,0.268,0.5,48
7.3,0.79,13.67,5.52,6.39,0.61,0.045,7.16,0.24,0.5,55
4.99,1.86,1.57,3.93,1.03,0.31,0.1,4.53,0.08,15.0,37
5.63,1.41,1.935,4.12,3.45,1.24,0.045,4.83,0.16,0.5,54
7.32,0.93,33.08,4.26,13.31,3.18,0.29,17.7,0.36,0.5,77
5.58,1.47,3.98,5.5,6.01,2.73,0.38,9.21,0.21,7.5,70
5.8,1.504,1.935,12.12,2.122,0.39,0.155,2.808,0.136,0.5,53
5.07,4.86,1.74,2.95,0.54,0.21,0.045,1.44,0.07,0.5,46
5.96,1.55,1.935,2.05,16.5,7.26,0.33,24.25,0.17,0.5,79
5.87,2.603,5.049,3.038,7.765,2.041,0.045,10.24,0.329,7.5,68
6.11,2.2,1.935,2.923,5.22,1.5,0.09,6.91,0.103,15.0,61
5.23,1.67,2.17,5.09,0.6,0.2,0.045,1.58,0.16,0.5,42
7.05,0.73,27.2,1.978,4.0,0.895,0.322,5.318,0.208,0.5,61
5.16,6.93,42.11,3.51,2.64,0.55,0.38,5.69,0.17,0.5,71
6.0,6.037,16.24,7.603,10.39,2.564,0.872,13.97,0.145,0.5,89
7.96,2.6,21.13,11.01,49.32,7.36,1.23,59.34,0.53,0.5,75
5.61,4.66,30.53,4.625,4.605,1.48,0.332,6.472,0.289,0.5,77
5.56,7.9,9.91,6.92,1.93,0.33,0.09,2.4,0.16,0.5,55
4.889,9.445,4.13,8.333,0.25,0.23,0.1,1.956,0.17,3.0,45
6.17,5.6,5.14,10.45,17.86,0.96,0.19,19.12,0.25,3.0,77
8.36,2.24,72.75,3.0,11.25,1.44,0.12,12.99,0.52,0.5,58
8.6,1.327,48.76,70.99,35.79,5.056,0.463,43.12,2.102,0.5,64
4.49,5.15,62.79,14.83,2.01,0.45,0.77,7.88,0.6,0.5,61
6.71,2.49,55.43,8.61,13.77,6.25,0.26,20.44,0.21,7.5,84
5.26,1.042,1.935,5.459,2.973,0.646,0.207,4.525,0.217,0.5,48
4.47,2.21,1.49,6.26,1.72,0.54,0.13,8.3,0.2,0.5,36
4.33,1.34,3.48,6.202,0.58,0.18,0.045,2.62,0.19,0.5,32
4.809,3.728,3.608,20.33,1.686,0.598,0.265,5.642,0.224,0.5,48
8.34,4.13,7.112,14.18,41.44,1.287,0.045,42.92,0.691,0.5,57
6.0,0.86,0.645,2.84,1.41,0.89,0.09,2.48,0.15,0.5,47
6.21,7.015,65.08,4.627,14.09,2.595,0.845,17.68,0.283,15.0,97
4.97,10.19,12.36,10.07,2.02,0.36,0.1,4.11,0.51,0.5,52
5.85,9.211,75.02,23.74,11.4,3.218,0.342,15.88,0.856,0.5,93
5.67,2.887,3.882,8.583,3.182,1.788,0.486,5.555,0.189,0.5,64
4.9,24.9,60.57,36.46,6.36,2.15,0.82,11.4,2.28,0.5,77
5.9,1.91,1.935,6.202,3.81,5.31,0.045,9.29,0.2,0.5,61
5.93,5.62,7.49,2.13,14.38,1.17,0.33,15.96,0.17,3.0,84
5.36,4.5,74.37,20.52,4.85,1.27,2.12,9.02,0.34,0.5,76
5.71,4.17,116.03,1.96,10.89,0.3,0.1,11.33,0.26,0.5,75
4.58,0.513,1.509,1.658,0.418,0.195,0.096,2.889,0.073,0.5,37
5.96,0.89,1.935,4.671,3.915,1.571,0.128,5.716,0.086,0.5,58
4.71,1.0,8.95,5.53,1.24,0.65,0.22,4.48,0.2,0.5,40
4.82,2.09,19.86,10.6,2.03,0.89,0.24,7.14,0.2,0.5,50
7.22,2.53,4.04,6.95,10.67,2.81,0.75,14.29,0.2,0.5,73
7.76,4.08,4.871,6.0,43.63,0.618,0.193,44.58,0.696,15.0,61
4.65,1.111,2.398,8.824,0.455,0.226,0.115,3.484,0.047,0.5,37
5.39,2.333,73.81,4.706,4.211,0.895,0.677,6.017,0.794,0.5,66
5.059,17.46,34.7,9.783,2.65,0.293,0.154,5.885,0.291,0.5,69
4.98,0.86,2.77,1.27,0.36,0.11,0.045,1.62,0.05,0.5,37
7.02,0.541,22.33,1.409,2.527,1.012,0.104,3.768,0.077,0.5,55
8.289,1.491,46.83,8.528,24.8,2.754,0.307,28.04,0.935,0.5,70
4.94,1.93,1.73,6.62,4.7,3.35,0.33,13.26,0.2,15.0,64
4.48,5.29,18.88,9.42,1.01,0.02,0.35,6.93,0.25,7.5,53
4.7,1.67,42.8,13.05,0.92,0.19,0.14,4.08,0.23,0.5,45
6.0,4.55,17.07,8.68,10.3,0.68,0.31,11.44,0.3,3.0,76
7.08,3.481,97.79,2.398,14.21,1.233,0.299,15.87,0.391,0.5,80
6.68,2.97,73.0,8.78,12.41,1.16,0.2,13.8,0.22,3.0,78
6.19,1.96,10.25,6.216,10.61,1.037,0.111,11.97,0.278,0.5,70
4.64,2.38,5.83,4.48,2.31,0.91,0.18,10.97,0.4,0.5,51
4.96,1.145,1.935,5.532,0.839,0.219,0.045,1.567,0.171,0.5,37
8.46,1.0,22.59,13.14,40.09,4.335,0.464,45.21,0.695,0.5,68
6.52,1.034,51.84,3.302,4.754,1.418,0.128,6.345,0.073,7.5,69
5.099,1.311,5.019,7.109,0.412,0.405,0.045,2.979,0.137,0.5,42
4.72,7.19,46.68,6.739,1.634,0.423,0.352,7.885,0.151,3.0,63
4.84,1.2,5.39,44.18,4.33,1.15,0.21,6.44,0.43,0.5,54
5.93,2.58,51.79,10.08,4.45,2.23,0.62,7.45,0.31,0.5,80
6.07,2.463,32.41,14.19,6.276,0.882,0.606,7.868,0.761,3.0,69
4.85,2.03,32.31,4.12,1.58,0.17,0.1,4.29,0.13,3.0,43
5.61,2.681,6.028,5.771,5.049,0.519,0.045,5.816,0.141,3.0,57
4.559,4.223,1.935,5.152,1.223,0.651,0.198,4.514,0.221,0.5,44
7.5,5.12,4.9,9.92,21.36,19.01,0.65,41.13,0.42,0.5,84
6.1,4.14,11.38,2.15,3.99,0.58,0.33,4.95,0.12,3.0,63
4.49,4.163,1.935,16.92,0.25,0.1,0.127,3.757,0.237,15.0,36
4.019,3.314,1.935,8.201,0.25,0.22,0.101,5.319,0.267,0.5,40
4.92,2.616,1.935,6.077,1.635,0.521,0.118,5.595,0.153,0.5,41
7.92,2.691,2.18,4.497,34.28,0.332,0.095,34.8,0.65,0.5,54
5.53,3.496,1.935,5.739,0.771,0.317,0.125,1.48,0.127,7.5,51
4.64,1.62,1.95,11.08,0.38,0.16,0.12,3.28,0.11,0.5,37
7.8,1.814,35.73,478.1,29.79,6.219,0.309,37.8,5.606,0.5,67
5.81,3.07,1.935,5.45,6.89,6.06,0.21,13.23,0.12,0.5,75
4.54,20.84,85.15,61.4,4.057,1.946,0.718,10.63,1.209,0.5,77
5.62,1.36,17.47,57.37,12.04,1.247,0.179,15.11,1.18,0.5,71
6.83,1.07,44.53,3.1,5.02,0.83,0.045,5.94,0.2,0.5,65
5.26,3.977,8.413,5.661,5.126,0.369,0.184,7.016,0.231,0.5,59
4.15,2.336,1.935,10.66,0.25,0.274,0.109,4.808,0.307,3.0,32
5.43,2.519,14.58,11.2,4.144,1.435,0.458,7.066,0.203,0.5,65
6.86,2.66,7.75,5.33,22.35,13.95,0.681,37.42,0.47,0.5,81
5.66,4.75,1.935,1.539,7.38,4.589,0.312,12.56,0.136,7.5,78
5.76,4.606,6.828,4.807,4.53,1.233,0.358,6.154,0.207,3.0,71
5.58,10.38,4.15,5.82,1.31,0.4,0.2,1.98,0.12,0.5,61
4.07,2.92,1.935,4.55,0.56,0.2,0.09,5.02,0.27,0.5,36
5.059,0.566,19.97,6.189,0.25,0.228,0.115,8.297,0.042,0.5,49
4.82,1.72,2.0,2.34,0.88,0.19,0.16,7.56,0.1,15.0,44
5.53,0.93,1.935,4.77,2.73,1.25,0.33,4.39,0.07,0.5,60
4.769,1.407,120.7,20.87,1.507,0.685,0.441,4.802,0.215,7.5,51
5.93,13.39,9.61,6.91,10.03,4.34,0.45,16.05,0.31,0.5,90
8.35,1.326,9.422,5.065,35.26,3.767,0.228,39.46,0.637,0.5,59
7.27,2.62,54.37,27.97,20.79,4.1,0.36,25.54,0.4,0.5,82
5.11,2.81,0.645,2.03,2.73,1.36,0.2,16.21,0.06,7.5,63
4.55,2.33,1.935,23.19,0.295,0.1,0.09,2.79,0.12,0.5,37
5.77,2.2,1.935,4.56,9.93,5.25,0.15,15.53,0.32,0.5,73
4.64,1.1,4.83,8.6,1.49,0.3,0.045,4.24,0.18,0.5,37
4.92,1.97,2.06,4.94,0.38,0.16,0.1,2.11,0.08,0.5,37
4.68,14.52,17.91,17.31,0.25,0.1,0.045,1.837,0.244,7.5,51
5.14,0.75,1.935,8.76,1.76,1.09,0.045,3.25,0.14,0.5,46
6.23,0.79,11.72,2.02,3.73,1.24,0.14,5.2,0.14,0.5,61
6.24,0.78,43.61,7.36,8.02,2.84,0.31,11.23,0.18,0.5,84
4.66,7.578,6.72,3.559,2.42,0.554,0.159,7.286,0.29,15.0,55
5.66,2.756,39.04,27.29,6.011,1.596,0.443,8.328,0.218,0.5,73
8.8,0.887,6.601,105.5,31.7,5.535,0.398,44.66,4.592,0.5,56
4.92,2.16,2.35,2.52,1.19,0.64,0.13,11.52,0.06,0.5,45
5.88,3.65,3.97,4.48,6.07,3.59,0.4,10.12,0.25,0.5,78
6.79,8.421,167.7,38.63,31.76,3.856,1.873,37.61,1.025,0.5,92
7.63,1.68,40.71,5.19,23.08,1.68,1.02,25.87,0.64,0.5,74
5.59,7.74,61.19,11.06,3.4,0.84,0.87,5.21,0.8,0.5,76
5.42,6.765,7.036,6.742,3.631,0.832,0.182,4.94,0.232,7.5,56
4.51,4.1,1.935,3.29,0.56,0.47,0.2,6.16,0.24,0.5,48
6.11,3.76,4.6,2.49,28.73,12.84,0.63,43.08,0.28,3.0,85
7.96,3.78,49.51,10.32,72.12,1.8,0.28,74.29,0.7,0.5,73
5.66,6.6,13.8,20.67,5.4,1.41,0.64,7.55,0.51,3.0,78
5.76,2.83,80.35,4.5,5.44,1.75,1.01,8.26,0.1,0.5,77
6.91,1.15,33.91,9.64,9.41,4.08,0.26,14.09,0.45,0.5,79
5.5,1.93,46.95,2.16,4.75,0.49,0.045,5.35,0.17,15.0,65
5.81,2.98,52.31,1.87,2.98,1.09,0.64,4.76,0.2,3.0,70
5.95,13.17,38.29,13.27,10.05,1.036,0.375,11.57,0.314,7.5,90
4.72,2.41,3.48,2.46,0.65,0.21,0.1,3.41,0.15,0.5,37
4.72,16.15,46.97,21.45,2.525,1.108,0.358,7.052,0.204,7.5,73
5.61,2.69,8.26,6.59,7.12,2.77,0.27,10.22,0.22,3.0,71
7.66,1.74,16.8,3.77,10.83,0.51,0.045,11.45,0.21,15.0,56
8.11,1.5,35.9,12.59,10.78,1.15,0.21,12.3,0.42,0.5,61
4.61,5.835,48.92,16.91,4.455,1.295,0.195,6.803,0.386,3.0,70
6.28,2.65,10.99,2.42,20.39,9.46,0.91,30.83,0.31,3.0,84
4.23,1.05,4.11,5.69,0.52,0.21,0.045,2.8,0.27,0.5,32
4.51,6.234,6.59,8.668,3.448,0.888,0.704,8.542,0.437,0.5,60
6.05,2.57,5.28,3.15,7.31,2.38,0.23,9.99,0.2,7.5,67
6.63,6.756,1.087,5.392,1.61,1.36,0.268,3.282,0.459,0.5,62
5.36,1.48,1.62,1.02,5.97,3.51,0.2,10.94,0.12,0.5,66
6.63,3.038,306.4,5.44,9.36,3.7,0.585,13.71,0.265,15.0,90
4.97,6.79,0.645,5.08,0.6,0.2,0.11,11.38,0.08,0.5,53
5.94,2.011,6.388,8.557,3.332,1.727,0.169,5.283,0.573,0.5,59
7.6,0.84,0.645,4.56,52.5,3.22,0.29,56.55,0.2,0.5,66
5.65,9.134,31.13,8.048,8.062,1.318,0.23,9.916,0.333,0.5,80
4.76,15.76,18.37,22.8,3.54,0.34,0.48,5.93,1.7,0.5,59
4.81,1.83,4.56,3.36,4.0,0.89,0.12,11.24,0.14,7.5,48
5.56,4.008,7.914,7.629,4.954,1.247,0.095,6.396,0.274,0.5,65
7.16,1.535,249.5,10.66,9.285,3.084,0.79,13.29,0.532,0.5,79
5.4,1.5,22.01,9.18,3.21,1.19,0.045,5.03,0.2,0.5,59
5.019,4.211,2.209,12.16,1.497,0.359,0.045,2.719,0.146,3.0,46
8.29,1.38,34.53,108.23,40.17,9.11,0.63,55.34,5.91,0.5,64
4.54,3.049,1.935,11.28,1.573,0.894,0.135,4.119,0.474,0.5,41
4.54,2.266,5.089,9.21,1.37,0.361,0.131,7.788,0.187,7.5,41
5.01,1.03,0.645,10.86,0.93,0.38,0.045,6.64,0.06,0.5,46
4.42,2.677,7.062,4.315,3.609,0.624,0.228,17.74,0.282,0.5,49
4.38,5.633,6.218,17.9,2.368,0.703,0.137,8.439,0.307,0.5,47
5.4,8.9,21.22,29.54,5.83,1.68,0.59,8.82,0.36,0.5,78
5.14,1.669,1.935,2.723,7.164,1.358,0.129,12.28,0.137,0.5,60
5.02,19.02,19.91,35.09,2.91,0.79,0.5,5.77,0.48,0.5,69
4.66,7.18,15.95,6.817,2.084,0.328,0.214,5.008,0.216,0.5,58
4.71,1.88,4.02,8.75,0.46,0.19,0.045,6.54,0.1,0.5,41
4.7,2.33,9.84,10.97,0.75,0.26,0.045,3.37,0.18,0.5,37
4.59,1.05,14.23,6.673,0.948,0.185,0.045,2.731,0.174,0.5,40
5.93,5.517,8.106,4.232,5.878,2.097,0.204,8.256,0.287,0.5,75
4.3,3.54,1.935,9.39,0.295,0.2,0.15,3.73,0.26,0.5,36
5.82,10.29,24.62,31.61,17.69,3.19,0.92,21.93,0.68,0.5,96
4.78,1.81,23.66,8.22,1.65,0.8,0.2,6.57,0.22,0.5,50
4.65,2.344,9.036,4.178,1.703,1.48,0.483,8.22,0.191,3.0,51
6.01,4.09,2.04,3.12,12.82,5.6,0.51,19.03,0.22,3.0,85
4.81,17.77,85.49,24.29,3.56,0.69,2.04,9.75,0.223,0.5,61
6.66,1.395,25.45,6.379,14.44,8.762,0.896,24.78,0.29,7.5,87
5.37,2.0,46.93,11.22,2.74,0.82,0.24,4.89,0.17,0.5,56
8.199,1.627,8.359,8.044,2.059,1.603,0.393,4.165,0.378,0.5,45
6.76,6.34,122.94,140.34,16.0,1.36,1.43,19.13,2.53,0.5,86
5.0,0.52,24.31,7.93,1.91,0.84,0.31,5.63,0.24,7.5,58
5.24,3.718,2.64,4.434,3.631,1.295,0.361,5.508,0.224,0.5,63
5.13,17.19,30.72,14.79,2.117,0.334,0.227,5.073,0.239,0.5,69
5.43,1.14,8.403,2.55,5.46,1.89,0.11,8.49,0.1,0.5,54
4.1,1.74,1.6,6.19,0.56,0.34,0.1,5.12,0.34,0.5,36
5.96,4.441,3.15,4.1,4.268,2.528,0.22,7.148,0.111,0.5,71
5.83,2.705,8.421,6.107,11.21,6.339,0.298,18.11,0.214,3.0,76
5.6,12.03,68.38,18.7,2.435,0.921,0.353,3.872,0.495,0.5,75
5.81,3.69,1.935,6.202,1.5,0.53,0.12,2.21,0.1,0.5,51
6.72,4.777,61.17,2.662,24.28,12.78,1.542,38.78,0.252,0.5,93
6.09,2.973,9.196,4.957,10.37,2.688,0.709,14.08,0.317,0.5,78
4.38,9.87,7.282,6.418,0.505,0.215,0.137,5.182,0.103,0.5,44
5.51,2.07,4.75,2.917,5.204,2.008,0.228,7.581,0.164,7.5,67
6.12,3.07,8.403,2.26,6.49,1.07,0.5,8.12,0.21,0.5,69
5.96,3.055,2.531,8.41,6.027,2.625,0.432,9.139,0.31,0.5,74
4.5,1.09,1.935,6.16,0.295,0.1,0.045,1.44,0.16,0.5,37
4.97,7.194,35.88,10.39,1.157,0.878,1.14,6.769,0.265,3.0,63
5.98,0.866,4.903,3.412,3.582,1.267,1.152,6.149,0.215,0.5,66
4.9,5.89,3.179,8.991,3.519,2.898,0.764,7.79,0.459,0.5,67
4.92,1.467,0.734,2.236,1.315,0.262,0.045,2.873,0.077,0.5,37
4.6,0.86,6.04,51.28,1.67,0.28,0.12,8.25,0.14,0.5,41
5.23,5.24,4.71,4.96,1.94,0.44,0.11,3.63,0.1,7.5,50
4.48,3.36,9.52,8.93,1.26,0.31,0.12,5.16,0.26,0.5,40
5.36,5.68,7.47,5.7,2.61,0.41,0.14,3.78,0.27,0.5,53
4.46,1.86,0.645,4.52,0.56,0.1,0.045,1.91,0.16,0.5,32
5.61,2.323,2.272,4.045,6.439,1.665,0.045,8.251,0.137,7.5,61
4.809,3.395,13.05,1.864,3.157,1.5,0.223,8.014,0.158,3.0,58
7.38,2.63,62.4,5.44,18.46,8.38,0.46,28.53,1.09,0.5,77
6.34,6.29,4.83,5.97,9.52,4.03,1.44,15.12,0.18,0.5,89
8.09,5.918,103.2,4.318,43.38,0.465,0.287,44.26,0.497,15.0,70
8.33,0.59,26.07,4.56,3.61,1.33,0.23,5.31,0.22,0.5,52
6.32,1.113,1.935,5.463,13.98,3.25,0.203,17.57,0.207,0.5,76
6.3,2.12,2.43,1.4,9.18,5.32,0.18,14.85,0.11,0.5,73
7.72,2.882,174.1,5.955,13.35,2.189,1.729,17.37,0.254,0.5,79
7.96,1.71,77.55,42.56,25.45,4.49,1.76,32.0,1.29,3.0,74
6.35,1.19,15.49,1.45,13.86,0.52,0.14,14.65,0.1,0.5,66
6.6,6.52,147.51,8.78,14.74,3.89,1.56,20.26,0.32,0.5,97
5.87,1.19,6.66,6.87,4.68,1.25,0.42,6.49,0.35,0.5,67
4.69,10.73,3.707,10.29,0.585,0.196,0.099,1.385,0.29,3.0,48
6.23,3.33,11.81,7.54,23.63,13.7,0.95,38.68,0.39,0.5,88
4.71,4.036,145.7,4.718,4.605,0.966,0.579,12.94,0.351,0.5,71
5.23,1.72,3.07,4.67,0.85,0.14,0.045,2.53,0.07,0.5,42
8.38,1.43,28.64,12.73,33.88,3.49,0.61,38.15,0.64,0.5,70
5.96,2.199,7.557,2.365,8.031,2.268,0.177,10.59,0.15,7.5,73
7.59,6.729,182.5,5.168,20.45,1.99,0.806,23.3,0.492,0.5,84
4.92,3.6,1.105,3.949,0.673,0.205,0.045,2.811,0.063,0.5,41
5.78,2.99,12.79,33.18,7.028,1.652,0.366,9.162,0.434,0.5,70
5.26,8.0,75.92,2.84,3.63,0.43,0.26,9.27,0.13,0.5,68
5.16,2.223,12.62,2.928,6.936,2.782,0.133,11.12,0.19,7.5,66
5.8,4.29,4.129,17.0,0.25,0.1,0.156,1.116,0.491,3.0,54
5.01,1.98,1.37,4.02,2.13,1.02,0.19,4.28,0.24,0.5,52
5.66,1.21,39.18,4.45,1.79,0.31,0.14,2.32,0.25,0.5,53
5.27,3.0,76.43,29.71,8.07,2.87,1.28,12.74,0.98,0.5,79
6.5,2.283,19.49,4.811,6.04,1.548,0.633,8.362,0.178,3.0,72
5.9,6.306,15.89,5.666,4.241,0.764,1.382,6.457,0.337,7.5,76
6.54,0.807,90.03,17.27,13.97,2.262,0.197,17.06,0.203,0.5,84
4.33,4.93,8.13,6.13,0.56,0.35,0.19,8.39,0.3,7.5,43
4.22,2.54,7.951,5.478,0.44,0.063,0.15,7.83,0.221,0.5,36
5.17,7.829,4.077,13.43,0.25,0.1,0.045,1.328,0.174,3.0,50
8.54,1.6,31.59,6.75,20.5,8.68,0.7,29.5,0.24,0.5,72
5.17,2.239,1.935,7.051,0.835,0.374,0.045,2.597,0.185,0.5,42
5.95,1.83,57.06,5.86,8.57,2.78,0.2,11.59,0.2,0.5,81
4.72,12.89,91.19,9.647,5.23,1.347,1.085,13.47,0.334,3.0,82
6.25,5.81,8.403,2.39,14.79,1.59,0.1,16.56,0.21,7.5,76
6.45,1.871,35.22,10.57,5.803,2.22,0.281,8.424,0.34,0.5,73
7.0,1.59,46.39,4.61,10.17,2.09,0.12,12.58,0.19,0.5,78
5.39,1.246,16.96,3.712,2.008,0.604,0.045,3.536,0.137,3.0,48
7.79,3.564,160.2,5.676,48.99,2.117,0.578,51.84,1.078,15.0,78
7.91,1.45,23.16,9.37,19.76,8.24,0.55,28.82,0.23,0.5,77
7.62,2.518,76.59,9.374,14.89,3.72,0.224,18.97,0.304,0.5,74
5.82,2.862,6.631,8.128,8.182,1.796,0.309,11.11,0.354,0.5,73
5.29,2.836,1.935,10.08,0.838,0.405,0.045,3.349,0.064,0.5,42
6.44,1.219,26.62,2.04,11.23,6.599,0.272,18.16,0.143,3.0,82
6.77,2.34,0.645,1.83,21.01,10.47,0.13,31.74,0.13,0.5,73
4.62,1.81,4.16,30.26,0.91,0.46,0.93,9.63,0.46,0.5,49
6.1,5.278,32.88,8.427,16.05,2.363,1.327,19.88,0.357,3.0,95
5.05,7.0,36.37,5.855,3.492,0.948,0.708,7.477,0.345,3.0,71
5.05,2.34,1.67,1.41,1.26,0.15,0.045,5.06,0.05,0.5,46
5.46,21.25,4.258,5.295,0.589,0.217,0.139,1.994,0.12,7.5,53
5.17,0.74,0.645,4.16,0.21,0.09,0.045,0.81,0.03,0.5,42
6.3,2.718,310.5,251.7,9.963,2.505,0.48,13.27,2.746,0.5,76
5.34,2.55,6.95,2.07,0.56,0.1,0.16,1.71,0.14,0.5,45
6.08,0.74,30.79,2.54,3.4,0.49,0.1,4.05,0.07,0.5,56
7.28,1.76,4.43,4.36,7.87,1.46,0.15,9.74,0.21,0.5,56
6.53,1.41,4.169,4.191,9.735,8.569,0.446,18.95,0.336,3.0,79
4.95,8.03,44.12,14.13,2.75,0.32,0.46,6.3,0.56,3.0,64
5.53,7.1,8.06,28.81,3.61,0.63,0.24,4.56,0.36,0.5,61
5.86,2.52,20.89,7.07,2.46,1.21,0.74,4.55,0.29,0.5,68
6.14,1.827,5.964,8.996,8.223,3.194,0.203,11.74,0.501,0.5,71
5.16,9.883,4.026,11.47,2.065,0.308,0.14,3.119,0.484,0.5,53
4.64,1.3,1.935,5.12,1.73,0.69,0.12,4.47,0.22,15.0,37
5.55,1.75,21.02,27.07,3.574,0.721,0.39,4.829,0.659,0.5,60
4.74,1.574,7.094,12.82,1.754,0.651,0.206,3.853,0.21,0.5,40
6.01,0.703,4.233,0.841,4.017,1.2,0.045,5.447,0.19,0.5,61
5.41,6.5,6.52,5.36,3.84,0.77,0.54,5.63,0.56,0.5,63
6.83,2.516,49.04,7.041,9.845,1.856,0.371,12.21,0.55,0.5,79
6.46,2.76,3.91,3.33,15.9,0.39,0.16,16.57,0.16,3.0,69
6.95,0.938,18.74,2.462,3.366,0.559,0.045,4.085,0.1,0.5,53
6.64,3.64,17.25,7.21,18.18,13.42,0.62,32.33,0.4,3.0,88
7.49,0.999,87.93,5.345,44.93,7.574,0.57,53.21,0.197,0.5,84
6.09,4.994,15.41,4.706,28.47,1.512,0.296,30.71,0.245,0.5,80
6.61,2.12,14.39,10.56,11.58,6.55,0.48,18.7,0.33,0.5,82
5.34,2.26,1.87,5.73,2.4,0.88,0.3,3.94,0.18,0.5,48
6.45,2.6,35.79,4.87,3.01,0.27,0.21,3.57,0.26,0.5,59
4.86,2.723,3.489,2.561,0.673,0.092,0.045,2.566,0.075,0.5,37
6.82,2.705,29.57,6.107,10.73,2.655,0.691,14.42,0.527,0.5,82
7.18,3.64,32.15,3.73,34.32,3.14,0.27,37.88,0.3,0.5,81
6.8,1.108,13.45,5.283,10.1,3.402,0.192,13.83,0.153,0.5,76
4.91,3.05,12.67,3.955,0.96,0.236,0.045,2.591,0.126,15.0,44
6.97,1.26,15.1,6.202,11.72,8.68,0.17,20.82,0.15,0.5,79
6.2,8.358,14.71,7.673,30.62,6.158,1.631,38.94,0.375,0.5,92
5.53,4.022,74.95,17.69,10.48,1.841,1.163,13.67,0.834,0.5,85
4.71,7.84,3.73,3.9,0.47,0.2,0.09,10.07,0.07,0.5,53
4.82,2.89,1.935,2.7,0.295,0.1,0.12,4.69,0.12,7.5,37
4.059,1.834,4.227,115.6,2.335,1.157,1.342,6.668,2.27,0.5,43
4.63,3.5,14.43,25.39,8.78,2.13,0.33,12.18,2.09,0.5,65
6.32,1.5,19.22,3.51,2.93,0.59,0.11,3.71,0.12,0.5,53
5.5,2.01,4.36,17.54,13.12,6.95,0.23,20.51,0.33,0.5,76
5.13,10.98,5.604,7.616,0.667,0.236,0.155,3.415,0.18,0.5,56
6.58,4.02,8.403,2.71,18.4,1.14,0.2,19.85,0.24,0.5,75
5.4,1.119,13.88,2.133,1.848,0.671,0.045,2.983,0.175,0.5,45
6.49,2.83,13.28,5.68,6.24,2.21,0.12,8.7,0.2,0.5,67
5.95,2.74,5.09,4.55,12.59,12.4,0.65,25.91,0.21,0.5,81
4.54,2.06,5.69,9.69,0.88,0.23,0.045,3.46,0.25,0.5,37
6.92,3.86,19.3,19.74,10.88,1.05,0.38,12.4,0.13,0.5,80
4.23,2.599,1.935,10.99,1.511,0.579,0.045,4.133,0.543,3.0,30
5.58,6.62,30.33,14.51,6.95,2.9,0.97,11.01,0.48,3.0,90
5.05,2.391,1.935,2.048,0.736,0.184,0.045,1.452,0.116,0.5,42
4.76,1.73,1.935,2.26,0.295,0.1,0.045,2.56,0.05,0.5,37
5.39,1.28,1.54,3.25,0.53,0.26,0.045,1.59,0.06,0.5,42
5.15,8.879,60.25,6.975,1.547,0.421,0.265,4.0,0.195,3.0,61
5.48,17.08,90.18,6.202,5.27,0.74,0.5,7.78,0.31,7.5,77
5.99,3.6,19.8,5.8,10.12,1.91,0.24,12.36,0.19,0.5,77
4.849,2.001,2.672,2.621,0.168,0.061,0.045,0.723,0.073,0.5,37
5.49,4.524,5.769,7.86,12.83,3.618,0.556,17.09,0.156,0.5,80
6.25,2.687,1.935,3.879,8.542,1.847,0.347,10.87,0.162,0.5,73
4.12,2.19,2.72,3.45,0.47,0.18,0.045,4.06,0.36,0.5,32
8.02,5.582,7.931,7.651,40.54,1.113,0.184,41.94,0.963,15.0,64
5.44,5.48,10.11,4.52,3.66,0.87,0.58,6.6,0.23,0.5,68
6.94,1.017,1.935,6.888,5.841,3.178,0.494,9.613,0.172,0.5,70
6.56,4.013,52.35,11.87,28.14,2.754,0.396,31.43,0.59,0.5,89
5.03,1.59,19.71,3.7,0.818,1.064,0.235,2.895,0.111,0.5,52
4.19,8.057,2.17,15.38,0.692,0.316,0.239,6.67,0.962,0.5,45
5.17,1.9,12.01,21.74,4.8,1.32,0.22,7.07,0.27,7.5,62
4.53,5.83,2.57,16.27,0.97,0.4,0.2,9.1,0.2,0.5,52
5.76,3.145,10.22,8.693,5.852,2.389,0.135,8.55,0.163,7.5,71
6.47,3.104,11.66,38.25,8.835,6.784,0.524,16.35,0.651,7.5,86
5.38,8.14,8.3,9.27,2.79,0.5,0.18,4.1,0.55,0.5,54
6.28,0.81,8.049,1.71,2.415,0.785,0.148,3.461,0.093,0.5,50
4.62,1.48,1.935,4.28,0.56,0.36,0.14,7.4,0.14,15.0,41
5.01,3.02,1.935,22.67,0.65,0.1,0.28,3.33,0.18,0.5,49
4.24,1.38,1.935,10.51,0.56,0.31,0.18,9.08,0.18,15.0,39
5.16,2.183,1.898,2.102,0.611,0.339,0.045,1.482,0.032,0.5,42
5.5,2.72,3.65,6.43,4.88,1.21,0.55,6.68,0.58,0.5,67
4.87,19.45,104.9,11.29,1.332,0.545,0.836,6.913,0.217,7.5,68
5.64,8.053,5.157,6.342,6.514,3.207,0.822,10.66,0.313,0.5,84
5.13,6.984,6.083,4.583,1.52,0.69,0.42,5.458,0.206,15.0,60
7.33,0.67,16.09,8.61,10.62,3.54,0.48,14.79,0.26,7.5,74
7.68,2.152,208.8,3.688,10.7,0.812,0.367,11.9,0.28,0.5,67
4.22,3.151,4.491,11.58,0.895,0.223,0.103,8.905,0.188,0.5,40
5.94,1.09,51.77,6.202,4.54,0.55,0.17,5.32,0.69,0.5,66
7.4,1.709,192.5,14.37,16.64,2.114,0.608,19.6,0.507,0.5,82
4.05,2.905,1.344,3.801,0.18,0.154,0.045,1.735,0.163,0.5,32
4.29,6.67,1.935,6.15,0.56,0.2,0.11,6.66,0.51,15.0,42
8.46,1.11,1.935,37.71,48.0,0.673,0.103,49.09,1.459,15.0,46
7.3,1.578,26.81,13.15,7.712,2.343,0.16,10.29,0.373,0.5,72
5.94,1.9,14.63,8.33,3.05,1.92,0.41,5.59,0.24,0.5,67
4.639,1.784,0.556,2.177,0.193,0.082,0.045,2.776,0.027,0.5,37
5.96,20.47,3.837,1.15,5.659,1.292,0.197,7.249,0.101,0.5,75
5.32,6.995,3.763,20.29,2.177,0.944,0.658,4.553,0.168,3.0,61
4.62,5.02,7.33,13.14,0.569,0.1,0.22,6.411,0.148,3.0,52
5.41,3.716,7.76,9.542,4.642,0.925,0.652,6.39,0.363,0.5,64
4.59,3.441,2.992,3.294,0.423,0.331,0.201,8.417,0.194,7.5,48
4.99,1.31,11.01,3.18,2.61,0.72,0.11,4.78,0.24,0.5,43
4.74,3.53,7.702,6.678,1.604,0.321,0.153,4.875,0.179,0.5,44
5.81,1.725,21.8,3.638,5.749,1.028,0.045,6.938,0.201,15.0,67
5.059,1.762,12.22,7.83,1.042,0.287,0.045,2.32,0.151,0.5,45
5.27,1.4,9.9,8.9,8.45,2.74,0.23,14.48,0.1,3.0,68
6.21,2.101,96.13,2.515,8.087,1.233,0.297,9.716,0.194,0.5,74
4.88,3.23,2.069,3.051,0.318,0.123,0.045,1.716,0.035,0.5,41
6.21,0.651,23.3,2.439,14.3,5.767,0.416,20.56,0.209,3.0,85
6.51,1.772,1.935,5.17,19.42,6.545,0.237,26.56,0.203,0.5,76
8.16,3.76,76.26,4.13,20.15,5.31,0.6,26.55,0.36,0.5,78
8.42,0.85,14.94,12.33,33.87,5.0,0.29,39.4,0.68,0.5,62
4.74,1.83,1.935,15.55,1.83,0.77,0.26,9.34,0.12,0.5,44
5.82,3.602,3.968,6.627,5.837,2.286,0.152,8.376,0.174,0.5,71
5.18,4.67,1.29,9.38,9.29,4.45,0.11,15.7,0.18,3.0,72
5.23,1.17,1.935,1.06,1.32,0.73,0.2,6.49,0.06,0.5,49
4.66,4.52,43.46,6.44,7.03,1.25,0.54,17.17,0.39,3.0,78
7.36,0.861,1.935,3.439,7.582,2.053,0.187,9.963,0.166,15.0,62
5.54,4.849,24.31,6.808,5.604,2.911,2.102,10.8,1.337,15.0,81
5.14,0.37,7.01,2.37,0.295,0.1,0.045,2.37,0.04,0.5,42
5.84,1.52,4.27,3.88,4.75,1.46,0.1,6.44,0.46,15.0,61
5.64,1.05,6.66,6.6,2.19,0.46,0.045,2.74,0.08,0.5,50
4.5,2.78,1.935,19.3,0.56,0.22,0.045,2.03,0.21,3.0,37
5.01,4.007,1.935,3.359,0.25,0.1,0.045,4.506,0.069,0.5,46
6.32,10.6,54.51,12.13,14.0,2.0,0.82,17.0,5.08,15.0,89
5.97,1.73,13.71,2.69,8.27,3.28,0.24,11.98,0.15,0.5,76
4.63,1.739,1.935,13.46,1.212,0.647,0.094,3.865,0.256,0.5,37
5.27,3.31,6.55,8.2,2.01,1.09,0.17,3.86,0.19,0.5,56
4.05,1.282,4.445,2.837,1.58,0.395,0.045,10.08,0.215,7.5,40
5.72,1.189,27.52,13.82,3.88,0.813,0.13,4.981,0.815,0.5,54
7.24,3.72,14.95,4.869,18.26,4.368,1.109,24.06,0.312,0.5,83
6.3,1.808,6.53,2.513,14.78,4.333,0.281,19.53,0.168,0.5,76
5.95,5.336,7.114,7.036,5.803,1.603,0.336,7.775,0.343,0.5,75
5.58,5.52,9.37,6.48,7.83,3.5,0.4,11.82,0.29,0.5,82
4.65,2.647,55.5,18.7,14.07,1.851,2.197,23.64,0.302,0.5,76
5.56,2.625,5.251,2.08,1.438,0.693,0.045,2.291,0.258,3.0,47
7.67,1.81,65.06,143.76,12.51,2.77,0.69,16.67,1.76,0.5,74
5.2,12.76,1.935,2.86,1.31,0.36,0.21,3.04,0.3,3.0,56
6.29,11.54,14.06,12.32,17.52,2.713,1.632,21.92,0.739,0.5,93
5.67,4.975,17.8,2.567,1.686,0.182,0.099,2.067,0.143,0.5,54
4.019,3.982,303.0,4.666,0.617,0.164,0.185,3.297,0.196,0.5,47
5.16,21.89,21.67,9.91,4.199,1.102,0.662,9.171,0.594,0.5,79
5.53,1.653,6.589,5.467,1.865,0.455,0.045,3.295,0.129,0.5,47
8.39,0.26,9.96,126.37,6.38,6.36,0.78,20.58,10.35,0.5,56
5.49,1.147,2.189,3.17,1.064,0.186,0.045,1.494,0.057,0.5,42
6.9,1.4,8.403,41.3,7.1,2.12,0.5,9.91,0.82,0.5,66
4.47,7.309,10.07,4.638,6.749,1.431,0.543,12.42,0.218,0.5,69
5.11,2.613,7.946,29.42,6.477,1.973,0.121,9.575,0.146,15.0,56
5.24,25.29,32.28,106.05,8.78,3.6,0.71,14.96,1.27,3.0,85
4.98,4.226,3.864,3.335,1.204,0.884,0.204,3.186,0.148,0.5,44
5.1,1.12,1.935,2.36,8.55,5.72,0.24,18.07,0.14,15.0,71
4.58,22.84,10.53,30.12,1.962,0.848,0.874,7.869,1.779,0.5,58
5.41,2.599,10.09,7.281,8.989,1.481,0.238,10.9,0.624,0.5,66
5.3,5.318,1.925,7.985,1.123,1.418,0.096,3.348,0.095,3.0,54
6.39,2.48,1.935,5.67,30.81,10.45,0.3,41.66,0.19,7.5,76
5.12,23.42,61.94,5.524,2.433,0.459,0.549,6.71,0.282,3.0,76
4.56,1.39,1.935,3.88,0.295,0.1,0.1,2.36,0.13,0.5,37
5.85,7.103,1.935,4.725,1.13,0.311,0.335,1.877,0.231,0.5,61
5.85,3.89,5.79,26.71,6.14,3.145,0.214,9.581,0.393,0.5,71
5.51,3.62,47.26,3.24,5.32,1.24,0.15,6.91,0.21,0.5,73
5.8,4.52,4.68,3.52,3.85,1.41,0.23,5.73,0.15,0.5,65
4.88,4.14,13.85,6.87,1.25,0.24,0.13,6.02,0.15,0.5,48
5.82,3.78,0.645,14.9,10.89,10.32,0.09,21.39,0.14,3.0,77
5.27,2.16,40.77,16.68,3.12,1.26,0.24,4.92,0.31,0.5,60
5.64,2.93,12.06,12.2,4.28,1.82,0.59,6.87,0.28,0.5,72
5.11,1.86,13.64,5.96,1.32,0.51,0.12,4.74,0.11,7.5,45
5.28,20.45,19.79,12.96,1.279,0.514,0.537,4.445,0.258,15.0,64
6.83,2.07,6.97,2.71,5.41,2.77,0.39,8.65,0.2,0.5,70
4.72,1.91,115.0,7.55,1.41,0.25,0.13,3.37,0.24,0.5,45
5.53,6.52,1.935,12.23,10.17,2.89,0.76,13.89,0.38,3.0,86
4.86,8.392,10.53,27.66,0.719,0.256,0.127,2.722,0.291,7.5,48
5.39,4.02,2.18,6.69,3.8,1.8,0.15,6.23,0.17,0.5,57
5.07,18.38,7.68,11.58,4.022,1.216,0.265,6.32,0.349,7.5,70
5.09,1.328,4.085,2.837,4.97,1.892,0.122,8.666,0.108,3.0,56
5.67,1.041,1.935,1.605,0.932,0.301,0.045,1.688,0.075,0.5,47
6.58,3.41,4.95,3.68,6.7,2.34,0.29,9.38,0.26,15.0,71
4.61,2.076,1.935,9.767,1.22,0.498,0.202,3.799,0.271,0.5,40
7.81,2.28,8.403,76.91,10.36,2.81,7.94,21.34,2.71,0.5,61
5.91,2.119,4.698,2.702,6.739,1.408,0.211,8.44,0.179,3.0,64
8.07,11.83,2251.0,50.43,38.57,10.49,8.539,58.86,8.801,0.5,77
7.46,1.404,28.16,6.216,26.76,4.275,0.393,31.63,0.208,0.5,80
8.08,0.95,35.12,166.47,26.22,3.66,0.36,32.45,2.71,0.5,62
5.12,5.45,23.8,48.04,4.29,1.13,0.31,7.56,0.53,0.5,74
6.07,2.687,6.591,4.483,7.088,2.148,0.181,9.472,0.199,0.5,67
5.52,17.15,11.22,4.071,0.685,0.475,1.657,2.845,0.224,7.5,69
5.17,7.916,25.22,9.494,5.374,1.1,0.168,7.423,0.373,0.5,73
5.53,1.78,5.4,2.74,11.52,3.5,0.25,15.33,0.11,0.5,76
5.71,3.12,7.27,4.93,5.279,2.097,0.163,7.588,0.103,3.0,71
4.139,2.918,1.935,14.75,0.25,0.255,0.11,4.712,0.447,0.5,32
6.24,6.279,1068.0,38.26,20.11,2.71,1.647,24.98,1.331,0.5,92
4.78,3.62,12.88,8.52,5.63,0.83,0.23,9.45,0.6,0.5,55
7.17,4.298,153.0,4.432,8.498,4.05,0.501,13.15,0.45,3.0,85
5.49,14.26,6.81,16.75,3.63,1.12,0.29,6.58,0.51,0.5,65
6.03,2.34,3.98,4.61,3.21,1.44,0.94,5.69,0.17,0.5,66
5.74,14.42,14.53,13.26,1.805,0.626,0.227,2.98,0.275,3.0,64
7.38,1.302,12.39,12.18,9.346,4.915,0.238,14.79,0.301,7.5,71
5.07,1.592,49.67,16.0,5.793,0.521,0.35,8.451,0.18,0.5,66
5.0,3.02,1.38,4.82,0.99,0.02,0.045,2.94,0.11,0.5,46
4.92,8.83,6.97,5.08,0.94,0.28,0.27,2.82,0.48,0.5,48
5.72,4.45,101.0,4.898,3.12,0.262,0.572,4.095,0.199,0.5,70
6.06,5.728,10.63,6.911,9.921,2.713,0.921,13.62,0.457,0.5,89
5.02,4.31,116.7,9.71,5.99,1.32,0.6,8.63,0.79,0.5,74
7.85,2.16,6.02,3.76,24.77,1.57,0.19,26.6,0.26,0.5,63
4.92,3.21,0.645,7.9,0.58,0.27,0.045,2.73,0.21,0.5,41
4.84,10.94,9.821,3.69,7.048,1.735,0.426,13.9,0.176,0.5,72
4.79,4.0,6.09,6.93,4.9,0.79,0.21,8.26,0.27,0.5,54
8.14,1.513,44.89,15.09,26.26,1.634,0.13,28.2,0.826,7.5,61
7.16,1.201,3.754,9.894,10.08,4.438,0.268,14.97,0.2,0.5,68
6.18,11.73,17.57,11.34,9.584,1.741,0.045,11.74,0.31,15.0,81
7.33,3.33,8.403,6.202,15.73,0.74,0.22,16.76,0.223,0.5,56
7.36,2.09,4.25,8.55,12.72,1.89,0.12,14.77,0.22,7.5,62
5.97,2.34,12.17,9.18,6.81,3.19,0.21,10.27,0.21,0.5,74
4.32,1.328,2.546,18.96,0.461,0.38,0.147,4.068,0.095,0.5,32
5.09,5.848,41.55,4.672,1.668,0.39,0.155,3.561,0.187,0.5,61
4.519,8.796,5.232,10.27,0.631,0.295,0.387,8.293,0.234,0.5,55
7.9,3.84,26.58,10.86,46.5,1.79,0.44,48.91,0.59,0.5,74
5.17,1.43,1.935,6.202,1.23,0.2,0.045,2.73,0.06,0.5,42
4.67,2.36,2.86,29.94,1.37,0.29,0.045,5.61,0.15,0.5,41
5.55,9.22,83.46,12.22,7.38,2.56,2.07,12.1,0.42,3.0,92
5.41,12.77,5.03,4.35,2.33,0.46,0.35,3.89,0.2,7.5,62
5.59,2.098,63.6,4.008,9.033,4.572,0.283,13.92,0.186,0.5,81
5.2,5.57,6.81,7.09,1.61,0.62,0.19,4.46,0.17,0.5,53
4.86,2.47,24.01,11.15,1.94,0.71,0.21,5.46,0.19,0.5,50
4.41,3.8,1.935,20.34,0.69,0.21,0.43,4.68,0.9,0.5,40
6.4,4.34,3.4,2.91,9.51,3.39,0.21,13.22,0.2,0.5,77
5.45,1.38,31.4,4.14,2.85,0.37,0.045,4.54,0.11,0.5,51
7.48,1.812,8.419,6.636,41.94,5.862,0.304,48.49,0.778,0.5,72
7.58,4.609,374.3,6.321,12.91,4.317,0.275,17.55,0.436,0.5,78
5.84,7.53,24.48,9.84,6.09,1.67,0.45,8.28,0.37,3.0,81
6.51,2.718,13.87,8.649,15.16,4.811,0.393,20.43,0.568,0.5,80
5.45,1.45,4.63,9.84,4.71,1.45,0.35,6.88,0.19,3.0,62
6.02,0.72,24.93,5.74,2.67,0.69,0.045,3.52,0.12,3.0,56
5.38,5.31,1.42,7.1,4.64,1.25,0.26,6.44,0.29,0.5,67
5.49,12.17,277.9,6.093,4.717,1.11,0.576,6.441,0.253,0.5,83
4.96,1.5,14.59,13.89,2.66,0.42,0.28,3.69,0.51,0.5,44
4.49,1.818,31.65,17.75,1.921,0.494,0.159,9.31,0.209,7.5,45
5.0,3.95,1.51,9.01,5.57,4.2,0.23,10.52,0.44,7.5,70
8.27,3.17,106.12,5.03,17.94,4.86,0.57,23.8,0.39,0.5,78
4.56,2.65,1.88,5.91,0.63,0.3,0.24,8.19,0.16,0.5,44
5.66,2.664,3.29,4.866,4.792,1.912,0.144,7.027,0.255,3.0,61
4.88,1.84,1.55,4.13,0.73,0.21,0.045,2.48,0.14,0.5,37
5.24,1.81,25.35,13.15,6.59,1.7,0.28,9.1,0.24,0.5,65
6.12,5.951,9.843,3.271,11.6,3.515,0.454,15.6,0.169,0.5,87
4.73,2.546,8.211,3.018,1.281,0.1,0.118,11.05,0.084,0.5,45
5.57,4.48,3.66,11.68,7.91,1.15,0.15,9.28,0.23,0.5,65
6.73,2.126,13.91,3.166,10.89,6.106,0.128,17.22,0.959,0.5,74
5.54,3.102,4.793,5.18,4.118,4.564,0.147,8.965,0.131,0.5,68
6.1,3.604,6.746,3.333,4.764,1.815,0.045,6.74,0.335,0.5,65
5.49,5.9,8.97,2.5,2.07,0.38,0.13,3.39,0.15,3.0,53
5.23,21.18,64.98,5.609,3.047,0.589,1.168,9.452,0.329,0.5,76
4.6,1.45,32.88,5.35,0.03,0.1,0.045,1.18,0.16,0.5,43
6.14,1.64,4.03,3.63,11.43,4.08,0.12,15.69,0.21,0.5,73
5.23,0.933,1.935,1.676,0.25,0.1,0.045,1.761,0.088,3.0,42
5.66,7.05,5.71,6.202,8.8,0.37,0.21,9.47,0.4,0.5,70
5.22,1.91,1.935,3.59,0.72,0.32,0.19,4.87,0.04,15.0,45
7.24,3.17,45.85,1.8,10.4,3.85,0.79,15.11,0.38,0.5,88
4.82,2.467,40.02,4.501,0.886,0.123,0.045,2.726,0.147,0.5,45
6.31,1.979,1.935,5.276,7.525,2.542,0.451,10.66,0.203,7.5,74
5.36,0.81,1.34,9.95,0.67,0.3,0.17,4.17,0.04,0.5,45
5.4,5.2,38.79,28.38,7.687,1.038,0.313,9.934,0.298,3.0,76
7.92,0.796,4.148,274.4,76.61,0.425,0.104,77.63,8.63,15.0,48
5.3,3.5,8.403,8.07,6.78,0.98,0.2,8.43,0.32,0.5,57
7.86,1.97,8.58,8.8,24.87,3.1,0.28,28.53,0.43,0.5,66
6.67,2.771,3.575,3.874,22.45,11.05,1.819,35.41,0.298,0.5,81
6.08,2.79,7.62,8.74,9.68,2.44,0.51,12.77,0.33,0.5,78
5.9,5.457,3.547,4.327,9.959,2.837,0.54,13.39,0.131,7.5,86
4.65,1.79,1.62,2.85,0.31,0.1,0.045,1.32,0.23,0.5,37
6.16,0.801,4.362,2.837,5.165,1.336,0.045,6.67,0.06,0.5,61
5.52,8.035,53.07,10.94,6.005,1.766,0.995,8.867,0.387,0.5,85
4.84,5.434,8.478,7.419,1.278,0.685,0.181,5.252,0.101,0.5,52
4.97,2.43,42.26,4.901,2.108,0.476,0.115,4.19,0.161,0.5,48
5.71,12.14,9.89,32.67,4.35,0.93,3.22,8.63,0.52,0.5,74
4.69,6.84,4.22,9.76,0.55,0.23,0.14,6.96,0.23,0.5,49
5.76,4.07,98.62,15.62,5.92,1.35,1.52,8.94,0.38,0.5,81
4.72,1.595,20.39,8.693,2.069,0.559,0.045,5.418,0.128,15.0,50
6.02,2.59,41.1,9.89,7.7,1.64,0.27,9.73,0.22,3.0,72
5.27,2.07,22.28,40.33,5.98,1.23,0.15,7.93,0.3,0.5,62
5.95,2.26,3.43,2.63,4.34,1.74,0.24,6.44,0.18,7.5,64
4.49,1.9,3.57,4.67,0.67,0.21,0.045,2.49,0.25,0.5,32
8.24,1.05,28.45,105.65,27.3,2.99,0.32,32.22,1.82,0.5,65
5.76,2.45,1.81,3.91,12.12,4.86,0.21,17.33,0.33,0.5,76
5.5,6.71,12.98,9.06,4.6,0.59,0.16,5.41,0.44,0.5,71
5.63,4.64,23.09,8.09,6.79,1.48,0.32,8.85,0.22,0.5,77
6.48,1.031,6.212,4.306,6.266,3.875,0.295,10.57,0.237,3.0,71
4.9,2.265,5.854,6.842,2.553,0.727,0.27,6.237,0.171,7.5,47
4.96,2.049,27.29,6.362,5.843,0.987,0.15,7.475,0.539,0.5,51
5.51,2.105,60.86,614.3,18.6,5.181,0.156,25.97,2.541,0.5,76
5.14,17.89,40.33,3.12,3.36,1.36,0.88,7.96,0.54,0.5,78
4.53,1.839,9.766,13.4,0.866,0.333,0.246,5.447,0.296,0.5,44
6.02,2.491,1.935,4.792,7.6,3.025,0.398,11.22,0.166,3.0,74
6.4,2.194,31.37,1.189,4.605,1.478,0.268,6.395,0.078,7.5,70
5.01,1.83,1.88,2.62,0.87,0.27,0.09,3.85,0.11,0.5,42
5.019,6.511,1.935,1.822,1.609,0.455,0.184,6.196,0.121,0.5,57
6.66,3.824,13.31,2.837,9.151,1.177,0.562,11.26,0.327,0.5,82
4.32,3.31,2.39,15.57,0.34,0.14,0.1,5.32,0.25,0.5,40
6.64,2.86,44.24,7.76,10.34,2.49,0.43,13.37,0.23,0.5,84
8.01,1.16,21.02,12.68,12.75,2.838,0.259,16.0,0.506,0.5,65
4.28,17.92,1.33,235.0,6.482,1.898,0.671,12.5,0.718,7.5,67
5.86,1.36,45.95,2.54,4.94,1.11,0.11,6.24,0.11,0.5,69
5.08,17.61,25.27,7.166,0.791,0.303,0.436,5.719,0.278,0.5,69
6.82,0.27,19.82,3.77,5.94,1.81,0.19,8.13,0.34,0.5,67
7.61,1.53,9.68,16.05,24.96,4.03,0.59,30.12,0.36,0.5,71
4.26,5.686,4.318,4.534,0.521,0.194,0.151,3.691,0.313,0.5,43
5.11,13.73,1.935,13.6,0.25,0.1,0.144,1.881,0.211,7.5,53
5.05,4.151,7.775,29.61,2.177,0.66,0.259,12.06,0.408,0.5,60
5.0,6.86,6.47,9.16,1.29,0.53,0.24,4.45,0.14,3.0,53
7.75,0.509,38.39,2.399,18.13,2.135,0.12,21.19,0.202,0.5,69
6.72,0.431,24.29,3.619,3.842,0.497,0.147,4.633,0.21,3.0,56
5.68,3.789,6.573,3.074,2.081,0.687,0.391,3.294,0.139,3.0,60
4.79,15.14,8.665,11.37,0.955,0.139,0.231,2.798,0.413,0.5,51
5.65,14.39,52.31,6.85,6.45,0.73,0.21,7.48,0.22,15.0,79
4.55,8.679,43.09,13.25,1.647,0.298,0.108,5.62,0.232,15.0,57
4.92,1.838,4.942,44.08,1.885,0.368,0.218,4.069,0.257,0.5,40
5.68,5.55,5.62,10.83,8.82,2.72,0.42,12.02,0.49,0.5,84
5.019,3.884,3.769,3.022,1.819,0.254,0.101,5.709,0.098,0.5,50
5.37,4.096,1.935,59.7,8.74,4.11,0.203,15.94,0.528,0.5,73
5.38,1.07,55.25,3.15,2.08,0.73,0.1,3.19,0.2,0.5,53
6.51,1.855,80.21,6.908,6.827,1.294,0.397,8.619,0.312,0.5,75
4.98,10.98,4.29,5.16,3.28,0.77,0.22,5.88,0.21,0.5,58
5.62,4.618,171.2,10.6,7.688,1.445,1.716,11.96,0.936,0.5,83
6.52,2.21,6.653,1.24,19.64,8.02,0.74,28.65,0.142,7.5,81
6.2,1.26,12.72,9.758,4.739,1.211,0.146,6.255,0.12,0.5,64
4.34,3.139,5.565,6.081,1.191,0.852,0.136,5.563,0.285,0.5,40
5.89,1.4,14.83,9.04,5.33,1.93,0.11,7.42,0.31,0.5,64
5.16,2.405,2.007,7.049,0.804,0.205,0.045,2.306,0.195,0.5,42
5.56,6.94,43.05,24.24,3.66,0.48,0.7,4.98,0.39,0.5,74
7.35,3.704,70.75,4.195,33.86,1.402,0.144,35.54,0.627,0.5,75
6.14,2.217,25.52,2.844,10.84,5.088,0.412,16.47,0.762,0.5,83
5.6,4.387,30.96,5.373,4.473,1.055,0.392,6.068,0.218,15.0,77
6.06,6.406,16.87,13.85,3.296,0.633,0.177,4.409,0.623,0.5,62
5.45,3.201,2.271,8.712,8.087,5.982,0.134,14.24,0.164,15.0,69
4.98,6.569,22.04,4.808,3.68,0.982,0.301,6.489,0.209,0.5,64
4.79,3.147,2.083,4.531,1.647,0.801,0.131,4.211,0.118,3.0,41
6.46,2.34,12.53,4.71,15.61,7.66,0.45,23.82,0.1,3.0,82
7.05,4.024,593.1,17.48,10.37,2.898,2.112,15.49,0.681,3.0,86
5.88,2.95,4.91,3.56,9.03,2.82,0.43,12.36,0.27,0.5,76
4.43,1.78,3.61,6.202,1.67,0.23,0.27,5.02,0.223,0.5,29
6.86,2.67,3.11,4.12,15.69,9.05,0.62,25.56,0.17,0.5,81
5.39,2.191,4.936,3.175,6.101,9.11,0.292,16.37,0.258,0.5,69
8.1,1.857,29.34,11.69,8.124,1.85,0.444,10.49,0.292,0.5,64
4.81,1.81,4.38,2.83,1.21,0.18,0.045,3.45,0.21,0.5,37
4.73,1.74,4.54,9.14,1.06,0.65,0.15,7.34,0.16,7.5,41
4.96,3.012,1.935,5.097,1.188,0.326,0.141,4.652,0.114,0.5,41
6.9,2.17,418.2,14.81,10.29,1.34,0.77,12.48,0.42,15.0,83
6.18,16.32,46.46,11.33,5.357,2.179,0.772,8.738,0.482,0.5,91
8.25,3.451,53.1,11.25,30.96,2.63,1.076,34.9,0.908,0.5,76
6.38,2.627,6.463,6.673,18.53,2.827,0.672,22.1,0.368,0.5,81
5.37,3.955,14.25,4.706,9.967,1.479,0.327,12.72,0.209,0.5,75
6.13,2.089,2.933,4.385,12.09,14.84,0.285,28.54,0.331,0.5,76
5.62,2.68,6.988,5.323,2.988,0.709,0.045,3.817,0.103,0.5,50
5.18,22.45,13.3,3.965,1.012,0.395,0.305,5.063,0.231,3.0,66
5.37,6.736,20.16,6.2,3.226,1.192,0.64,5.247,0.253,15.0,75
6.22,1.67,13.44,7.86,8.47,4.13,0.36,13.08,0.14,0.5,79
5.61,1.649,12.9,6.029,7.076,0.39,0.045,7.627,0.12,0.5,60
4.56,3.98,3.15,14.45,4.96,0.67,0.19,9.44,0.41,3.0,54
4.29,7.199,237.4,64.3,5.517,0.789,1.098,10.02,4.505,3.0,62
5.26,1.88,125.47,5.63,0.73,0.2,0.045,2.83,0.08,0.5,50
5.67,6.79,33.83,11.71,8.03,1.32,1.27,10.64,0.27,0.5,89
4.89,1.28,2.74,4.13,3.61,1.38,0.11,11.2,0.16,7.5,52
7.24,0.81,1.935,8.79,1.92,0.91,0.045,3.44,0.25,0.5,42
5.08,2.48,5.77,6.202,2.5,0.88,0.17,4.62,0.223,0.5,38
5.31,13.29,14.22,7.875,5.912,1.279,0.523,8.444,0.514,0.5,76
4.66,1.51,1.935,27.03,0.295,0.1,0.045,2.6,0.09,3.0,37
4.7,5.394,11.61,12.67,0.25,0.265,0.102,5.117,0.19,0.5,52
6.0,7.38,9.25,3.47,4.73,1.77,1.02,7.6,0.2,0.5,77
4.4,1.52,1.31,7.47,0.35,0.15,0.1,5.57,0.12,0.5,36
5.37,1.6,1.935,1.54,0.295,0.1,0.045,1.02,0.05,0.5,42
5.92,7.46,91.05,7.29,5.99,0.65,0.16,6.86,0.23,0.5,76
7.55,1.08,21.62,1.77,13.42,12.51,0.26,26.54,0.27,0.5,72
5.82,1.87,16.62,12.47,5.87,1.86,0.4,8.21,0.22,15.0,70
9.98,0.66,8.48,13.35,11.5,2.72,0.24,20.28,1.8,0.5,56
5.64,1.46,1.935,0.82,2.49,1.5,0.24,4.31,0.09,15.0,57
6.26,1.02,8.403,3.04,8.48,10.56,0.19,19.52,0.1,0.5,74
5.31,18.54,32.95,14.5,2.315,0.647,0.96,5.715,0.306,0.5,74
7.81,2.24,5.62,5.65,14.22,9.66,0.2,24.43,0.24,0.5,66
5.77,15.69,10.41,7.576,12.17,1.404,0.189,13.84,0.405,0.5,84
4.73,2.428,10.84,12.16,0.984,0.364,0.264,4.356,0.195,0.5,43
6.0,1.577,1.869,4.278,9.402,2.08,0.045,11.91,0.242,0.5,70
5.46,7.636,303.8,5.1,5.929,0.751,0.273,7.33,0.401,7.5,71
6.56,5.901,23.4,16.01,13.96,2.614,0.674,17.35,0.429,0.5,95
8.3,1.16,33.58,159.09,37.45,7.36,0.48,51.91,11.12,0.5,62
4.42,2.72,38.93,5.49,4.18,0.95,0.19,8.86,1.34,0.5,46
6.33,2.3,6.81,3.71,5.5,2.64,1.17,9.33,0.15,3.0,72
5.32,4.679,5.352,12.91,3.563,3.81,0.46,9.391,0.118,3.0,66
5.55,5.087,186.1,23.39,9.172,0.887,0.957,11.16,0.616,0.5,85
5.13,1.675,1.935,3.41,1.51,0.411,0.09,2.69,0.163,0.5,42
5.29,15.84,17.17,75.67,6.177,0.606,0.444,7.604,1.944,0.5,67
5.31,2.405,3.255,2.407,0.67,0.407,0.349,2.182,0.124,0.5,48
5.44,2.488,1.935,1.605,5.55,1.728,0.113,7.72,0.193,0.5,56
4.96,3.368,3.661,8.791,3.33,2.735,0.132,9.042,0.22,0.5,55
6.39,1.657,36.14,6.388,4.343,0.873,0.256,5.592,0.527,0.5,64
5.19,4.1,7.71,21.94,6.19,0.98,0.3,8.17,0.29,3.0,59
4.62,1.732,7.597,9.577,1.135,0.572,0.152,3.276,0.117,0.5,40
5.78,1.07,8.403,8.35,5.42,8.76,0.63,15.08,0.1,0.5,77
5.9,6.21,7.26,3.23,2.53,0.51,0.15,3.28,0.08,0.5,58
5.25,7.78,181.65,20.21,6.39,1.02,0.66,8.9,0.48,0.5,80
6.77,3.357,30.94,23.91,15.42,4.98,0.828,21.57,0.892,0.5,89
7.2,1.33,1.935,3.82,15.89,6.98,0.33,23.42,0.32,0.5,74
6.89,3.64,62.18,3.23,14.09,2.05,0.48,16.67,0.29,0.5,91
5.34,7.067,29.77,3.17,2.108,0.675,0.315,4.767,0.201,0.5,65
5.6,15.02,3.913,5.314,3.798,1.024,0.656,5.937,0.372,7.5,77
5.05,1.755,0.862,2.418,0.18,0.051,0.045,0.739,0.037,0.5,42
5.02,3.9,33.57,9.27,1.84,0.95,0.55,5.16,0.2,0.5,64
7.48,2.83,81.93,10.54,11.35,1.49,0.17,13.17,0.29,0.5,73
5.36,8.106,2.502,9.317,4.642,2.22,0.278,7.748,0.148,0.5,70
5.37,1.437,20.34,12.28,2.22,1.313,0.258,4.412,0.212,0.5,58
5.2,8.77,18.83,12.19,1.937,0.465,0.68,4.039,0.343,0.5,61
4.8,2.07,27.48,16.58,1.02,0.03,0.045,1.64,0.67,0.5,41
6.88,2.77,11.17,9.76,23.1,2.81,0.42,26.41,0.86,0.5,80
5.35,0.925,22.52,2.795,0.522,0.195,0.045,1.486,0.104,0.5,48
5.08,2.74,19.58,4.52,1.94,0.6,0.46,3.98,0.27,0.5,51
5.16,1.22,8.73,2.46,2.75,1.77,0.19,6.72,0.1,3.0,56
5.15,3.012,8.376,17.55,1.594,0.517,0.297,3.613,0.208,0.5,49
5.88,0.79,1.935,3.25,0.56,0.35,0.13,1.59,0.08,0.5,47
4.62,3.508,26.59,5.787,1.889,0.336,0.229,5.676,0.182,3.0,54
4.94,13.62,10.28,33.2,2.59,0.5,0.16,4.95,0.58,0.5,55
4.57,2.259,2.004,4.006,0.551,0.351,0.045,3.948,0.224,0.5,37
4.53,2.265,1.935,3.628,0.25,0.1,0.045,2.936,0.159,0.5,37
6.04,1.67,24.12,6.202,9.14,4.85,0.26,14.54,0.223,0.5,69
5.12,5.05,4.95,16.66,3.71,1.04,0.27,6.23,0.15,3.0,64
6.15,2.24,1.935,2.95,23.26,9.28,0.46,33.17,0.18,0.5,79
5.059,1.127,3.415,0.761,1.934,0.34,0.136,4.659,0.143,0.5,42
6.39,2.71,19.41,9.98,6.35,1.61,0.15,8.21,0.18,0.5,64
6.76,1.371,7.64,3.616,13.69,7.583,0.266,21.58,0.107,0.5,76
5.74,0.19,0.645,5.53,2.02,0.58,0.045,2.71,0.1,0.5,50
6.4,1.07,7.95,4.61,17.53,6.1,0.56,24.46,0.23,0.5,81
5.4,7.779,10.51,4.454,3.434,1.197,0.318,6.387,0.097,0.5,70
7.45,1.982,240.5,2.883,7.338,1.788,0.604,9.748,0.308,15.0,72
7.21,1.326,7.407,3.886,21.47,5.822,0.406,27.81,0.119,15.0,74
5.08,5.59,1.98,12.36,1.38,0.41,0.43,6.69,0.13,0.5,60
7.27,6.9,5.22,6.73,12.66,7.17,0.73,20.77,0.16,0.5,84
5.16,2.79,0.645,1.37,5.26,1.82,0.18,9.79,0.2,0.5,59
5.41,1.21,1.39,1.51,1.45,1.06,0.13,6.54,0.08,0.5,50
5.58,2.642,6.372,0.609,3.426,1.519,0.116,5.163,0.225,0.5,58
7.58,5.26,6.985,5.71,18.6,0.822,0.329,19.79,0.628,0.5,68
4.87,6.749,96.65,4.362,5.664,1.699,1.212,10.69,0.659,0.5,77
8.09,0.7,9.37,6.37,18.66,12.34,0.25,31.56,0.6,0.5,59
6.08,1.41,4.03,8.93,1.23,0.24,1.08,2.71,0.35,0.5,55
5.04,1.33,1.935,0.33,4.04,0.51,0.16,17.96,0.08,0.5,62
4.4,10.45,14.2,9.62,0.295,0.31,0.2,3.96,0.41,0.5,49
7.31,0.561,152.1,7.526,15.72,6.107,0.476,22.49,0.434,15.0,82
5.1,2.48,2.21,2.01,1.04,0.46,0.1,3.79,0.08,15.0,42
6.25,4.98,27.26,5.1,6.64,2.46,0.33,9.5,0.55,0.5,78
4.92,2.067,4.039,4.1,1.181,0.611,0.153,5.017,0.095,0.5,44
4.639,2.583,5.299,4.103,1.267,0.381,0.142,6.229,0.186,7.5,41
7.07,6.555,7.093,89.07,34.49,0.493,0.158,35.24,0.751,15.0,70
7.07,2.05,8.28,3.64,26.83,10.11,0.2,37.24,0.17,0.5,71
5.95,3.22,60.86,7.0,6.48,0.9,0.58,8.05,0.21,3.0,77
4.51,1.1,4.41,1.67,0.46,0.12,0.045,1.53,0.18,15.0,37
5.49,2.91,6.054,9.758,6.02,2.644,0.095,9.475,0.187,7.5,59
5.01,0.982,1.935,3.693,0.25,0.325,0.045,2.935,0.063,0.5,42
5.51,6.1,39.54,4.24,5.25,1.42,0.71,7.51,0.22,0.5,83
4.77,16.55,7.96,4.91,1.08,0.33,0.32,4.68,0.26,0.5,54
4.58,0.98,3.892,4.625,0.299,0.071,0.092,1.41,0.11,3.0,37
4.58,3.9,73.29,25.17,2.94,0.45,0.79,11.22,0.59,0.5,66
5.14,8.916,5.922,6.611,1.373,0.542,0.213,5.863,0.133,0.5,57
5.92,1.61,1.935,6.0,4.04,1.2,0.13,5.44,0.29,0.5,61
6.53,2.12,15.29,2.11,7.91,2.82,0.43,11.27,0.13,0.5,77
6.38,1.908,5.974,3.2,6.624,4.104,0.39,11.25,0.133,0.5,74
4.41,3.02,2.02,9.83,0.63,0.75,0.11,4.17,0.17,15.0,36
5.13,2.24,55.05,5.71,6.89,1.14,0.12,9.19,0.34,0.5,64
7.15,2.74,21.97,5.94,13.67,0.83,0.045,14.64,0.18,0.5,64
6.18,4.189,54.12,4.195,12.57,1.184,0.21,14.08,0.727,15.0,80
7.62,2.07,93.31,4.9,14.11,2.53,1.32,18.05,0.34,0.5,79
6.22,1.02,1.935,3.14,8.89,4.43,0.24,13.72,0.14,0.5,73
4.53,2.47,4.38,7.6,1.56,0.43,0.15,9.38,0.16,3.0,41
8.11,0.687,55.56,12.4,63.61,2.374,0.461,66.73,0.627,0.5,70
5.54,11.41,6.51,1.15,2.67,0.66,0.28,3.69,0.11,0.5,64
5.62,1.823,39.61,20.27,11.61,1.751,0.128,13.63,0.379,0.5,73
6.85,1.16,5.02,1.38,8.04,3.83,0.14,12.08,0.12,0.5,70
5.92,6.849,9.211,2.93,7.755,1.564,0.517,10.01,0.21,0.5,81
7.48,2.09,8.403,8.2,57.57,1.48,0.18,59.34,0.63,0.5,64
6.37,1.45,22.46,17.24,6.79,3.17,0.18,10.31,0.33,0.5,77
5.47,2.69,2.28,7.3,9.78,7.73,0.34,18.26,0.39,15.0,74
5.5,5.75,55.92,7.91,4.46,0.93,0.79,6.42,0.45,0.5,81
6.9,2.424,17.93,2.8,10.89,3.081,0.225,14.63,0.189,0.5,76
6.74,1.43,26.92,19.83,8.46,3.54,0.17,12.56,0.44,0.5,79
5.29,7.17,20.37,5.87,3.59,0.33,0.18,5.35,0.23,7.5,66
4.53,1.69,1.935,9.65,0.56,0.1,0.045,2.09,0.22,15.0,37
6.3,0.494,23.2,1.991,2.54,1.332,0.101,4.074,0.06,0.5,60
6.39,3.26,12.75,1.41,18.59,8.77,0.45,27.92,0.18,3.0,86
6.14,1.032,68.91,12.16,15.1,10.7,0.11,26.2,0.224,0.5,81
5.75,8.136,10.14,9.972,7.143,1.839,0.162,9.386,0.185,0.5,75
6.45,5.606,17.44,124.1,7.151,6.168,0.249,13.67,2.971,0.5,74
7.01,2.825,316.3,42.42,17.36,6.332,2.783,26.8,2.171,7.5,76
5.36,14.31,38.24,12.03,3.44,0.79,0.19,5.4,0.32,0.5,69
6.51,4.19,63.37,12.09,9.05,3.97,1.81,15.03,0.33,3.0,93
5.3,2.22,3.98,19.41,0.29,0.15,0.13,1.61,0.06,0.5,42
5.81,26.69,95.51,16.02,11.0,5.057,1.286,17.4,2.524,0.5,92
4.54,1.442,5.938,4.337,2.623,0.329,0.045,7.186,0.15,7.5,44
4.54,8.478,5.871,5.406,0.68,0.164,0.179,4.87,0.093,0.5,48
6.19,1.679,5.67,3.408,5.049,1.862,0.508,7.769,0.216,0.5,69
4.8,2.17,7.27,3.64,0.56,0.27,0.15,3.72,0.15,0.5,37
5.38,3.34,1.935,6.202,3.1,0.93,0.22,4.58,0.223,3.0,42
5.22,2.332,49.35,1.517,8.61,1.303,0.092,10.63,0.323,0.5,70
5.33,1.124,6.12,18.6,1.41,0.873,0.045,3.209,0.164,0.5,42
8.24,1.05,31.76,98.66,28.72,2.94,0.32,33.17,1.7,0.5,65
4.89,1.58,1.935,2.29,4.78,1.49,0.28,17.17,0.21,0.5,61
6.26,1.662,1.935,2.092,12.96,5.412,0.253,19.08,0.197,0.5,76
6.01,12.5,8.67,10.68,13.34,2.742,0.777,17.15,0.549,0.5,90
4.87,1.28,1.48,4.26,0.84,0.29,0.09,2.48,0.12,0.5,37
5.97,18.24,5.73,10.03,6.19,2.89,0.65,9.83,0.26,0.5,83
6.66,1.88,8.88,6.202,3.18,0.97,0.25,4.5,0.21,0.5,53
5.22,16.72,6.603,4.994,1.063,0.282,0.196,3.296,0.131,0.5,56
5.31,39.3,236.2,106.1,22.14,8.399,0.975,32.42,3.304,0.5,87
5.45,10.6,10.06,10.74,3.11,1.24,0.61,6.58,0.24,3.0,75
4.58,2.09,1.34,4.91,1.16,0.35,0.11,3.97,0.29,0.5,37
7.37,1.71,44.54,17.79,21.29,6.32,0.34,28.62,0.35,0.5,82
5.17,7.238,3.569,3.038,2.059,0.665,0.459,4.636,0.177,0.5,59
5.77,7.637,55.4,34.73,10.52,2.665,0.456,14.7,1.229,0.5,87
5.62,17.95,9.65,2.77,1.09,0.77,0.34,2.34,0.14,0.5,64
8.8,1.48,0.645,19.18,49.92,2.83,0.5,53.73,0.69,0.5,62
4.19,14.38,3.249,3.409,4.979,1.788,0.092,8.85,1.562,0.5,52
5.21,8.001,4.518,6.294,4.567,1.428,0.585,7.105,0.555,0.5,70
4.92,8.337,144.9,20.51,2.055,0.29,0.251,5.325,0.241,0.5,63
6.75,0.98,21.98,4.93,5.4,3.08,0.12,8.68,0.11,0.5,70
4.94,1.9,1.935,1.5,0.295,0.1,0.045,3.67,0.04,7.5,37
4.34,2.31,6.032,26.96,0.757,0.421,0.197,2.938,0.824,0.5,33
7.62,8.759,11.75,9.074,16.26,1.129,0.045,17.45,0.636,7.5,69
5.42,0.816,10.74,11.77,6.015,1.796,0.137,8.963,0.751,3.0,57
5.25,2.115,3.571,9.41,1.642,0.206,0.045,2.395,0.244,0.5,42
7.09,0.757,15.41,1.178,2.784,0.581,0.045,3.53,0.119,3.0,48
5.75,2.93,4.88,3.75,11.06,4.32,0.45,15.88,0.3,0.5,79
6.17,0.868,115.2,4.1,3.481,1.028,0.045,4.64,0.111,3.0,62
4.74,0.81,12.26,4.69,0.41,0.16,0.045,3.09,0.12,0.5,40
4.44,2.838,58.44,6.589,2.143,0.865,0.42,5.024,0.534,0.5,51
5.82,15.56,5.375,4.8,8.2,0.933,1.198,10.47,0.362,3.0,82
4.9,1.94,1.935,3.68,0.83,0.51,0.26,6.55,0.09,0.5,44
4.79,3.5,3.104,4.774,1.759,0.205,0.108,6.14,0.129,15.0,45
6.06,0.796,4.726,5.0,2.327,0.892,0.045,3.664,0.203,0.5,50
5.61,2.738,7.411,5.491,6.794,2.799,0.878,10.59,0.265,3.0,76
5.22,2.281,44.41,12.51,1.116,0.267,0.096,3.602,0.086,0.5,50
4.78,1.52,0.645,6.0,1.83,0.43,0.12,8.72,0.11,0.5,41
6.95,2.804,31.75,5.978,19.42,12.77,0.144,32.62,0.171,0.5,79
7.59,3.998,141.7,5.1,14.64,4.91,1.73,21.54,0.499,0.5,83
4.93,1.84,16.72,1.7,0.56,0.21,0.045,2.61,0.1,0.5,40
4.82,10.08,302.0,189.9,8.423,3.392,0.96,13.5,4.639,0.5,79
6.57,7.96,86.65,9.18,22.34,4.23,0.49,27.19,0.62,0.5,93
5.099,3.675,1.935,3.716,2.391,0.362,0.201,8.17,0.077,0.5,56
6.0,2.92,6.98,7.88,2.92,1.22,0.36,4.64,0.39,0.5,60
6.26,2.45,39.73,7.7,14.42,1.4,0.12,15.96,0.18,7.5,76
5.49,20.71,3.633,8.099,3.046,1.265,0.72,5.118,0.184,3.0,72
6.97,2.276,3.599,2.665,25.05,8.96,0.206,34.53,1.051,0.5,71
6.5,3.838,7.443,7.01,13.06,3.947,0.156,17.21,0.161,7.5,80
7.95,1.69,30.52,16.54,26.73,1.34,0.25,28.5,0.99,0.5,67
4.93,4.87,1.935,8.799,0.25,0.1,0.125,3.561,0.125,0.5,41
4.42,2.67,1.7,18.98,0.38,0.2,0.2,3.67,0.22,0.5,35
4.57,3.379,237.0,49.24,1.248,0.555,0.045,3.075,0.462,0.5,49
7.5,2.918,18.99,5.288,24.06,10.71,0.469,35.44,0.475,0.5,77
5.43,7.016,6.396,12.21,4.889,1.052,1.002,7.818,0.634,0.5,70
5.46,10.91,23.17,7.88,8.95,1.75,0.79,11.88,0.82,0.5,85
5.04,5.47,57.64,11.85,0.66,0.2,0.12,2.25,0.17,0.5,58
7.2,2.38,5.53,4.31,20.0,7.04,0.42,27.58,0.2,0.5,74
4.96,4.981,11.06,14.99,4.945,0.411,0.236,7.6,0.302,3.0,57
5.059,2.874,7.566,8.974,3.698,0.948,0.281,6.019,0.263,0.5,52
4.95,16.31,85.3,11.12,6.898,1.689,1.871,14.57,0.511,3.0,80
5.89,3.144,2.807,4.061,7.338,3.084,0.156,10.65,0.146,0.5,75
4.21,3.84,0.71,6.202,0.56,0.24,0.1,6.45,0.223,0.5,30
5.5,1.018,34.2,3.076,1.797,0.647,0.256,2.738,0.065,0.5,56
4.75,3.347,6.217,2.696,0.853,0.102,0.099,2.821,0.106,3.0,41
5.34,6.28,9.45,14.89,2.33,0.79,0.56,4.01,0.57,0.5,59
6.31,1.83,5.01,4.1,9.85,3.15,0.14,13.21,0.14,3.0,70
6.6,1.59,14.15,2.784,17.4,8.04,0.335,26.01,0.157,0.5,82
5.9,2.59,23.57,5.77,3.64,2.03,0.89,6.67,0.19,3.0,75
4.74,1.75,1.935,13.02,0.295,0.1,0.045,2.98,0.11,7.5,37
5.74,1.375,9.073,5.263,2.834,2.046,0.314,5.294,0.323,0.5,67
5.38,2.472,44.55,7.295,2.842,0.438,0.312,5.818,0.137,0.5,63
5.48,5.579,32.12,2.845,9.177,1.745,0.624,12.02,0.671,7.5,82
6.08,8.939,1.751,2.702,4.792,1.182,0.182,6.26,0.186,3.0,72
4.32,3.965,2.369,7.259,1.082,0.116,0.125,7.845,0.096,0.5,40
4.76,18.61,34.98,42.41,3.911,1.256,0.132,7.237,1.29,15.0,60
5.11,5.1,6.43,6.99,1.95,0.3,0.19,5.28,0.16,15.0,57
5.2,2.371,6.668,2.031,1.78,0.265,0.045,3.431,0.098,0.5,42
5.92,5.023,11.93,4.807,6.888,3.639,0.163,10.7,0.214,0.5,82
4.86,1.784,1.935,44.49,0.25,0.241,0.045,4.268,0.1,0.5,37
7.79,2.386,70.05,7.975,15.64,6.414,0.323,22.52,0.196,0.5,77
5.37,2.47,11.52,3.82,0.56,0.29,0.045,2.24,0.06,7.5,45
4.5,2.21,1.65,4.86,1.09,0.33,0.29,5.76,0.22,0.5,44
4.96,7.916,3.002,4.212,1.94,0.617,0.045,4.301,0.118,0.5,45
4.87,4.55,5.64,9.12,1.55,0.5,0.17,5.97,0.19,0.5,48
6.01,6.53,54.32,16.23,8.162,4.474,0.495,14.0,0.701,0.5,90
7.09,1.802,94.41,4.892,12.9,1.893,0.546,15.48,0.357,0.5,81
5.94,16.65,13.24,6.654,9.069,1.216,0.238,7.51,0.349,0.5,72
6.62,1.29,31.11,3.16,5.25,0.57,0.045,5.97,0.17,0.5,63
4.33,3.915,244.5,4.37,0.636,0.143,0.045,3.602,0.065,0.5,44
5.23,1.868,1.91,3.058,0.661,0.143,0.108,1.951,0.113,0.5,42
4.98,2.23,1.935,21.16,0.295,0.2,0.045,1.87,0.06,3.0,37
8.26,1.33,29.97,8.49,19.4,6.92,0.54,27.18,0.23,0.5,72
7.04,0.76,55.53,6.6,6.86,1.51,0.39,8.83,0.24,0.5,70
4.3,1.79,0.645,3.2,0.3,0.18,0.1,7.75,0.16,0.5,36
6.91,1.277,6.699,3.02,0.25,0.1,0.045,1.02,0.154,0.5,47
4.95,1.22,14.87,2.94,5.37,1.36,0.1,8.01,0.15,0.5,54
4.87,1.187,1.935,2.951,0.556,0.48,0.045,5.331,0.05,0.5,41
5.58,7.46,11.89,16.73,5.04,1.18,0.56,6.91,0.16,7.5,80
7.96,2.032,11.32,4.672,35.96,13.27,0.363,49.99,0.33,7.5,72
6.64,2.772,1.935,3.665,11.23,1.308,0.045,17.27,0.21,0.5,70
5.28,8.84,10.56,7.17,3.94,0.86,0.27,6.06,0.31,0.5,63
5.13,2.2,1.935,1.824,2.144,0.1,0.111,5.112,0.089,0.5,49
6.16,15.15,331.8,49.6,12.01,2.467,2.419,17.04,1.934,3.0,95
7.52,0.9,44.92,3.75,5.37,1.2,0.28,6.89,0.24,3.0,62
4.59,0.81,7.449,13.6,0.415,0.225,0.097,1.843,0.17,0.5,37
5.29,1.36,27.61,2.72,2.53,1.03,0.16,4.1,0.25,0.5,58
7.61,2.6,68.8,3.22,16.75,3.1,0.46,20.64,0.71,0.5,75
6.56,6.59,27.01,9.27,14.51,1.43,0.68,16.81,0.31,0.5,92
6.62,1.59,1.935,5.44,10.32,6.03,0.045,16.56,0.08,15.0,73
5.4,1.62,1.935,1.682,7.0,2.57,0.14,12.55,0.096,3.0,63
5.25,1.611,1.935,2.964,1.429,0.372,0.148,3.741,0.085,0.5,42
4.78,2.327,27.22,8.101,1.922,0.66,0.417,4.697,0.285,15.0,49
4.78,1.05,13.7,7.72,1.77,0.75,0.12,3.71,0.28,0.5,40
4.13,1.86,1.53,9.44,0.34,0.11,0.045,2.02,0.26,0.5,32
5.42,2.4,14.78,7.02,4.51,3.1,0.19,8.94,0.15,15.0,65
6.06,2.707,1.935,12.47,36.89,5.05,0.397,42.69,0.415,0.5,79
5.95,3.002,60.82,7.417,3.594,0.585,0.045,5.422,0.707,0.5,64
5.39,4.65,15.41,10.81,11.77,1.65,0.22,14.29,0.2,0.5,72
7.85,9.261,28.89,4.971,17.74,0.721,0.12,18.63,0.74,3.0,68
4.019,7.562,9.288,6.561,2.012,0.52,0.576,14.46,0.449,0.5,59
5.79,2.889,4.906,10.32,3.315,0.949,0.339,4.898,0.221,0.5,56
6.11,1.49,1.847,4.016,19.94,3.082,0.332,23.57,0.241,0.5,79
5.42,6.35,1.935,8.004,0.863,0.454,0.1,3.308,0.078,0.5,50
4.52,4.81,4.79,9.75,0.56,0.38,0.2,4.84,0.29,3.0,44
5.019,6.604,139.3,8.685,1.452,0.347,0.124,3.191,0.419,0.5,58
5.62,1.38,8.28,23.14,4.41,1.64,0.17,6.37,0.47,0.5,64
5.55,1.43,8.62,29.62,4.74,2.0,0.19,7.79,0.86,0.5,62
5.2,1.43,1.935,15.2,0.295,0.22,0.045,1.39,0.1,0.5,42
5.51,1.266,1.935,2.5,1.08,0.33,0.045,1.64,0.059,0.5,47
5.74,2.6,7.88,187.85,12.62,13.48,0.52,27.45,2.54,15.0,73
5.71,9.38,7.19,17.48,8.45,1.76,0.85,11.18,0.41,0.5,83
5.34,5.112,46.1,9.199,6.942,1.223,1.871,10.41,1.295,0.5,79
4.93,1.925,428.0,35.72,7.725,1.983,0.574,10.98,1.201,0.5,66
5.78,14.14,32.32,31.44,12.86,2.57,0.65,16.21,0.76,0.5,96
7.06,2.4,12.9,5.13,14.19,6.1,0.59,21.05,0.3,3.0,79
5.7,11.56,5.49,11.97,1.316,0.271,0.104,1.76,0.212,3.0,58
8.61,0.346,10.68,4.856,15.25,0.527,0.092,16.41,0.661,0.5,52
4.54,3.05,1.935,8.53,0.56,0.1,0.045,2.6,0.19,0.5,41
5.5,26.83,1.384,7.237,4.754,1.058,0.985,6.831,0.586,0.5,78
7.04,0.613,24.22,1.428,1.863,0.482,0.232,2.678,0.202,0.5,51
6.45,0.92,12.17,5.576,2.614,0.061,0.169,2.911,0.156,0.5,56
6.51,3.26,69.64,5.175,17.37,7.154,0.32,24.92,0.207,7.5,91
4.67,1.81,2.54,11.54,0.29,0.37,0.09,7.06,0.12,7.5,41
4.93,1.337,1.935,3.472,1.301,0.366,0.045,2.789,0.175,0.5,37
5.54,1.33,25.22,0.57,9.14,1.3,0.1,10.63,0.1,0.5,73
4.94,1.351,3.726,2.212,3.213,0.809,0.114,6.93,0.153,0.5,44
6.72,2.205,19.84,2.527,6.284,0.854,0.365,7.604,0.255,0.5,66
5.06,12.22,6.54,3.57,1.88,0.49,0.22,3.88,0.61,0.5,54
5.81,1.364,14.5,2.115,6.329,1.264,0.362,8.057,0.253,0.5,70
6.08,6.65,14.09,9.12,18.24,4.72,0.64,23.71,0.44,3.0,92
6.31,9.1,60.91,151.51,19.71,6.01,1.47,31.43,2.56,0.5,89
5.36,1.9,7.956,11.8,3.522,1.484,0.412,5.676,0.387,0.5,59
5.52,7.519,21.77,7.008,11.81,1.137,0.447,13.56,0.354,3.0,87
6.09,8.69,68.05,9.392,15.5,4.996,0.624,21.2,0.212,15.0,97
6.55,1.4,5.08,4.57,11.52,4.88,0.3,17.1,0.24,0.5,76
4.99,1.869,3.916,5.762,1.036,0.215,0.045,2.451,0.122,0.5,37
4.67,3.31,0.645,16.75,0.84,0.29,0.15,7.9,0.12,0.5,45
4.66,3.194,1.935,9.062,2.099,0.414,0.103,5.379,0.167,0.5,48
6.88,2.71,25.0,11.42,14.63,0.77,0.14,15.59,0.2,0.5,72
6.2,1.246,183.7,3.94,7.487,2.528,0.499,10.56,0.151,15.0,82
4.4,2.33,9.261,16.34,1.894,0.791,0.139,7.627,0.235,0.5,36
4.94,2.9,5.522,3.781,0.723,0.267,0.182,3.04,0.075,0.5,40
7.3,2.28,13.62,5.69,16.5,4.87,0.37,22.2,0.29,0.5,77
4.48,2.17,3.07,10.61,0.23,0.22,0.045,6.05,0.12,7.5,36
4.559,1.784,0.536,4.775,0.349,0.071,0.045,2.412,0.1,0.5,37
4.92,2.0,14.93,2.35,0.38,0.13,0.045,1.87,0.04,0.5,40
7.82,4.088,197.6,14.81,16.58,1.544,0.239,18.46,0.61,15.0,73
6.71,2.804,33.99,6.089,9.339,2.112,0.348,12.16,0.211,0.5,82
5.68,2.783,51.57,5.927,0.935,0.164,0.045,1.261,0.216,0.5,55
4.91,2.05,0.645,0.95,0.39,0.13,0.045,1.76,0.04,0.5,37
5.25,6.0,17.07,8.39,5.24,0.98,0.18,7.25,0.33,3.0,66
5.57,7.35,50.31,11.91,6.701,1.11,0.316,8.194,0.184,0.5,83
6.85,2.1,6.2,4.73,10.85,7.0,0.34,18.33,0.22,0.5,79
5.11,2.15,10.12,5.32,3.49,0.63,0.12,5.16,0.15,0.5,52
5.74,4.48,7.65,5.26,5.84,1.89,0.51,8.33,0.18,3.0,73
6.19,2.846,25.0,12.58,14.23,10.13,0.421,24.88,0.221,7.5,85
4.8,3.69,1.935,2.54,0.295,0.1,0.13,6.1,0.08,0.5,45
5.74,3.576,8.253,4.253,7.533,0.81,0.28,8.657,0.155,3.0,64
5.04,2.05,8.403,1.69,1.08,0.55,0.1,3.43,0.11,0.5,40
4.78,6.402,7.515,4.649,1.746,0.568,0.4,6.138,0.225,0.5,55
4.58,3.64,2.47,5.5,1.08,0.45,0.13,6.73,0.29,0.5,45
4.91,1.56,7.763,2.874,1.187,0.533,0.119,3.657,0.202,0.5,37
5.18,1.4,2.25,11.35,3.49,0.27,0.045,5.07,0.15,7.5,49
5.97,1.52,5.4,3.11,4.49,1.92,0.11,6.58,0.17,15.0,61
5.79,2.676,16.98,16.6,10.49,4.894,0.508,16.26,0.393,0.5,84
5.74,1.41,15.33,1.66,16.95,0.27,0.11,17.4,0.12,0.5,69
4.96,7.101,215.6,8.767,2.372,0.543,0.245,4.816,0.405,0.5,59
6.32,2.518,12.34,19.28,8.498,11.53,0.489,20.68,0.285,7.5,82
4.69,5.597,3.609,5.839,0.935,0.195,0.045,4.792,0.158,3.0,45
4.66,1.858,22.25,49.88,5.086,0.73,0.382,7.215,0.495,0.5,59
6.64,0.93,210.5,9.24,6.17,1.0,0.33,7.54,0.18,7.5,71
6.76,1.07,29.09,4.17,5.51,2.86,0.14,8.58,0.13,0.5,70
8.369,3.153,49.39,20.13,11.79,3.639,0.496,16.96,0.871,0.5,74
7.16,2.0,34.35,4.49,32.88,2.4,0.42,35.83,0.52,0.5,78
5.34,8.035,2.501,8.115,5.466,1.418,0.492,7.511,0.648,0.5,68
4.7,1.71,1.935,4.4,0.56,0.24,0.18,5.13,0.11,0.5,44
5.27,7.587,94.01,3.839,3.666,0.152,0.204,5.585,0.142,0.5,68
4.42,2.49,7.51,3.62,0.845,0.242,0.045,3.639,0.264,0.5,32
5.73,2.95,9.26,3.95,12.5,7.29,0.42,20.39,0.32,0.5,79
7.3,2.64,8.403,6.202,16.83,1.68,1.43,20.78,0.223,0.5,61
5.97,12.84,16.17,10.08,8.9,3.3,0.34,12.58,0.94,3.0,88
8.21,1.216,42.26,14.69,21.3,2.112,0.222,23.71,1.03,0.5,64
4.72,11.22,51.64,17.71,7.643,1.685,0.47,13.68,0.721,0.5,78
4.87,21.5,56.9,4.81,3.26,0.43,0.25,7.74,0.52,0.5,64
4.59,1.176,2.013,3.289,0.781,0.264,0.045,4.317,0.056,0.5,37
4.84,1.3,1.935,1.701,1.262,0.395,0.045,2.955,0.094,15.0,37
4.96,1.57,6.89,3.01,0.65,0.19,0.15,3.62,0.12,0.5,37
4.92,2.741,3.489,6.472,2.206,0.571,0.256,4.622,0.224,7.5,43
5.16,1.207,1.935,7.307,0.25,0.1,0.147,4.255,0.042,0.5,42
4.57,4.785,3.238,8.978,4.512,0.917,0.342,12.28,0.246,0.5,61
5.57,2.199,8.06,19.95,4.043,2.035,0.518,6.63,0.32,0.5,72
7.96,1.34,17.31,8.28,21.56,16.26,0.5,39.29,0.44,0.5,72
7.33,4.26,83.35,12.58,37.74,0.83,0.92,39.67,0.89,0.5,79
5.87,0.84,35.34,2.7,1.8,0.35,0.2,2.4,0.11,0.5,56
5.42,7.65,16.58,2.48,2.23,0.67,0.25,4.14,0.2,0.5,59
5.31,3.731,75.4,5.077,8.294,2.25,0.602,11.7,0.294,0.5,85
6.31,1.655,66.03,17.33,6.105,1.001,0.813,8.293,1.813,0.5,72
5.25,1.137,2.77,3.603,4.484,3.695,0.045,9.25,0.117,0.5,59
4.79,2.53,1.43,64.73,0.22,0.11,0.045,1.49,0.06,0.5,37
5.74,2.088,12.55,7.419,10.2,4.128,0.144,14.96,0.473,0.5,73
5.77,2.549,20.55,5.586,4.329,1.499,0.045,6.184,0.199,7.5,67
4.39,0.79,8.86,6.89,0.68,0.21,0.045,6.6,0.27,0.5,36
6.22,6.62,3.07,3.69,8.35,2.35,0.26,10.98,0.17,7.5,81
6.09,2.075,1.935,3.694,17.22,5.991,0.167,23.62,0.233,0.5,76
6.12,13.23,23.57,6.872,7.684,2.625,0.571,11.25,0.794,15.0,91
5.07,2.219,3.621,7.027,0.701,0.386,0.112,2.605,0.144,0.5,42
5.89,3.71,51.44,6.13,18.39,4.77,1.24,24.47,0.2,0.5,93
7.04,1.728,1.935,9.62,15.88,5.999,0.273,22.48,0.215,0.5,71
5.37,8.574,20.95,8.212,1.675,0.212,0.192,3.419,0.122,7.5,59
5.25,6.936,50.54,570.6,19.15,1.584,1.12,22.51,4.049,0.5,81
8.26,2.743,4.371,3.33,51.5,0.837,0.227,52.77,0.61,15.0,52
5.62,8.298,4.06,9.429,4.99,1.31,1.256,7.699,0.407,0.5,77
5.58,1.14,8.81,3.6,1.77,0.56,0.13,2.53,0.12,0.5,47
5.43,15.35,1.935,2.736,1.199,0.448,0.216,2.773,0.159,0.5,56
4.849,2.341,26.82,2.913,1.098,0.339,0.192,3.181,0.143,0.5,46
5.12,3.15,0.645,7.68,4.32,2.47,0.34,12.42,0.12,15.0,73
5.69,1.39,5.63,7.38,2.37,0.74,0.045,3.23,0.08,7.5,50
5.12,2.23,25.13,7.14,1.799,0.825,0.284,5.42,0.208,0.5,55
4.51,2.67,0.645,2.36,0.46,0.15,0.045,4.37,0.2,0.5,37
4.9,2.86,3.71,9.64,0.73,0.6,0.2,2.94,0.21,0.5,40
8.21,2.5,43.21,16.77,29.37,14.96,0.75,45.56,0.56,0.5,72
6.53,41.13,211.7,67.21,10.93,8.018,0.681,19.72,24.2,0.5,92
7.91,10.9,70.85,10.52,7.487,1.542,0.844,9.956,0.482,0.5,78
6.79,0.683,41.34,1.703,2.744,0.599,0.209,3.653,0.231,0.5,61
6.94,2.536,348.9,2.557,13.21,3.145,0.339,16.76,0.267,7.5,87
5.62,3.971,1.935,3.429,3.988,0.87,0.149,5.256,0.184,15.0,58
4.86,5.036,1.941,4.531,1.01,0.575,0.096,3.636,0.085,3.0,45
4.54,3.683,18.29,15.26,4.421,2.084,0.413,8.173,0.484,0.5,67
5.42,5.38,10.75,13.75,1.42,0.67,0.46,5.84,0.21,15.0,63
5.1,3.9,17.3,9.1,2.0,0.59,0.21,4.12,0.24,3.0,52
5.85,5.08,34.65,21.67,9.16,1.23,0.52,11.14,0.55,0.5,87
4.38,1.6,1.42,6.76,1.23,0.46,0.045,5.04,0.28,0.5,36
5.48,1.67,4.62,1.66,13.39,0.31,0.11,14.37,0.11,0.5,58
5.47,12.43,17.19,16.54,3.614,0.778,0.318,5.134,0.355,0.5,69
5.74,6.86,2.43,3.56,1.52,0.25,0.11,1.92,0.08,0.5,55
5.44,2.07,4.76,8.96,4.11,1.4,0.15,6.1,0.24,15.0,56
5.94,14.87,6.458,3.694,4.956,1.322,0.599,6.984,0.195,3.0,80
7.39,4.07,59.52,13.69,36.02,1.91,0.33,38.41,0.68,0.5,81
4.46,2.98,1.935,3.26,2.06,0.1,0.13,5.78,0.23,0.5,39
6.84,2.629,89.85,9.153,8.83,2.58,0.606,12.18,0.225,3.0,86
4.889,3.105,5.2,5.562,7.135,0.738,0.187,9.204,0.406,0.5,54
4.86,1.951,5.037,13.15,1.426,0.499,0.045,3.333,0.193,3.0,37
4.96,4.14,59.92,4.73,3.67,0.77,0.81,9.91,0.14,0.5,64
5.08,1.28,46.72,11.71,6.4,1.33,0.27,8.84,0.26,0.5,67
5.91,9.059,5.536,9.704,11.07,3.148,1.601,15.87,0.319,0.5,89
4.58,1.98,2.41,4.73,0.56,0.28,0.17,3.66,0.3,0.5,40
7.03,3.164,225.8,3.815,15.27,2.208,0.477,18.19,0.328,0.5,86
5.89,6.19,6.21,2.29,4.16,0.52,0.31,5.04,0.17,0.5,71
5.48,5.424,1.62,9.135,4.193,2.097,0.483,6.833,0.277,0.5,73
4.92,11.78,5.059,6.009,1.553,0.277,0.243,2.913,0.653,0.5,49
4.89,7.81,14.67,10.27,1.58,0.54,0.2,5.18,0.38,0.5,55
4.66,3.486,11.28,5.957,1.354,0.483,0.045,3.586,0.52,0.5,42
5.67,1.641,14.49,20.65,12.73,2.605,0.32,16.24,0.72,0.5,80
4.65,1.618,4.958,2.436,1.01,0.123,0.045,3.384,0.107,7.5,37
5.63,13.68,4.733,8.352,5.955,1.835,0.206,8.137,0.314,0.5,75
6.07,4.403,4.893,7.83,11.68,1.192,0.15,13.14,0.217,15.0,71
5.82,2.93,33.1,4.15,9.3,2.23,0.66,12.35,0.22,7.5,84
6.52,1.28,9.46,1.78,14.01,5.77,0.045,20.0,0.18,0.5,73
4.79,2.833,28.65,7.39,1.27,0.554,0.427,3.818,0.308,0.5,49
4.8,1.95,9.42,1.75,1.05,0.24,0.045,2.93,0.2,0.5,37
4.71,2.36,4.33,3.56,0.87,0.28,0.09,4.07,0.15,0.5,37
4.71,5.31,18.64,9.6,4.3,0.45,0.17,11.21,0.21,7.5,65
7.92,0.945,37.58,11.44,22.08,2.783,0.172,25.49,0.517,0.5,70
5.68,16.55,32.52,6.158,7.785,0.786,0.176,8.769,0.514,0.5,75
4.559,0.837,3.715,11.39,0.28,0.228,0.105,1.406,0.441,0.5,37
4.85,1.36,3.87,4.86,1.15,0.38,0.18,6.64,0.12,3.0,44
4.68,9.837,77.01,60.84,1.868,0.523,0.139,4.816,0.615,15.0,51
4.92,14.06,13.2,13.18,1.288,0.216,0.137,5.864,0.17,3.0,55
4.83,14.8,12.26,8.936,2.573,0.55,0.291,6.09,0.375,0.5,61
6.3,2.59,2.26,2.56,4.9,3.37,0.18,8.54,0.11,7.5,67
5.36,14.68,32.18,9.113,5.46,1.16,0.921,8.86,0.609,0.5,79
5.65,16.97,143.5,32.6,7.3,1.49,0.624,9.864,0.547,0.5,86
4.91,5.208,3.991,9.537,1.17,0.93,0.209,6.723,0.123,0.5,52
4.98,29.33,7.694,6.267,6.053,1.168,0.622,10.08,0.324,0.5,74
4.559,3.118,4.025,1.782,0.249,0.113,0.201,7.335,0.045,0.5,48
5.28,1.24,30.05,21.19,2.41,0.35,0.045,3.58,0.23,0.5,51
4.32,1.48,1.935,7.91,0.56,0.21,0.09,8.59,0.18,0.5,36
5.88,1.823,16.76,8.18,8.148,2.612,0.614,11.55,0.168,0.5,81
5.19,9.898,3.354,5.562,1.552,0.798,0.336,4.118,0.077,0.5,56
4.9,1.15,1.935,2.44,2.1,0.78,0.1,10.86,0.1,7.5,48
5.01,14.43,6.53,6.52,1.08,0.35,0.22,5.02,0.27,3.0,60
5.93,0.648,1.935,3.263,5.338,3.845,0.045,9.508,0.106,0.5,64
4.36,3.506,1.935,4.542,0.25,0.361,0.175,6.125,0.246,0.5,43
5.41,6.037,39.25,17.79,10.41,2.347,1.147,14.22,0.473,0.5,87
6.55,3.256,4.928,8.857,27.19,6.81,0.69,34.79,0.214,0.5,85
5.18,3.06,80.23,17.51,2.846,1.304,0.569,6.013,0.296,0.5,73
5.48,17.63,94.23,10.02,11.91,0.59,1.076,14.16,0.654,0.5,83
4.63,0.86,1.935,9.134,0.25,0.25,0.18,4.941,0.13,7.5,40
5.84,1.663,23.98,19.12,6.554,2.036,0.213,9.428,0.366,0.5,73
5.17,9.46,10.34,6.1,3.61,0.68,0.27,5.93,0.41,3.0,63
5.72,1.0,7.803,2.8,2.641,0.782,0.045,3.584,0.053,7.5,50
5.84,1.504,6.062,6.213,5.644,2.654,0.102,8.565,0.137,0.5,64
5.94,4.515,1.935,6.243,9.498,2.54,0.143,12.51,0.237,0.5,74
8.59,0.29,15.82,145.37,11.97,4.42,0.5,23.69,11.3,0.5,59
4.84,1.09,5.53,1.94,0.98,0.25,0.045,3.76,0.1,0.5,37
4.98,9.816,8.795,15.68,1.928,0.618,0.463,4.942,0.43,0.5,51
6.34,2.4,13.26,7.86,13.0,6.23,0.19,19.58,0.31,0.5,79
5.75,1.43,1.935,3.62,6.23,7.59,0.33,14.3,0.12,0.5,74
6.26,1.579,1.935,1.606,17.37,10.13,0.158,27.84,0.14,0.5,76
4.75,1.04,75.86,15.41,7.366,0.961,0.218,10.59,0.636,0.5,60
5.05,4.478,23.33,6.627,2.047,0.692,0.654,7.388,0.141,0.5,67
4.98,11.5,6.65,14.05,0.83,0.38,0.24,4.42,0.37,0.5,51
5.4,2.9,36.7,4.96,14.44,3.09,0.38,18.32,0.15,15.0,80
5.45,2.146,1.486,5.584,2.92,3.7,0.326,7.018,0.166,0.5,62
6.62,0.846,14.05,4.667,4.765,1.01,0.394,6.471,0.234,0.5,70
6.22,3.14,19.79,6.36,6.39,0.69,0.2,7.34,0.14,0.5,67
6.92,7.6,114.23,49.1,9.83,0.88,0.37,11.24,0.54,0.5,83
8.36,2.34,36.81,5.65,22.59,7.24,0.62,30.12,0.22,0.5,72
4.42,9.986,7.228,148.4,7.393,3.736,0.63,14.48,1.889,15.0,64
4.96,1.936,5.05,8.048,2.141,0.829,0.225,4.613,0.197,3.0,43
5.22,1.945,5.948,1.881,6.691,3.421,0.146,10.92,0.224,0.5,63
5.13,11.57,11.65,190.1,9.15,1.156,0.199,11.14,1.667,0.5,74
7.72,2.272,38.85,3.609,13.33,4.815,0.624,18.98,0.253,0.5,77
5.83,5.04,71.04,9.33,6.677,1.204,1.112,9.094,0.224,0.5,85
4.69,0.494,7.148,1.409,0.655,0.1,0.045,1.33,0.247,0.5,37
8.27,0.66,14.58,12.52,36.35,3.61,0.31,40.47,0.67,0.5,65
5.88,4.78,8.55,6.74,10.38,8.08,0.13,18.68,0.4,0.5,77
6.07,2.691,4.841,4.807,8.362,2.806,0.045,11.28,0.287,3.0,70
5.099,11.49,38.39,14.76,4.296,0.504,0.524,7.384,0.41,0.5,77
6.6,1.625,78.41,44.77,16.36,5.181,0.46,22.36,0.853,0.5,85
7.57,2.173,42.94,12.5,14.24,5.524,0.567,20.49,0.408,0.5,79
6.66,5.01,6.065,4.1,16.96,6.106,0.185,23.43,0.136,3.0,84
6.4,1.818,3.087,5.135,13.4,9.498,0.307,23.31,0.136,3.0,79
7.1,0.91,6.3,6.202,5.58,0.78,0.045,6.53,0.08,3.0,52
6.07,3.375,0.395,11.57,0.613,0.211,0.16,1.288,0.084,7.5,54
5.03,2.794,6.575,8.333,1.108,0.425,0.092,3.94,0.125,3.0,42
5.22,5.07,29.83,8.24,3.95,2.08,0.56,7.64,0.18,0.5,78
5.78,1.52,6.18,2.72,3.63,1.27,0.29,5.31,0.2,0.5,61
4.93,1.52,7.11,3.18,0.56,0.39,0.09,4.35,0.07,0.5,37
4.93,5.19,7.09,5.78,1.68,0.56,0.24,8.74,0.13,0.5,52
4.82,0.64,1.935,2.56,0.56,0.1,0.045,2.03,0.06,0.5,37
6.63,3.328,6.158,6.064,16.4,6.957,1.14,24.86,0.284,0.5,85
5.47,1.97,10.15,19.8,2.69,0.91,0.3,4.4,0.24,0.5,51
5.72,10.55,11.7,25.98,7.36,1.93,0.2,9.56,0.53,3.0,76
5.97,5.839,81.39,88.31,8.311,2.22,0.336,12.82,3.615,0.5,84
5.62,4.03,16.95,6.484,6.289,2.282,1.267,9.92,0.613,0.5,77
6.6,1.634,13.83,9.358,16.82,2.064,0.247,19.23,0.235,0.5,79
5.22,16.8,2.887,9.23,2.452,0.534,0.153,4.109,0.243,3.0,59
5.08,12.4,27.55,3.51,2.2,0.76,1.0,10.26,0.18,0.5,78
8.27,1.365,20.26,13.54,40.98,2.556,0.748,44.5,0.944,0.5,70
5.59,8.184,6.313,14.1,3.222,0.674,0.224,4.356,0.458,0.5,61
5.91,4.47,6.51,13.36,12.6,0.68,0.38,13.78,0.51,0.5,71
6.6,3.78,7.59,7.069,18.86,5.242,0.735,24.88,0.311,0.5,85
5.52,5.12,13.64,4.97,5.75,0.73,0.14,6.69,0.22,3.0,68
5.35,4.81,18.21,8.48,1.32,0.54,0.56,8.23,0.22,0.5,61
6.24,7.1,2.34,4.05,7.36,1.33,0.31,9.07,0.2,3.0,75
4.43,5.04,1.935,24.29,0.295,0.1,0.045,2.57,0.25,0.5,40
6.69,2.04,19.81,5.87,18.29,1.92,0.2,20.57,0.23,0.5,76
5.04,2.41,1.43,2.13,0.55,0.19,0.045,3.56,0.06,0.5,42
6.3,1.147,168.1,25.1,6.399,5.467,1.474,13.98,1.781,0.5,79
6.56,4.84,29.83,7.53,8.12,1.45,0.66,10.3,0.21,0.5,85
4.84,2.28,5.96,17.98,0.74,0.27,0.16,5.7,0.24,3.0,44
5.03,10.62,2.74,7.68,1.13,0.43,0.12,4.25,0.23,3.0,53
6.52,0.999,4.099,2.699,5.952,2.467,0.223,8.709,0.075,0.5,67
4.86,10.42,37.63,22.57,7.491,4.137,0.915,13.23,0.643,0.5,81
4.8,4.78,7.79,7.25,1.95,0.53,0.2,8.49,0.2,3.0,48
4.14,1.81,2.84,8.06,1.03,0.3,0.21,9.81,0.25,15.0,39
5.72,1.208,1.935,4.801,3.718,2.719,0.045,6.667,0.115,0.5,61
5.58,4.52,95.24,4.88,4.05,0.86,0.24,5.21,0.17,0.5,72
5.62,3.18,34.47,8.85,7.68,2.48,1.57,11.84,0.79,0.5,84
4.88,1.35,7.54,3.39,1.659,0.237,0.045,2.818,0.12,0.5,37
5.23,9.02,86.73,20.9,5.88,0.81,0.81,9.83,0.3,0.5,76
6.38,1.699,1.935,5.323,12.77,2.77,0.187,15.98,0.209,0.5,76
8.35,0.894,56.24,18.23,18.8,2.719,0.217,22.16,0.484,0.5,69
6.87,0.74,77.48,12.68,6.54,3.18,0.34,10.29,0.59,0.5,80
6.14,1.599,31.25,11.53,6.439,2.048,0.161,8.788,0.355,0.5,73
5.92,0.49,36.97,3.968,1.27,0.3,0.097,1.795,0.121,0.5,53
6.11,1.292,4.113,2.016,6.372,2.047,0.119,8.639,0.175,0.5,64
5.62,0.19,1.935,2.56,0.56,0.1,0.045,0.5,0.06,0.5,47
5.38,0.95,12.03,7.22,0.56,0.1,0.045,5.78,0.08,0.5,49
5.82,2.718,15.94,17.65,3.113,0.411,0.128,5.35,1.379,0.5,52
5.13,5.28,41.03,10.12,3.49,1.21,0.32,6.27,0.35,0.5,75
6.01,4.24,10.18,3.13,7.773,2.565,0.23,10.69,0.312,0.5,78
6.29,1.5,5.55,3.74,24.53,11.84,0.15,36.71,0.14,0.5,73
4.68,0.89,1.935,2.21,0.295,0.1,0.045,1.09,0.1,15.0,37
5.9,2.86,1.69,1.59,1.2,0.27,0.09,1.62,0.06,7.5,47
5.52,4.884,1.935,4.937,0.996,0.526,0.188,1.911,0.165,15.0,54
5.31,1.932,1.935,2.548,4.247,0.897,0.139,6.703,0.079,0.5,52
6.71,1.701,13.74,10.54,12.44,7.183,0.446,20.18,0.6,0.5,80
4.87,1.72,1.935,2.76,0.56,0.1,0.11,4.82,0.1,7.5,37
7.88,3.71,8.403,16.08,30.15,1.78,0.44,32.44,0.72,3.0,66
4.87,0.72,1.935,4.69,0.56,0.1,0.045,2.27,0.07,0.5,37
7.77,0.708,52.11,6.079,31.32,3.522,0.105,35.2,0.325,0.5,71
4.9,0.83,0.645,1.54,1.56,0.77,0.1,3.72,0.17,3.0,37
6.06,3.67,64.18,4.55,17.02,8.01,0.47,25.61,0.23,3.0,91
5.12,2.952,4.253,3.992,1.87,0.577,0.297,3.132,0.199,0.5,45
5.05,11.18,123.6,8.935,6.996,2.405,1.017,11.5,0.696,15.0,88
4.21,13.33,35.34,6.026,1.909,0.555,0.201,7.755,0.227,3.0,56
4.88,1.14,0.645,4.05,0.2,0.08,0.045,1.41,0.04,0.5,37
8.13,1.067,11.27,8.808,2.733,1.665,0.367,4.842,0.376,0.5,48
6.58,2.19,2.54,2.37,18.53,9.76,0.25,28.64,0.17,0.5,76
6.26,1.756,20.93,1.676,7.41,2.632,0.202,10.62,0.208,0.5,77
7.02,1.419,16.09,6.0,9.22,2.52,0.18,12.02,0.143,0.5,71
6.28,3.45,17.54,3.11,14.17,6.38,0.39,21.04,0.3,0.5,86
7.2,1.38,39.32,126.22,21.48,9.43,0.54,34.05,1.26,0.5,77
6.76,4.03,8.403,0.005,8.52,1.77,0.38,10.77,0.27,0.5,75
4.24,7.5,3.12,24.07,0.85,0.51,0.18,6.35,0.36,0.5,47
5.57,2.49,1.935,4.55,15.6,7.28,0.9,23.88,0.2,0.5,81
4.25,2.38,45.6,58.22,0.718,0.278,0.444,3.592,0.711,0.5,44
4.18,4.04,1.935,24.75,1.2,0.46,0.35,5.22,2.1,0.5,38
6.26,2.9,6.29,3.61,7.29,2.01,0.51,9.85,0.38,0.5,72
4.44,18.78,50.37,36.12,1.99,0.91,0.95,6.6,2.17,0.5,55
5.18,3.237,84.61,9.948,2.4,0.31,0.198,3.87,0.347,0.5,60
8.47,1.93,0.645,4.95,47.49,0.5,0.09,48.16,0.49,0.5,51
5.73,1.898,2.118,3.582,6.327,2.097,0.096,8.71,0.05,0.5,64
5.22,10.55,9.58,3.199,2.36,0.224,0.105,4.892,0.348,0.5,56
6.28,11.38,9.7,4.65,13.94,6.1,0.82,20.96,0.22,3.0,92
5.58,1.03,18.45,5.09,4.99,0.75,0.23,6.07,0.18,0.5,63
6.95,0.59,12.77,8.81,7.87,3.3,0.15,11.39,0.18,3.0,71
5.03,3.72,11.55,2.37,0.56,0.14,0.13,2.85,0.08,0.5,49
6.31,1.7,1.935,2.47,2.4,0.89,0.58,4.28,0.29,0.5,58
4.97,1.842,13.33,15.67,1.596,0.557,0.354,4.188,0.229,0.5,46
4.42,6.114,22.53,28.04,2.446,0.801,0.515,6.331,0.472,3.0,61
5.5,10.83,49.45,55.34,9.23,1.94,0.66,11.93,1.9,0.5,89
5.81,9.147,10.75,28.62,5.409,1.694,0.478,8.358,0.624,0.5,76
5.8,18.24,12.81,5.84,1.8,0.7,0.64,3.16,0.2,7.5,69
5.91,5.232,36.07,1.369,6.344,0.282,0.301,7.029,0.168,7.5,77
6.79,1.4,1.935,4.35,20.81,5.51,0.27,26.7,0.17,3.0,76
5.83,3.089,13.48,157.2,21.7,21.25,0.868,47.02,3.123,7.5,80
4.48,1.685,1.819,12.67,4.53,1.11,0.045,7.757,0.634,0.5,44
4.81,2.16,1.935,1.28,0.56,0.1,0.11,3.32,0.12,0.5,37
7.82,2.68,51.89,53.07,13.02,1.729,0.287,15.47,1.08,0.5,66
6.44,0.912,69.75,5.659,3.473,0.899,0.16,4.673,0.062,0.5,61
6.18,0.53,15.69,2.02,1.77,0.51,0.17,2.51,0.1,0.5,53
5.33,3.283,45.77,3.372,4.417,0.832,0.131,5.649,0.207,3.0,64
4.87,3.4,1.935,0.29,0.295,0.41,0.13,8.89,0.06,0.5,45
8.5,4.6,24.2,3.61,4.82,1.5,0.19,6.6,0.3,0.5,59
5.09,6.926,24.0,12.88,2.24,0.771,0.371,4.193,0.264,0.5,65
5.71,6.326,56.82,45.35,13.33,3.086,0.213,17.95,2.318,0.5,84
5.2,7.05,4.96,4.91,3.68,1.97,0.55,9.55,0.35,0.5,69
5.73,3.188,1.827,1.687,7.824,2.96,0.227,11.05,0.206,0.5,75
4.88,1.0,2.17,12.24,2.63,1.41,0.15,6.04,0.14,0.5,48
5.14,2.26,1.935,7.25,3.01,0.99,0.4,8.45,0.13,0.5,55
4.96,1.199,1.935,4.403,0.25,0.1,0.045,1.29,0.094,0.5,37
5.56,4.282,242.4,1.831,2.308,1.099,0.211,3.663,0.249,3.0,69
6.0,0.19,1.44,1.95,0.89,0.28,0.045,1.25,0.03,3.0,47
5.01,1.488,3.878,4.599,1.638,0.362,0.045,4.63,0.05,0.5,42
5.08,6.296,169.7,23.27,5.715,0.994,0.97,9.698,0.313,0.5,76
5.89,19.65,6.36,3.6,9.1,1.52,0.89,11.8,0.223,7.5,76
5.15,1.83,1.935,3.81,1.6,0.88,0.2,4.88,0.09,0.5,45
6.23,3.013,1.532,1.686,3.257,1.644,0.396,5.369,0.142,0.5,68
5.019,4.769,7.479,4.211,4.606,1.09,0.188,10.83,0.174,0.5,67
4.96,1.97,25.51,9.89,2.21,0.94,0.27,7.15,0.13,0.5,53
5.68,3.07,55.87,9.03,3.89,0.88,0.42,5.26,0.16,3.0,72
6.02,6.67,8.333,4.57,11.23,1.235,0.676,13.24,0.207,0.5,83
5.28,6.385,3.277,5.278,0.873,0.245,0.185,2.753,0.165,0.5,53
7.44,2.525,27.27,7.361,19.21,8.82,0.627,28.85,0.383,0.5,82
4.87,2.561,2.76,3.402,0.281,0.051,0.045,2.52,0.137,0.5,37
6.72,1.79,3.68,2.89,19.58,5.55,0.28,25.55,0.16,0.5,76
5.21,0.41,6.6,4.97,0.753,0.352,0.045,1.666,0.398,0.5,42
6.69,2.853,2.401,4.838,18.08,4.009,1.248,23.41,0.462,0.5,81
6.49,3.74,80.13,4.22,15.61,3.83,0.39,19.93,0.21,0.5,91
9.96,3.07,37.06,68.76,42.71,0.64,3.13,53.17,1.47,3.0,64
4.84,2.21,0.645,6.36,0.56,0.1,0.045,3.34,0.13,0.5,37
6.02,4.059,81.27,4.003,10.39,1.615,1.302,13.45,0.291,0.5,87
6.19,0.59,1.935,2.55,5.62,3.8,0.2,9.78,0.11,0.5,67
4.9,6.832,37.59,6.086,1.57,0.933,1.213,5.427,1.569,0.5,58
5.03,1.33,4.23,4.36,1.21,0.38,0.045,4.26,0.12,0.5,42
4.55,2.024,3.518,2.589,4.417,1.665,0.137,14.91,0.237,3.0,55
6.64,0.561,20.69,14.89,8.461,5.82,0.297,14.79,0.492,0.5,79
7.35,1.17,27.28,8.56,12.37,2.83,0.26,15.75,0.23,3.0,77
5.53,0.985,8.784,18.69,19.36,6.418,0.227,26.96,0.421,0.5,76
4.75,0.652,1.935,12.3,0.367,0.331,0.045,1.706,0.43,0.5,37
4.99,39.07,36.14,12.48,3.107,1.254,0.463,9.36,0.223,0.5,61
4.56,4.33,10.31,15.44,0.72,0.32,0.23,3.76,0.32,0.5,47
5.26,6.66,4.218,8.931,3.293,1.424,0.383,6.054,0.303,0.5,67
5.03,2.07,1.935,0.64,0.295,0.1,0.045,2.33,0.04,3.0,42
5.08,1.709,7.999,6.089,2.033,1.19,0.217,6.155,0.122,0.5,56
5.22,16.76,5.63,11.96,10.49,2.54,0.25,13.87,1.17,0.5,74
5.06,1.66,0.645,3.16,1.76,1.56,0.2,27.06,0.05,0.5,60
7.34,1.05,10.04,8.76,20.25,2.81,0.14,23.44,0.75,0.5,69
5.98,1.6,3.1,13.34,11.29,8.5,0.24,20.49,0.2,0.5,76
5.13,3.706,44.89,14.98,1.507,0.396,0.414,3.884,0.495,0.5,60
4.45,3.88,11.17,6.202,0.56,0.26,0.16,10.1,0.223,0.5,40
6.96,2.62,56.56,4.93,6.0,1.39,0.35,7.8,0.38,0.5,75
7.19,0.47,8.45,98.26,6.83,4.44,0.19,13.54,1.33,0.5,61
4.94,19.32,162.3,29.98,7.109,1.826,2.086,14.05,1.582,0.5,77
5.85,1.22,21.38,11.86,6.43,1.39,0.16,8.02,0.27,0.5,70
5.46,4.71,8.403,8.4,8.21,1.69,0.31,11.07,0.21,0.5,70
4.78,16.49,9.652,44.05,7.315,5.094,1.363,15.36,0.736,3.0,78
5.85,1.132,8.583,3.333,4.191,0.404,0.045,4.756,0.113,0.5,53
7.3,7.363,49.5,11.89,20.83,1.729,0.36,22.95,0.622,0.5,85
5.44,8.85,213.77,103.65,10.35,4.21,3.47,18.6,3.43,3.0,84
5.66,15.21,31.31,9.39,7.67,1.37,0.88,9.99,0.16,0.5,86
5.24,6.567,3.656,27.42,0.59,0.25,0.045,2.189,0.113,0.5,50
6.56,1.887,39.05,5.1,8.573,2.504,0.457,11.7,0.213,3.0,82
4.74,0.67,1.71,2.37,1.24,0.41,0.14,2.91,0.21,15.0,37
6.19,1.866,12.45,5.049,5.13,2.156,0.111,7.537,0.467,0.5,67
5.63,2.757,2.491,5.479,9.996,4.687,0.217,15.02,0.166,3.0,76
4.45,2.26,0.71,8.0,0.56,0.2,0.16,5.22,0.17,0.5,39
4.8,3.175,16.51,4.688,4.031,1.106,0.312,9.467,0.262,0.5,64
4.3,1.5,1.935,5.72,0.295,0.1,0.045,6.8,0.14,0.5,36
4.93,1.66,12.18,4.0,0.61,0.12,0.045,2.72,0.11,0.5,40
4.3,2.086,1.935,8.26,1.13,0.37,0.045,5.797,0.126,0.5,36
6.54,0.354,13.92,3.735,11.89,4.192,0.174,16.36,0.259,7.5,79
5.62,8.304,77.2,52.72,9.023,2.775,0.435,13.59,1.871,0.5,87
5.43,17.9,31.18,17.9,3.566,1.122,0.711,5.853,0.11,0.5,78
4.73,2.48,10.88,23.97,1.66,0.7,0.18,3.91,0.45,0.5,43
6.38,0.97,14.57,0.93,10.11,6.36,0.22,17.0,0.12,3.0,79
4.46,2.097,5.039,2.446,0.291,0.154,0.045,3.519,0.157,0.5,32
6.28,5.581,61.33,6.843,17.51,4.611,1.577,23.77,0.64,3.0,95
4.81,1.21,1.42,5.13,0.48,0.19,0.045,2.93,0.09,0.5,37
4.42,1.591,3.27,3.105,0.343,0.113,0.102,2.587,0.088,7.5,32
7.99,2.16,89.56,7.75,22.25,4.71,0.54,27.86,0.36,0.5,79
5.03,3.48,6.39,5.51,1.21,0.26,0.045,5.8,0.12,0.5,50
5.79,1.62,5.87,7.9,1.71,0.67,0.09,2.53,0.11,0.5,47
5.32,2.64,8.403,10.59,2.0,0.49,0.13,3.46,0.27,0.5,40
5.46,15.86,22.2,15.22,3.144,0.873,0.595,4.722,0.433,7.5,70
4.44,4.19,8.88,5.6,1.98,0.31,0.17,5.91,0.1,0.5,43
7.84,1.57,91.34,6.58,19.12,5.93,0.7,26.06,0.42,0.5,79
6.92,0.732,20.38,3.212,2.096,0.41,0.524,3.13,0.253,0.5,64
5.21,7.922,7.291,4.968,0.556,0.261,0.157,2.566,0.274,7.5,53
4.23,2.811,4.129,1.995,0.293,0.071,0.045,2.283,0.116,7.5,32
8.33,0.542,13.04,1.557,33.74,3.113,0.293,37.34,0.661,0.5,62
4.48,1.67,2.61,6.73,1.61,0.61,0.17,5.45,0.48,0.5,39
5.11,9.764,10.38,2.664,3.001,0.606,0.14,5.789,0.169,3.0,60
5.8,0.48,2.88,5.49,2.36,0.69,0.045,3.17,0.13,0.5,50
5.62,16.17,4.345,9.016,9.729,1.24,0.384,11.45,0.95,0.5,82
4.769,6.009,3.292,4.886,0.926,0.208,0.182,5.47,0.173,0.5,52
4.9,1.59,16.91,11.76,0.83,0.12,0.045,2.04,0.16,0.5,40
4.96,6.869,1.549,2.861,1.212,0.312,0.233,4.893,0.175,0.5,48
5.0,2.12,11.01,10.11,4.09,2.49,0.66,11.94,0.11,0.5,74
5.29,3.48,2.49,6.57,2.5,1.16,0.21,4.17,0.32,0.5,56
6.12,2.624,1.935,2.326,16.11,8.737,0.198,25.19,0.378,3.0,76
5.62,23.14,296.5,23.33,18.93,5.761,1.692,26.6,1.013,15.0,95
4.95,2.84,1.935,7.15,0.295,0.24,0.09,3.57,0.06,7.5,37
5.17,2.36,4.84,6.202,8.08,3.79,0.25,12.64,2.51,0.5,60
4.23,2.543,44.84,6.415,0.561,0.082,0.045,2.627,0.169,7.5,40
8.13,1.278,41.38,7.955,20.21,2.25,0.495,23.17,0.788,0.5,70
6.13,10.74,10.3,8.94,9.16,1.33,0.36,10.94,0.15,3.0,87
7.44,1.22,25.19,23.55,12.65,4.02,0.37,17.21,0.73,0.5,78
4.4,2.153,62.07,12.56,0.855,0.396,0.209,3.051,0.306,0.5,43
5.15,1.83,1.46,2.54,7.2,9.26,0.32,21.37,0.12,0.5,72
5.23,4.75,3.723,10.5,0.855,0.211,0.378,3.326,0.203,0.5,52
4.67,1.314,1.935,4.349,0.722,0.21,0.045,2.726,0.118,0.5,37
5.44,1.21,7.97,1.72,5.36,0.68,0.09,6.45,0.14,3.0,52
6.04,3.069,1.935,5.455,27.77,16.05,0.257,44.3,0.221,0.5,80
4.09,2.308,2.99,4.061,0.18,0.061,0.045,3.301,0.179,0.5,32
5.04,0.97,1.935,2.46,0.56,0.1,0.045,2.82,0.05,0.5,42
6.74,2.43,16.24,3.36,17.29,4.848,0.501,22.76,0.374,3.0,84
4.77,2.93,4.22,13.99,1.01,0.33,0.27,5.91,0.24,0.5,44
6.49,3.15,6.313,3.022,3.253,0.276,0.266,4.03,0.436,0.5,57
6.05,2.792,13.57,23.34,12.72,5.344,0.247,18.57,0.377,0.5,79
5.23,2.454,6.284,3.207,5.133,3.275,0.181,11.56,0.197,7.5,66
5.03,1.95,0.645,3.19,0.82,0.18,0.045,3.23,0.11,0.5,42
8.36,1.62,5.89,7.24,32.57,6.02,0.13,38.83,0.31,7.5,58
4.73,3.71,5.35,4.56,0.56,0.3,0.38,6.85,0.16,0.5,51
4.99,1.14,0.645,2.07,0.71,0.65,0.09,15.96,0.04,0.5,48
4.55,1.98,1.935,16.42,0.295,0.1,0.045,6.75,0.08,0.5,41
5.1,4.62,1.63,4.67,4.53,1.76,0.65,7.59,0.45,0.5,68
6.32,11.25,827.8,282.3,25.05,1.141,1.017,27.55,5.05,0.5,89
4.3,2.65,3.77,8.93,0.5,0.2,0.1,3.98,0.18,0.5,32
5.96,5.88,7.94,10.17,5.65,1.29,0.31,7.33,0.5,0.5,73
5.42,11.92,27.64,4.97,5.0,0.97,1.05,7.65,0.9,0.5,75
5.3,5.545,4.876,14.32,4.268,1.583,0.092,7.87,2.615,0.5,56
4.31,6.64,33.47,10.34,1.21,0.39,0.33,7.28,0.39,3.0,56
5.16,1.838,22.29,3.874,1.641,1.007,0.124,2.996,0.174,0.5,52
6.06,1.458,6.505,4.065,14.72,1.278,0.187,16.32,0.607,0.5,71
8.55,2.406,4.439,3.577,61.93,0.329,0.1,62.52,0.629,15.0,49
5.8,13.52,8.302,4.351,6.463,1.058,0.45,8.072,0.308,7.5,78
7.18,3.338,223.5,16.84,20.54,0.78,0.419,21.98,0.678,0.5,77
7.17,0.606,55.79,2.368,10.22,4.878,0.246,15.43,0.249,7.5,79
4.61,1.26,1.935,2.11,0.81,0.22,0.045,7.52,0.08,0.5,41
8.27,0.9,36.22,145.1,27.66,2.98,0.31,33.28,3.53,0.5,62
4.92,10.48,5.18,7.33,0.54,0.22,0.14,1.91,0.36,0.5,48
5.16,6.88,1.84,21.66,1.41,0.48,0.09,5.44,0.2,0.5,54
4.92,1.5,3.34,2.95,0.64,0.2,0.09,3.15,0.08,7.5,37
5.22,2.079,1.935,1.798,0.25,0.407,0.178,5.481,0.038,0.5,49
6.38,1.479,46.19,4.725,12.53,3.629,0.224,16.66,0.249,0.5,84
6.32,3.656,264.1,6.359,13.06,1.789,0.213,15.17,0.381,0.5,85
6.05,1.57,7.697,2.27,2.272,0.253,0.045,2.668,0.136,0.5,50
5.76,3.64,16.15,7.02,6.52,1.36,0.23,7.77,0.21,7.5,71
5.8,1.078,75.54,5.202,1.949,0.373,0.239,2.702,0.189,0.5,58
5.07,3.594,1.574,6.8,3.828,1.716,0.337,6.302,0.11,0.5,63
6.11,2.16,21.43,14.16,6.88,1.45,0.17,8.69,0.31,0.5,70
5.67,7.073,1.935,3.508,3.342,0.629,0.145,4.255,0.101,0.5,58
5.24,8.03,6.81,4.48,2.63,0.51,0.19,4.36,0.21,3.0,56
4.86,2.476,21.13,3.363,2.452,0.587,0.045,5.194,0.193,0.5,50
4.86,2.559,136.8,3.412,6.607,0.686,0.136,8.318,0.492,0.5,55
4.62,1.62,1.38,5.55,1.04,0.14,0.045,2.58,0.14,0.5,37
6.21,1.713,4.766,2.736,10.23,5.123,0.159,15.61,0.257,0.5,76
5.88,2.406,1.935,3.701,12.84,3.685,0.136,17.19,0.473,0.5,73
5.059,12.05,5.39,6.221,5.428,0.267,0.045,6.12,0.33,0.5,63
4.79,9.335,6.589,3.045,0.56,0.49,0.21,4.454,0.263,0.5,48
5.5,1.62,114.94,46.11,7.38,1.64,0.98,10.1,0.48,0.5,81
4.73,8.21,20.73,12.23,1.06,0.22,0.12,2.78,0.56,0.5,49
4.75,13.55,33.89,25.95,2.636,1.304,0.843,6.92,0.711,0.5,71
8.79,4.47,132.24,6.93,23.22,1.14,0.32,24.89,0.51,0.5,71
5.56,1.79,30.01,0.16,2.98,0.43,0.045,3.59,0.1,0.5,56
4.9,7.861,3.703,3.501,4.116,1.387,0.259,7.004,0.27,0.5,62
6.7,2.569,19.77,7.792,14.9,9.992,0.419,25.9,0.525,0.5,80
5.23,15.3,8.696,4.153,2.057,0.365,0.214,5.021,0.196,7.5,63
5.53,8.41,8.403,8.69,3.3,0.53,0.5,4.43,0.26,3.0,62
5.46,3.5,8.403,3.6,1.56,0.4,0.045,2.52,0.19,15.0,44
8.449,1.14,13.41,5.955,47.44,5.788,0.353,54.58,0.652,0.5,65
6.44,2.831,3.754,14.02,13.95,0.306,0.237,14.59,0.216,0.5,66
4.309,2.142,8.279,5.8,0.951,0.357,0.165,4.868,0.283,0.5,35
7.6,2.047,38.31,3.315,12.72,6.538,0.32,19.83,0.186,3.0,75
4.78,8.138,1.536,7.795,3.132,0.411,0.137,4.32,0.194,3.0,48
7.36,1.69,5.26,4.55,11.7,4.28,0.38,16.52,0.24,0.5,74
4.3,3.43,4.69,9.08,0.53,0.26,0.13,9.99,0.23,3.0,40
5.94,4.211,60.32,4.16,5.263,0.899,0.607,6.87,0.196,0.5,77
4.519,2.408,1.493,7.656,0.844,0.303,0.184,3.722,0.402,0.5,40
5.08,7.366,32.08,8.587,4.224,2.21,0.723,8.255,0.916,15.0,79
8.43,1.38,41.34,167.98,42.14,11.06,0.77,60.89,6.86,0.5,66
5.33,7.67,10.46,18.93,0.56,0.24,0.22,2.15,0.22,0.5,56
5.15,22.64,44.91,4.637,0.969,0.427,0.334,4.509,0.21,0.5,67
4.85,3.33,8.13,5.48,2.76,0.58,0.12,8.18,0.18,0.5,48
5.01,4.45,1.935,7.47,0.295,0.1,0.045,0.68,0.11,7.5,46
4.45,2.62,1.86,10.64,0.31,0.14,0.045,3.46,0.16,0.5,32
5.0,1.53,0.71,6.202,2.17,0.53,0.09,5.11,0.223,0.5,39
4.81,2.14,2.7,6.29,3.03,0.32,0.21,12.47,0.13,7.5,51
5.19,1.91,1.935,17.53,0.295,0.1,0.045,1.62,0.04,7.5,42
4.82,1.34,1.935,4.15,0.56,0.1,0.045,1.58,0.1,3.0,37
5.44,14.86,9.23,5.59,3.85,0.55,0.27,5.64,0.15,0.5,63
5.52,3.589,4.207,3.0,2.98,1.471,0.162,4.642,0.099,3.0,61
5.099,2.583,1.935,2.103,0.25,0.1,0.045,2.34,0.057,0.5,42
7.53,2.28,1.29,5.02,59.31,0.35,0.16,59.9,0.57,0.5,57
4.26,0.95,1.935,3.83,0.56,0.22,0.045,3.7,0.23,0.5,32
5.2,2.81,11.36,4.47,2.3,0.7,0.46,4.11,0.36,0.5,54
5.17,0.91,1.935,4.57,0.56,0.1,0.045,1.44,0.09,0.5,42
4.58,1.82,8.19,10.56,0.78,0.1,0.1,3.72,0.2,3.0,37
4.599,1.546,3.758,12.6,1.005,0.294,0.045,2.476,0.16,0.5,37
5.24,7.17,7.07,11.42,1.3,0.42,0.18,4.61,0.14,0.5,53
6.0,6.817,3.897,4.756,6.888,1.356,0.208,8.513,0.221,0.5,72
7.67,2.888,39.48,12.4,37.59,4.788,0.67,43.17,0.495,0.5,77
4.769,1.958,1.935,5.796,2.017,0.825,0.154,6.22,0.199,7.5,47
4.61,1.09,7.8,8.63,1.12,0.19,0.045,6.75,0.11,0.5,41
4.55,1.41,4.38,1.39,0.56,0.1,0.045,2.44,0.11,0.5,37
5.32,7.744,4.82,6.065,2.641,0.342,0.176,3.79,0.291,7.5,56
8.08,0.479,16.96,1.875,4.817,0.941,0.045,5.988,0.211,0.5,45
5.69,8.012,20.82,24.89,9.36,3.7,0.672,13.93,0.505,0.5,90
6.08,4.949,143.4,5.976,6.371,1.415,1.266,9.189,0.575,0.5,79
5.39,3.81,40.88,6.0,1.91,0.31,0.11,3.15,0.21,0.5,54
5.84,1.09,6.31,3.27,11.05,7.26,0.27,18.7,0.3,0.5,76
6.8,0.83,8.403,1.88,11.8,2.96,0.09,15.12,0.08,0.5,71
5.56,3.14,59.83,8.17,5.86,0.91,0.19,7.06,0.29,3.0,72
5.17,1.222,1.935,3.78,3.703,2.875,0.124,11.71,0.081,15.0,60
4.6,1.86,1.935,10.86,0.56,0.1,0.1,4.22,0.19,0.5,37
4.41,1.69,2.36,9.24,0.24,0.12,0.045,6.86,0.14,0.5,36
8.66,1.642,1.935,12.59,14.42,0.539,0.097,15.42,0.691,7.5,49
5.61,5.06,8.72,5.25,5.28,1.99,0.48,7.93,0.25,0.5,75
5.04,3.067,13.61,10.49,5.25,1.311,0.277,8.646,0.285,15.0,66
5.74,4.157,3.096,3.312,6.739,1.562,0.096,8.414,0.265,0.5,65
6.95,2.388,81.44,3.75,8.469,3.187,0.141,11.93,0.267,0.5,78
7.77,2.205,9.898,4.979,4.343,0.709,0.045,5.176,0.179,3.0,47
6.39,5.488,87.83,38.26,15.07,3.124,1.594,20.31,0.739,0.5,95
6.34,5.05,4.77,4.89,10.48,1.65,0.22,12.43,0.16,0.5,78
4.93,1.593,4.06,6.566,0.369,0.209,0.045,1.422,0.133,0.5,37
5.69,1.534,13.98,7.402,2.824,0.361,0.289,3.615,0.179,0.5,56
6.01,3.079,385.1,6.43,4.155,1.233,0.835,6.311,0.354,0.5,81
5.04,0.88,0.645,1.73,0.47,0.71,0.32,24.07,0.04,0.5,59
6.13,1.983,4.983,2.984,22.92,11.56,0.168,34.79,0.224,7.5,76
5.35,3.88,6.34,7.68,3.05,1.96,0.47,6.31,0.32,0.5,63
5.92,1.22,8.31,4.97,5.49,1.23,0.15,6.96,0.28,0.5,61
4.72,4.02,34.69,13.04,3.23,1.57,0.84,6.97,0.76,0.5,64
6.84,1.64,3.56,8.44,20.99,8.85,0.41,31.2,0.24,0.5,79
5.05,3.716,1.935,6.476,6.277,5.686,0.149,12.7,0.56,0.5,65
5.72,2.399,80.1,2.512,4.121,0.654,0.158,5.089,0.188,7.5,68
7.39,3.027,13.8,5.686,33.74,17.52,1.211,52.76,0.274,3.0,83
4.99,1.6,2.17,3.83,2.93,1.48,0.14,11.33,0.1,0.5,52
5.38,8.055,3.705,6.417,2.751,0.986,0.252,4.847,0.118,0.5,56
4.53,2.985,5.903,15.18,1.156,0.413,0.126,6.117,0.161,0.5,41
5.019,1.432,5.784,3.963,1.121,0.284,0.045,1.723,0.094,0.5,42
5.79,0.951,21.01,1.916,4.777,0.966,0.096,5.94,0.147,0.5,63
5.68,3.95,8.691,9.101,17.64,12.32,0.644,31.25,0.312,0.5,85
5.56,15.08,1.935,12.0,1.142,0.334,0.112,1.729,0.145,3.0,58
5.15,0.384,6.905,2.748,1.101,0.321,0.045,1.981,0.052,0.5,42
7.76,1.354,58.48,6.428,8.611,6.353,0.592,15.66,0.28,0.5,79
4.68,2.02,24.31,7.37,0.46,0.14,0.045,3.83,0.09,0.5,43
5.04,7.52,10.82,5.39,0.56,0.1,0.045,0.94,0.12,0.5,53
5.49,5.53,26.13,7.95,4.76,1.34,0.29,7.46,0.16,3.0,73
4.92,1.467,0.734,2.236,1.315,0.262,0.045,2.873,0.077,0.5,37
6.98,0.63,22.74,4.97,3.576,1.218,0.116,5.002,0.273,0.5,64
5.12,5.138,29.19,9.161,2.494,0.488,0.216,5.282,0.229,0.5,66
8.16,2.724,18.09,8.195,27.47,0.918,0.132,28.62,0.669,3.0,52
5.8,3.59,1.935,4.82,5.63,1.04,0.1,6.9,0.1,0.5,65
6.11,1.41,1.67,7.5,8.33,4.12,0.045,12.66,0.17,0.5,70
4.81,1.33,6.56,6.202,0.96,0.85,0.38,4.24,0.31,0.5,43
8.39,0.84,21.55,79.85,27.89,3.05,0.35,32.38,1.06,0.5,65
6.15,1.41,2.76,1.43,1.87,0.44,0.045,2.42,0.13,15.0,47
6.34,1.71,117.21,2.34,3.36,0.6,0.32,4.32,0.26,3.0,64
6.66,1.491,32.92,309.9,10.64,2.892,0.245,14.85,3.632,0.5,71
4.66,1.68,1.935,4.48,0.295,0.1,0.045,2.73,0.07,0.5,37
4.12,2.13,1.935,11.32,0.56,0.1,0.1,6.73,0.18,0.5,36
4.3,14.74,8.77,10.61,1.167,0.388,0.208,3.813,0.9,0.5,44
6.84,2.31,23.01,4.67,10.88,3.14,0.15,14.48,0.18,0.5,76
6.34,2.868,14.27,3.555,13.29,5.826,1.149,20.59,0.321,0.5,84
8.0,1.36,28.62,3.17,19.03,1.84,0.23,21.22,0.42,0.5,69
5.98,11.67,62.49,12.51,7.524,1.158,0.603,9.387,0.283,0.5,88
6.02,7.672,9.483,8.441,2.762,0.663,0.105,3.738,0.043,0.5,58
4.99,2.41,12.19,12.84,0.72,0.56,0.14,6.0,0.14,0.5,44
4.24,3.287,1.935,12.62,0.25,0.1,0.122,3.312,0.368,0.5,36
7.42,2.206,345.1,9.741,11.01,1.091,0.619,12.82,0.686,0.5,76
5.31,2.279,4.33,4.086,1.48,0.47,0.1,3.504,0.098,0.5,42
5.48,6.688,15.84,3.593,4.652,2.205,1.165,8.145,0.21,3.0,78
5.89,2.5,1.58,3.06,4.74,2.44,0.21,7.48,0.11,0.5,67
6.79,2.149,2.594,2.821,30.41,6.678,0.296,37.96,0.162,0.5,76
5.76,4.91,16.23,3.36,5.37,1.66,0.96,8.09,0.21,0.5,76
8.56,1.255,1.935,17.09,40.47,0.891,0.201,42.25,0.73,15.0,52
6.92,2.5,5.96,3.92,15.55,2.865,0.176,18.81,0.229,0.5,76
5.8,4.831,656.8,9.754,9.007,2.599,1.362,13.17,0.455,0.5,90
5.07,9.166,30.03,12.98,0.25,0.25,0.138,1.2,0.285,0.5,56
5.42,2.48,23.22,3.16,10.23,2.11,0.21,12.83,0.31,7.5,74
4.85,0.55,0.645,4.26,0.46,0.14,0.045,1.3,0.08,0.5,37
5.68,8.38,2.66,1.21,3.94,0.78,0.51,5.32,0.17,0.5,70
4.96,2.124,6.721,2.672,3.521,1.023,0.239,13.77,0.117,0.5,55
4.81,2.17,0.645,6.38,0.47,0.16,0.045,3.19,0.07,0.5,37
6.15,6.03,46.15,13.53,7.6,1.696,1.171,10.51,0.28,0.5,89
5.05,5.21,1.935,3.999,0.899,0.35,0.12,3.617,0.112,0.5,50
4.23,2.594,63.4,69.1,1.2,0.616,0.619,4.442,0.915,0.5,46
5.9,8.15,8.403,6.202,6.26,1.56,0.25,8.16,0.223,7.5,60
5.34,2.055,7.738,1.796,5.76,1.588,0.344,9.034,0.232,0.5,62
4.68,0.81,1.935,0.86,0.56,0.31,0.13,10.12,0.1,15.0,45
4.47,17.19,110.8,16.81,4.929,1.419,2.13,11.83,3.758,0.5,69
5.58,2.979,2.199,4.394,7.675,1.706,0.15,9.564,0.158,3.0,61
4.889,10.77,70.36,28.34,2.827,1.384,0.418,6.477,0.99,0.5,71
4.64,3.57,1.54,2.13,0.51,0.16,0.045,4.32,0.11,0.5,41
5.31,3.14,7.22,4.33,6.9,1.57,0.32,9.27,0.19,0.5,66
4.04,6.105,10.43,6.611,1.624,0.42,0.292,8.557,0.456,0.5,50
4.72,2.14,1.935,7.042,0.25,0.1,0.045,3.856,0.067,0.5,37
5.21,0.625,0.732,1.224,0.199,0.071,0.045,1.27,0.015,0.5,42
4.54,7.19,8.403,6.202,4.73,0.86,1.35,10.18,0.223,0.5,55
7.24,1.537,86.31,3.811,12.95,10.21,0.606,23.91,0.376,0.5,84
7.93,2.992,9.004,3.607,10.33,6.723,0.198,17.36,0.221,0.5,66
8.01,3.22,88.7,41.37,28.11,4.79,0.51,33.84,0.73,0.5,76
6.9,2.966,55.69,2.89,12.16,1.315,0.435,13.95,0.318,0.5,81
7.02,1.23,41.93,6.342,6.14,1.973,0.124,8.369,0.214,3.0,64
5.13,1.05,14.2,6.32,0.82,0.1,0.045,3.05,0.09,0.5,45
6.1,3.31,24.97,4.73,3.81,0.66,0.15,4.7,0.13,0.5,60
5.36,16.38,6.105,4.969,2.333,0.627,0.358,4.026,0.361,0.5,62
7.51,6.386,120.7,8.675,29.54,4.595,1.777,36.04,0.664,7.5,85
6.8,1.07,3.24,0.6,1.79,0.36,0.13,2.35,0.1,0.5,47
5.82,4.344,6.337,3.649,16.51,6.599,0.979,24.16,0.452,15.0,85
5.7,8.897,10.27,4.688,14.77,2.462,0.402,17.81,0.648,0.5,88
6.29,3.334,3.536,4.54,6.739,1.788,0.045,8.648,0.111,0.5,65
7.72,2.389,78.57,8.909,12.89,1.958,0.5,15.45,0.528,0.5,72
6.52,9.4,5.56,25.1,12.18,7.16,0.045,19.52,0.81,0.5,79
6.32,2.103,12.84,4.117,2.046,0.421,0.124,2.636,0.121,0.5,53
5.78,2.836,1.935,3.619,3.631,1.181,0.045,5.042,0.148,3.0,58
6.94,2.323,30.44,99.21,16.3,8.244,0.397,25.42,1.151,3.0,80
5.45,4.14,5.42,9.439,4.492,6.476,0.288,11.29,0.255,3.0,70
4.61,2.238,5.365,7.743,0.661,0.606,0.115,3.771,0.137,3.0,37
7.06,2.261,15.82,8.255,16.86,6.959,0.636,25.14,0.439,0.5,79
4.44,0.377,4.394,1.845,0.25,0.1,0.045,1.225,0.145,3.0,32
9.16,1.028,38.2,466.4,16.37,7.901,0.925,27.35,8.557,0.5,64
8.199,2.871,49.42,7.955,22.59,3.433,0.881,27.04,0.909,0.5,72
4.18,5.31,1.935,9.72,1.29,0.28,0.11,5.88,0.55,7.5,42
7.44,2.944,16.71,5.673,16.43,3.762,0.64,20.88,0.317,0.5,79
7.61,0.83,13.8,7.28,13.19,5.45,0.13,18.92,0.18,3.0,66
4.79,2.69,1.935,4.47,1.13,0.42,0.045,3.6,0.1,3.0,37
7.71,3.026,328.7,286.6,13.02,3.7,0.927,18.2,15.04,0.5,75
5.86,4.101,5.329,2.39,8.877,1.833,0.152,10.96,0.337,0.5,74
4.87,0.75,1.935,3.77,0.67,0.1,0.045,4.23,0.05,3.0,37
4.8,1.79,4.98,7.35,1.81,0.79,0.11,4.26,0.21,0.5,37
3.88,1.33,1.51,4.72,0.56,0.24,0.1,7.28,0.38,0.5,36
5.95,9.41,1.935,11.34,25.09,10.75,0.6,36.73,0.41,0.5,89
6.31,1.782,39.35,8.721,21.35,6.475,0.448,29.03,0.51,0.5,83
4.95,1.913,1.935,6.86,2.078,0.331,0.097,4.751,0.129,0.5,40
4.65,0.7,4.411,4.525,0.562,0.217,0.13,3.055,0.137,0.5,37
4.82,2.569,1.935,16.49,1.877,0.56,0.13,3.623,0.272,0.5,37
4.71,1.07,16.85,11.07,0.63,0.37,0.36,12.16,0.22,0.5,54
5.08,1.21,2.7,2.46,0.65,0.21,0.045,2.11,0.11,0.5,42
4.58,9.49,6.17,12.52,0.61,0.26,0.2,3.07,0.59,3.0,46
4.91,7.41,63.57,47.65,21.02,1.508,0.218,24.76,1.024,0.5,74
4.59,1.69,2.56,3.77,0.56,0.1,0.045,2.64,0.19,0.5,37
7.96,3.77,15.21,18.64,25.84,2.21,0.44,28.57,0.66,0.5,74
5.39,1.92,10.85,2.57,3.24,0.28,0.09,4.32,0.12,3.0,48
7.88,1.055,252.3,8.911,7.413,4.255,0.675,12.64,0.318,0.5,74
6.15,2.35,5.641,6.897,7.637,2.405,0.102,10.23,0.13,7.5,68
5.3,3.24,2.14,2.74,2.74,0.3,0.13,3.43,0.21,0.5,49
5.15,0.703,19.97,2.997,0.435,0.101,0.045,1.132,0.097,3.0,45
5.03,0.352,1.935,2.837,0.25,0.1,0.045,1.569,0.067,0.5,42
8.34,1.304,48.24,8.098,31.59,2.33,0.591,34.64,0.844,0.5,72
4.7,6.557,3.298,17.24,0.574,0.298,0.489,3.016,0.186,3.0,51
6.89,3.9,12.51,5.82,12.35,2.95,0.58,15.95,0.28,0.5,88
5.6,11.64,468.2,14.27,14.3,1.221,0.981,16.73,0.517,3.0,95
5.33,10.18,1.96,3.335,1.716,0.616,0.045,3.269,0.08,0.5,53
5.18,4.24,10.59,7.05,3.35,1.24,0.31,6.77,0.14,3.0,66
4.91,6.15,10.05,17.12,1.68,0.64,0.15,5.12,0.24,0.5,52
8.039,1.681,33.78,45.23,10.44,1.727,0.313,12.63,0.479,0.5,64
5.75,2.91,25.99,5.39,12.11,0.9,0.11,13.19,0.26,15.0,69
4.76,0.62,8.08,16.78,0.56,0.1,0.045,1.44,0.29,0.5,37
6.65,3.338,21.95,2.238,20.46,3.755,1.378,25.91,0.295,0.5,91
8.26,1.375,31.03,8.958,42.83,2.535,0.371,45.88,0.84,0.5,68
6.71,1.52,46.58,6.42,13.96,6.74,0.4,21.19,0.223,0.5,77
5.74,9.119,9.754,8.994,7.375,1.727,0.793,9.923,0.289,3.0,77
7.69,4.79,35.38,9.35,48.99,2.77,0.18,52.08,0.78,0.5,74
5.94,1.953,58.29,3.845,4.696,1.121,0.58,6.465,0.37,0.5,77
4.72,8.12,3.88,23.0,1.12,0.2,0.14,5.63,0.14,0.5,49
6.25,2.016,42.57,3.081,7.487,1.542,0.045,9.166,0.065,15.0,69
7.73,0.087,43.72,18.35,12.47,3.852,0.856,17.7,0.47,0.5,79
5.85,1.826,4.144,12.82,11.35,6.658,0.313,18.42,0.356,0.5,79
5.89,2.725,5.442,2.83,9.094,2.228,0.566,12.09,0.222,0.5,78
4.15,1.29,1.935,4.76,0.56,0.1,0.045,3.18,0.22,0.5,32
4.37,4.41,2.82,4.43,1.3,0.41,0.17,9.9,0.83,0.5,41
6.41,2.33,1.935,3.03,9.2,3.23,0.33,12.84,0.26,0.5,76
7.2,0.95,92.12,5.04,4.07,0.8,0.46,5.43,0.22,0.5,66
4.68,2.56,31.29,7.021,1.415,0.318,0.045,3.749,0.207,7.5,43
5.34,17.24,4.352,3.311,1.871,0.555,0.23,3.409,0.184,3.0,56
5.0,15.31,25.62,6.196,0.77,0.1,0.127,2.892,0.212,7.5,59
4.26,0.34,1.935,6.65,0.56,0.1,0.045,1.81,0.18,0.5,32
6.54,1.561,1.935,3.116,21.36,6.791,0.736,29.1,0.142,0.5,81
5.42,0.984,1.756,1.927,0.916,0.215,0.045,1.641,0.072,0.5,42
6.39,2.319,4.711,16.99,12.55,9.608,0.236,22.88,0.234,0.5,76
5.63,1.47,8.403,2.81,9.6,2.9,0.19,12.84,0.2,0.5,71
8.07,1.78,8.403,5.78,14.88,7.08,0.83,22.94,0.47,0.5,64
4.61,3.481,5.335,3.495,1.047,0.407,0.107,3.758,0.17,7.5,41
5.42,17.02,2.82,7.93,1.03,0.73,0.72,3.02,0.5,0.5,59
5.37,2.835,30.49,16.09,2.687,0.607,0.35,3.917,1.02,0.5,52
8.92,1.07,42.16,79.09,34.47,5.5,0.41,42.81,1.91,0.5,67
7.47,2.139,32.12,6.86,19.17,10.19,0.427,31.37,0.306,7.5,80
5.78,4.397,3.357,10.21,3.743,0.801,0.323,4.923,0.08,0.5,60
6.27,3.607,7.13,4.185,16.81,4.934,0.192,22.69,0.106,0.5,80
4.74,2.0,3.22,3.22,0.38,0.15,0.18,2.12,0.22,0.5,40
5.62,0.84,18.75,4.41,2.72,1.36,0.1,4.26,0.11,7.5,57
8.15,0.95,19.35,13.56,3.7,0.83,0.16,5.59,0.45,0.5,45
5.04,1.4,7.76,2.9,1.42,0.27,0.13,5.94,0.09,0.5,46
7.16,3.17,27.11,3.7,16.89,11.45,0.57,28.98,0.22,7.5,86
4.9,18.24,7.296,12.0,0.948,0.308,0.156,4.563,0.266,7.5,51
6.4,1.714,28.84,10.06,6.209,2.086,0.164,8.903,0.292,0.5,73
5.17,3.9,48.9,8.282,5.851,0.624,0.407,8.192,0.314,3.0,70
6.33,2.404,6.193,2.151,6.501,2.372,0.724,9.856,0.194,0.5,72
7.17,1.55,11.46,2.74,21.18,9.85,0.56,31.72,0.18,3.0,79
4.88,3.073,1.935,4.599,0.25,0.1,0.099,3.115,0.061,0.5,41
5.99,2.028,4.038,7.531,8.677,3.263,0.095,12.16,0.524,0.5,68
7.02,1.24,40.43,30.12,9.31,3.26,0.32,13.32,0.61,0.5,77
5.14,1.52,2.1,4.65,2.88,0.29,0.045,4.32,0.11,15.0,45
5.38,19.4,84.89,13.23,2.921,0.591,0.517,7.326,0.516,0.5,74
4.87,17.26,110.85,24.35,1.38,0.38,1.05,8.78,0.3,0.5,68
5.4,8.24,13.63,6.02,3.36,1.46,0.35,5.8,0.49,0.5,70
5.059,3.982,2.706,4.253,1.95,0.68,0.148,3.457,0.118,0.5,46
5.72,19.36,0.645,2.18,1.25,0.2,0.33,1.84,0.11,3.0,64
6.73,0.501,17.2,2.094,3.781,0.853,0.045,4.759,0.063,0.5,53
5.49,12.5,22.68,6.98,6.6,0.97,0.2,8.67,0.31,0.5,72
6.05,4.52,25.75,41.5,11.74,3.52,0.72,16.71,0.89,15.0,89
4.65,3.448,1.204,2.568,0.374,0.349,0.166,6.014,0.032,0.5,48
4.54,6.67,48.07,9.832,2.152,0.771,0.358,5.228,0.189,3.0,66
6.07,4.029,81.96,1.178,15.65,1.917,0.265,17.93,0.225,7.5,85
6.39,2.09,8.55,14.57,11.12,4.58,0.16,16.01,0.23,0.5,76
4.73,9.9,1.935,5.96,0.63,0.1,0.045,2.02,0.22,3.0,45
6.04,1.83,6.52,4.41,5.99,2.02,0.09,8.21,0.18,0.5,64
4.77,2.31,3.92,2.34,1.25,0.37,0.13,6.86,0.12,0.5,41
5.74,4.468,2.845,4.074,4.154,1.396,0.117,5.734,0.157,0.5,65
5.7,5.04,1.935,7.39,2.21,0.28,0.22,2.8,0.11,0.5,61
5.04,1.91,1.935,1.206,1.351,0.396,0.122,11.72,0.046,0.5,50
7.48,1.812,8.419,6.636,41.94,5.862,0.304,48.49,0.778,0.5,72
4.37,2.21,3.77,5.92,1.63,0.89,0.41,10.69,0.3,0.5,46
5.92,4.57,75.16,5.32,10.08,1.38,0.35,11.89,0.26,15.0,85
7.92,4.55,131.6,20.76,18.33,2.12,1.77,22.66,1.04,0.5,78
7.13,2.845,9.45,11.47,12.27,4.16,0.27,16.82,0.337,15.0,71
5.11,1.79,0.645,3.81,0.49,0.11,0.045,2.4,0.06,3.0,42
6.47,5.218,78.78,7.611,20.34,2.186,0.504,23.26,0.504,0.5,95
4.34,3.9,0.645,12.22,0.3,0.07,0.045,2.67,0.14,0.5,36
4.4,6.989,25.98,7.875,0.261,0.206,0.153,5.565,0.326,3.0,53
5.6,1.94,38.79,0.37,0.8,0.1,0.045,1.07,0.06,0.5,53
6.27,0.816,3.517,3.134,3.33,0.783,0.045,4.283,0.128,0.5,50
4.69,4.71,2.26,10.55,0.86,0.42,0.21,6.79,0.21,0.5,48
8.1,7.52,10.79,16.39,39.7,1.01,0.32,41.08,0.9,0.5,70
5.54,1.095,1.935,1.772,0.25,0.1,0.045,0.89,0.038,0.5,47
8.15,0.78,39.22,8.66,16.92,5.37,0.5,23.02,0.24,0.5,70
4.42,1.24,1.935,8.08,0.295,0.1,0.045,3.79,0.15,0.5,32
7.7,1.09,30.28,11.09,10.02,0.88,0.18,11.18,0.41,0.5,62
4.66,5.24,39.48,26.3,1.57,0.39,0.42,7.24,0.35,0.5,61
5.762,17.28,18.52,96.02,12.39,1.264,0.553,14.47,2.522,0.5,81
5.07,15.48,49.4,11.24,1.83,0.24,0.29,4.45,0.3,0.5,64
6.24,4.878,23.85,13.76,5.353,0.442,0.563,6.419,0.3,3.0,75
7.98,4.891,34.05,9.418,14.44,13.72,0.69,30.76,0.57,0.5,79
6.18,2.783,42.6,37.63,8.423,4.632,0.294,13.54,0.989,0.5,79
5.059,11.73,156.1,9.913,5.362,1.333,0.399,8.106,0.624,0.5,79
6.86,4.671,47.29,5.258,8.049,0.925,0.796,9.831,0.345,3.0,79
5.64,9.104,1.935,5.261,1.35,0.493,0.286,2.23,0.058,0.5,58
5.58,3.047,9.896,9.251,7.777,1.441,0.045,9.41,0.615,3.0,63
5.85,2.14,3.54,3.91,3.17,2.16,0.25,5.63,0.19,0.5,64
5.31,0.47,5.41,4.97,0.667,0.268,0.045,1.228,0.126,0.5,42
6.04,1.134,1.935,2.67,3.276,2.783,0.132,6.332,0.081,0.5,61
5.89,3.915,64.6,12.36,4.492,0.514,0.096,7.159,2.479,0.5,61
7.64,2.844,22.29,14.75,30.24,8.813,1.206,40.6,0.597,0.5,75
5.72,5.91,14.78,30.37,4.71,1.05,0.76,6.63,0.25,3.0,80
5.23,1.41,1.935,3.29,1.05,0.25,0.13,3.4,0.06,0.5,42
5.77,0.942,1.935,2.692,0.953,0.712,0.045,2.251,0.161,0.5,47
7.82,1.805,42.0,109.6,18.05,2.453,0.633,22.34,3.709,0.5,71
4.889,3.108,12.74,14.01,1.469,1.276,0.133,5.159,0.203,3.0,52
7.04,1.987,14.41,5.301,20.38,2.068,0.372,23.01,0.243,0.5,77
5.23,5.557,544.7,53.93,12.23,2.19,6.843,21.8,5.831,0.5,84
5.96,8.5,13.24,8.71,7.09,1.14,0.42,8.71,0.21,0.5,78
7.96,1.86,29.85,13.14,26.45,1.75,0.17,28.49,0.8,0.5,67
6.96,2.761,23.14,3.286,11.04,2.905,1.1,15.34,0.546,0.5,85
4.51,4.26,7.52,7.81,1.3,0.72,0.43,7.21,0.35,0.5,51
8.05,0.7,16.64,81.6,21.24,3.17,0.2,25.5,0.223,0.5,54
6.38,1.51,50.28,2.616,12.54,1.63,0.192,14.6,0.193,0.5,78
4.72,1.4,5.07,2.54,0.73,0.11,0.045,2.57,0.15,0.5,37
7.83,1.723,44.04,49.43,11.83,5.797,0.262,18.7,1.931,0.5,69
6.18,2.31,11.09,3.6,17.65,6.62,0.88,25.2,0.22,0.5,84
6.43,1.263,1.935,1.985,6.357,2.343,0.045,8.943,0.192,0.5,64
4.9,2.53,12.98,81.03,3.56,1.03,0.19,7.05,0.35,0.5,54
5.55,3.45,9.67,4.49,6.01,2.15,0.55,8.78,0.18,3.0,76
5.03,1.0,4.51,3.37,1.31,0.64,0.09,4.87,0.08,0.5,42
4.97,1.55,4.56,6.7,0.6,0.15,0.045,2.88,0.09,0.5,37
5.01,4.172,1.935,14.24,1.039,0.678,0.045,3.047,0.186,0.5,46
5.47,2.07,10.91,1.76,5.71,3.14,0.18,10.03,0.13,7.5,69
6.78,1.17,8.04,2.69,8.46,3.84,0.15,12.55,0.1,0.5,70
4.79,10.1,13.76,2.749,0.331,0.145,0.045,4.088,0.087,7.5,51
6.4,1.14,0.645,3.0,5.33,2.17,0.045,7.62,0.12,0.5,64
4.93,1.38,17.4,20.98,2.75,0.66,0.13,5.47,0.37,0.5,47
8.08,1.0,17.03,31.23,27.84,4.05,0.22,32.63,1.05,0.5,59
5.19,2.48,83.5,1.77,11.73,0.22,0.1,14.29,0.19,15.0,66
7.87,3.67,22.14,10.33,62.05,3.46,1.04,66.69,0.48,0.5,81
6.38,3.0,138.83,11.48,17.74,3.21,0.78,21.81,0.33,3.0,89
4.51,2.38,0.645,0.82,0.53,0.29,0.14,8.07,0.27,0.5,41
4.87,2.212,1.935,2.55,1.782,0.452,0.269,6.85,0.115,0.5,44
6.24,4.21,2.9,13.84,1.25,0.59,1.21,3.14,0.21,0.5,59
4.33,3.224,1.935,10.45,1.663,0.428,0.127,6.494,0.212,7.5,40
5.97,2.05,59.91,8.74,5.52,0.61,0.48,6.71,0.21,0.5,71
8.11,3.535,8.938,6.046,58.61,0.702,0.271,59.77,0.782,15.0,56
4.82,21.72,15.56,4.252,1.368,0.459,0.526,8.085,0.238,3.0,63
4.97,2.5,3.25,14.88,0.45,0.12,0.045,2.45,0.1,0.5,37
4.72,1.91,2.26,6.202,1.01,0.24,0.045,4.43,0.1,0.5,37
4.41,4.798,1.935,10.21,6.458,4.328,0.256,12.98,2.086,0.5,52
4.63,2.994,1.935,11.5,0.797,0.199,0.045,6.505,0.15,0.5,41
7.7,0.482,10.96,3.249,5.419,0.95,0.128,6.929,0.218,3.0,50
4.76,7.11,3.084,4.976,1.302,0.265,0.045,6.135,0.172,0.5,49
7.36,0.98,14.97,13.5,19.43,7.29,1.4,29.53,0.23,0.5,79
6.34,14.5,4.47,7.95,18.44,6.25,1.1,25.86,0.54,0.5,90
5.74,8.599,2.486,7.347,6.626,3.145,1.459,11.32,0.388,0.5,84
5.48,1.33,14.21,5.33,3.615,0.903,0.112,4.904,0.41,0.5,48
7.05,3.31,31.24,2.201,11.68,4.44,0.208,16.46,0.638,0.5,79
6.56,2.209,4.595,4.188,9.509,4.379,0.045,14.0,0.194,0.5,70
4.71,1.768,25.97,1.297,0.871,0.238,0.045,2.499,0.298,0.5,43
4.82,1.72,6.47,3.17,1.12,0.21,0.045,3.99,0.09,0.5,37
5.71,16.4,14.76,17.11,10.04,1.958,2.049,14.31,0.607,0.5,87
6.88,0.91,5.84,6.202,7.26,2.06,0.1,9.48,0.16,0.5,64
4.26,6.13,7.822,3.96,1.399,0.384,0.259,7.352,0.364,0.5,47
5.5,15.67,9.18,7.916,3.65,0.53,0.21,4.53,0.22,0.5,64
4.89,2.28,18.98,4.22,4.44,0.53,0.13,10.41,0.13,7.5,54
5.75,1.808,16.66,3.108,2.383,0.452,0.045,2.917,0.164,7.5,53
5.74,3.62,6.75,3.87,2.46,0.9,0.48,3.9,0.21,0.5,60
4.4,2.003,4.172,1.869,0.872,0.229,0.128,5.278,0.256,0.5,36
5.51,4.043,190.6,15.63,7.607,1.326,0.415,9.48,1.307,0.5,74
5.21,1.359,1.935,1.32,0.25,0.1,0.045,1.839,0.07,0.5,42
4.46,2.14,52.57,8.3,1.69,0.26,0.09,11.97,0.16,15.0,48
6.76,1.81,42.82,10.04,9.696,6.044,0.332,16.15,0.289,0.5,87
7.72,2.78,92.2,7.84,29.25,0.83,0.18,30.29,0.42,7.5,67
9.48,1.38,3.98,6.202,34.42,1.74,0.36,49.63,0.223,0.5,51
7.61,1.591,60.79,8.852,12.16,8.265,0.313,20.95,0.525,7.5,75
4.99,0.93,1.9,6.69,1.61,0.81,0.24,3.51,0.13,0.5,40
5.13,5.163,32.05,9.406,3.301,0.704,0.136,5.712,0.16,15.0,63
5.42,2.583,7.895,3.59,2.033,0.618,0.045,3.094,0.19,0.5,45
4.86,3.02,1.52,6.52,0.75,0.45,0.19,5.45,0.09,7.5,48
4.22,21.7,217.7,14.63,1.049,0.285,0.268,9.012,0.273,0.5,58
5.27,2.86,2.67,7.93,5.98,0.61,0.16,12.02,0.12,0.5,59
5.46,0.618,1.935,4.289,1.165,0.295,0.045,2.023,0.066,0.5,42
5.56,14.81,4.07,2.98,0.81,0.26,0.18,1.34,0.1,0.5,61
5.55,0.939,16.99,4.19,3.564,1.104,0.045,4.832,0.107,0.5,57
7.26,1.643,49.55,1.881,9.594,1.943,0.121,11.75,0.192,0.5,70
6.62,3.358,33.48,3.656,5.005,0.966,0.045,6.118,0.05,0.5,67
6.07,4.67,9.93,12.74,11.15,2.41,1.8,15.46,0.35,0.5,85
4.79,0.95,170.97,3.8,0.88,0.34,0.14,2.15,0.3,0.5,45
5.4,0.88,6.09,18.99,1.68,0.61,0.24,2.95,0.18,0.5,45
5.36,3.24,86.39,17.2,8.3,2.05,0.5,11.21,0.53,0.5,81
4.38,1.91,40.88,5.34,1.88,0.2,0.13,19.63,0.14,15.0,51
5.02,18.58,8.09,2.79,0.7,0.29,0.25,4.22,0.18,15.0,56
8.35,0.949,16.32,4.732,42.3,2.733,0.501,45.76,0.549,0.5,67
5.24,1.33,115.1,3.693,6.177,0.742,0.188,8.788,0.222,0.5,63
5.73,4.733,25.03,69.3,11.04,2.446,0.045,15.33,1.324,0.5,78
6.92,0.556,2.322,2.881,1.269,0.431,0.045,1.95,0.146,3.0,47
6.61,2.49,6.77,4.45,30.34,11.42,0.637,42.72,0.443,0.5,81
5.62,2.203,1.935,7.581,5.983,2.817,0.21,9.227,0.193,3.0,67
5.62,3.939,3.411,3.575,7.6,3.207,0.528,11.38,0.207,0.5,80
7.8,2.43,7.18,3.85,25.38,4.37,0.12,29.98,0.2,3.0,63
5.26,2.6,2.06,38.62,0.38,0.24,0.58,3.06,0.5,0.5,48
5.39,3.505,4.435,4.462,2.134,1.099,0.592,4.115,0.174,7.5,61
5.62,3.646,15.58,5.179,1.404,0.261,0.113,1.881,0.16,0.5,54
5.68,3.45,4.94,3.34,17.04,7.41,0.49,25.01,0.36,0.5,83
4.58,2.897,7.082,4.761,1.346,0.399,0.045,5.257,0.142,7.5,41
4.68,6.12,4.23,15.03,1.61,0.52,0.5,4.61,0.49,0.5,51
4.599,10.67,3.528,4.456,1.341,0.483,0.211,8.353,0.216,3.0,55
4.65,3.381,5.338,47.0,2.394,0.975,0.706,6.427,1.073,0.5,51
6.74,1.9,18.2,4.97,7.92,2.56,0.25,10.79,0.13,15.0,74
5.81,9.488,61.37,8.712,7.188,2.59,0.864,10.7,0.361,0.5,92
5.04,1.07,3.16,21.19,1.26,0.29,0.13,3.41,0.11,0.5,42
4.63,1.1,4.33,3.35,0.38,0.1,0.045,1.96,0.05,3.0,37
4.83,1.577,1.935,1.904,0.704,0.472,0.093,4.673,0.087,0.5,37
6.17,1.323,20.0,1.297,8.938,2.428,0.295,11.86,0.386,0.5,76
8.39,18.14,250.83,360.32,37.51,12.66,21.39,72.54,10.92,0.5,77
7.0,1.27,8.39,32.9,21.29,8.039,0.39,30.36,0.3,0.5,79
5.38,1.53,13.2,7.63,2.2,1.31,0.3,4.01,0.1,0.5,55
4.66,5.195,219.6,23.0,2.287,0.29,0.762,5.132,0.757,0.5,66
5.66,2.5,2.59,7.21,3.62,0.92,0.11,4.7,0.12,0.5,50
5.3,2.029,23.51,13.73,4.218,1.963,0.269,8.314,0.171,0.5,65
7.65,4.15,8.403,11.45,18.14,3.35,1.24,22.81,0.52,0.5,71
5.13,3.253,4.215,18.97,3.435,1.143,0.045,5.551,0.354,0.5,57
5.06,2.48,1.98,4.58,1.03,0.66,0.18,4.81,0.1,0.5,45
4.63,2.1,3.38,7.74,1.18,0.45,0.56,6.3,0.2,0.5,49
5.46,1.28,10.1,2.12,3.27,1.69,0.045,5.78,0.12,7.5,56
5.86,1.84,28.69,4.45,9.548,2.113,0.282,12.09,0.544,0.5,77
4.37,2.17,6.2,6.37,1.22,0.3,0.14,3.79,0.38,0.5,32
6.53,1.107,46.35,4.071,3.663,0.369,0.045,4.192,0.159,0.5,58
5.39,3.442,41.92,9.461,3.144,1.11,0.444,5.039,0.179,0.5,71
4.86,1.6,7.67,6.14,1.25,0.31,0.12,4.27,0.2,0.5,37
6.66,2.507,74.23,5.337,5.84,2.9,0.407,9.287,0.321,0.5,78
6.5,8.22,102.61,19.66,33.39,3.19,0.6,37.49,0.72,0.5,95
5.51,2.121,11.94,4.888,7.622,1.276,0.112,9.151,0.311,0.5,64
5.58,1.28,20.46,7.15,1.51,1.05,0.47,3.1,0.4,0.5,63
4.33,3.02,2.37,9.34,1.25,0.27,0.16,9.1,0.3,0.5,43
4.519,4.067,1.935,9.564,0.25,0.1,0.045,4.814,0.136,0.5,41
6.29,7.383,10.38,3.048,7.78,1.371,0.439,9.691,0.216,3.0,78
4.51,2.77,6.172,19.65,0.697,0.211,0.045,5.331,0.11,3.0,41
5.059,1.232,35.85,4.771,0.923,0.556,0.189,2.311,0.218,0.5,51
4.96,3.07,15.97,4.536,1.965,0.437,0.164,6.446,0.199,0.5,51
5.25,3.17,4.68,3.24,9.78,0.56,0.21,11.68,0.18,0.5,65
5.65,5.568,17.79,5.584,0.614,1.727,1.152,3.547,0.818,0.5,68
4.59,1.67,8.49,6.03,0.259,0.141,0.045,1.418,0.128,0.5,37
6.6,2.245,62.65,14.37,7.223,2.859,0.408,10.63,0.342,0.5,82
5.6,4.45,3.56,3.0,5.85,4.5,0.32,10.72,0.21,7.5,78
8.89,2.09,33.54,9.83,53.31,6.86,0.97,62.01,0.86,0.5,70
4.52,3.43,1.77,7.33,1.98,0.62,0.18,8.48,0.27,0.5,48
5.01,4.24,2.62,2.42,2.46,1.17,0.18,8.24,0.18,3.0,60
4.54,2.64,41.7,17.31,0.5,0.2,0.17,6.77,0.11,0.5,52
5.53,2.74,14.6,4.42,7.85,0.63,0.13,8.71,0.12,7.5,60
6.66,3.5,2.59,1.7,4.97,4.28,0.14,9.5,0.06,3.0,68
4.99,11.94,4.96,6.27,0.69,0.26,0.09,2.04,0.28,3.0,48
5.35,6.882,7.278,6.804,0.948,0.355,0.175,2.302,0.281,0.5,53
7.39,7.728,20.27,11.8,42.61,2.601,0.306,45.61,0.105,0.5,88
4.98,1.86,1.935,2.36,1.51,0.84,0.22,3.88,0.21,0.5,40
6.48,3.995,9.026,21.64,20.93,3.06,0.828,24.92,0.467,0.5,85
6.25,4.055,240.2,7.09,6.908,0.956,0.356,8.415,0.448,3.0,75
4.96,2.734,5.539,4.536,2.154,0.549,0.288,6.992,0.203,0.5,47
4.01,17.31,13.22,196.99,16.96,3.68,0.36,26.81,6.69,0.5,70
5.49,2.622,2.723,4.061,3.082,1.511,0.045,4.662,0.068,0.5,49
4.849,0.929,2.153,3.289,0.273,0.066,0.045,2.504,0.07,0.5,37
7.32,2.391,30.62,4.298,15.41,3.772,0.403,19.95,0.22,0.5,80
6.55,0.87,1.935,39.49,15.69,8.04,0.3,24.63,0.43,0.5,76
6.13,3.901,82.96,6.667,10.84,1.654,1.285,13.92,0.276,0.5,87
6.32,1.52,4.88,4.02,5.53,2.25,0.21,8.16,0.11,0.5,67
5.5,2.22,4.33,4.96,0.65,0.11,0.045,0.82,0.08,0.5,47
5.3,1.229,16.8,3.007,1.614,0.564,0.244,3.017,0.143,7.5,48
4.6,2.53,8.403,4.83,5.05,0.9,0.17,11.71,0.16,7.5,52
7.5,1.26,27.07,7.88,17.62,4.85,0.6,23.16,0.32,0.5,82
5.42,6.464,1.935,2.881,3.522,2.156,0.186,7.313,0.074,0.5,67
5.52,20.07,65.5,14.52,5.61,1.38,0.83,7.93,0.32,7.5,88
7.86,6.052,76.94,14.3,19.63,7.802,2.112,29.99,0.825,0.5,85
7.5,1.26,10.59,76.83,25.45,7.68,0.21,37.32,3.15,0.5,66
5.91,9.74,3.14,3.1,6.38,3.0,0.25,9.73,0.17,0.5,75
7.74,8.547,39.58,24.0,26.01,2.55,0.881,29.93,1.156,0.5,80
4.54,1.49,1.935,5.09,0.56,0.1,0.045,4.59,0.08,0.5,37
5.83,1.282,1.935,2.377,2.83,1.566,0.045,4.709,0.109,0.5,54
4.07,7.14,3.32,11.85,0.6,0.19,0.13,10.07,0.29,15.0,48
5.47,1.607,5.105,10.13,8.341,5.524,0.225,16.08,0.125,0.5,71
5.71,6.86,14.31,4.73,3.21,0.82,0.33,4.44,0.26,3.0,67
4.98,12.28,7.704,3.166,0.717,0.174,0.131,2.273,0.262,0.5,48
4.99,18.93,222.2,26.5,7.014,2.212,1.956,13.65,2.522,0.5,77
5.51,2.26,1.935,6.202,12.67,4.15,0.22,17.28,0.38,0.5,76
5.05,1.868,9.593,8.314,1.274,0.214,0.045,2.623,0.123,0.5,42
4.13,2.79,0.71,10.2,0.56,0.22,0.12,6.15,0.38,0.5,36
5.2,1.79,33.69,1.92,4.27,1.05,0.26,6.25,0.16,0.5,65
4.73,15.81,23.39,52.89,4.18,0.741,0.366,7.867,1.323,15.0,65
6.25,10.5,54.46,14.88,21.23,2.927,0.723,25.02,0.59,0.5,98
4.2,2.307,5.941,29.99,2.233,0.472,0.345,5.204,1.848,0.5,40
4.97,3.658,10.6,3.052,1.56,0.349,0.045,3.117,0.31,0.5,44
5.12,4.15,4.61,6.202,1.04,0.49,0.3,3.03,0.12,0.5,49
4.42,9.836,15.7,4.901,2.769,0.683,0.432,9.929,0.428,0.5,56
5.08,4.5,10.2,2.56,7.69,0.58,0.21,11.39,0.21,0.5,66
4.849,6.562,2.76,4.078,4.939,0.965,0.212,11.03,0.221,0.5,62
4.889,3.608,9.187,4.318,6.965,1.247,0.484,9.77,0.635,15.0,59
5.27,3.16,72.83,72.81,14.99,7.6,2.16,25.28,4.35,0.5,80
4.559,17.38,149.8,64.41,5.091,1.48,3.859,13.03,9.039,0.5,74
5.96,9.458,94.54,5.628,10.47,0.888,0.27,11.75,0.241,15.0,82
4.08,10.21,32.14,28.9,1.441,0.378,0.388,6.333,1.137,0.5,54
5.13,2.97,5.9,4.46,0.56,0.26,0.045,3.35,0.07,0.5,42
8.18,1.531,2.922,13.0,2.845,1.233,0.384,4.528,0.444,0.5,45
5.72,4.141,4.854,5.676,6.603,0.499,0.231,7.458,0.19,0.5,64
5.78,7.479,8.625,4.381,4.242,0.903,0.309,5.594,0.2,0.5,71
5.46,5.198,18.36,4.945,8.286,1.978,0.188,10.61,0.131,15.0,76
5.36,3.695,32.7,5.1,4.728,1.037,0.1,6.944,0.248,7.5,66
6.22,3.326,7.763,51.12,13.11,3.984,1.382,19.79,2.197,15.0,77
6.86,3.07,57.79,14.28,12.99,1.39,0.87,15.33,0.75,0.5,88
4.79,0.32,9.142,7.361,0.661,0.289,0.045,2.405,0.171,0.5,37
4.9,1.788,21.34,15.39,3.218,0.936,0.192,5.331,0.463,0.5,53
5.26,1.57,3.02,5.44,2.37,0.43,0.045,3.33,0.17,0.5,45
5.8,2.862,2.706,5.103,2.065,6.846,0.236,11.05,0.1,3.0,68
6.87,1.79,15.74,53.57,14.5,9.37,0.49,25.32,0.69,0.5,80
4.95,13.1,8.766,9.377,2.254,1.402,0.695,6.738,1.663,15.0,62
6.23,0.87,4.13,1.99,10.53,4.88,0.09,15.63,0.1,0.5,73
4.73,3.05,24.53,5.943,2.208,0.205,0.249,4.815,3.672,0.5,45
6.88,1.608,9.484,2.303,5.511,1.528,0.108,7.361,0.243,0.5,61
4.93,2.81,1.48,3.21,0.33,0.15,0.12,3.05,0.07,0.5,37
4.809,16.61,31.46,2.103,0.764,0.192,0.19,5.402,0.174,0.5,61
5.4,3.255,1.783,2.418,0.686,0.143,0.045,2.756,0.1,0.5,46
6.69,3.5,4.43,5.84,12.38,4.11,0.15,16.74,0.47,0.5,77
4.46,4.19,2.16,7.27,0.43,0.11,0.1,2.72,0.23,0.5,36
4.9,2.22,10.34,8.26,1.13,1.06,0.31,3.7,0.22,3.0,50
4.86,12.21,4.41,9.41,0.295,0.1,0.045,1.5,0.27,7.5,48
6.63,4.843,15.34,8.556,20.03,1.427,0.269,22.05,0.237,3.0,80
5.75,0.74,0.645,2.84,1.91,0.93,0.045,2.94,0.09,0.5,47
4.94,0.697,1.606,3.85,10.18,4.009,0.236,14.67,0.186,3.0,63
5.87,5.552,152.3,30.33,12.07,4.427,1.119,17.72,1.438,7.5,92
5.12,35.14,13.57,6.15,5.701,0.998,0.314,9.557,0.369,0.5,72
5.019,1.373,3.947,3.337,1.302,0.491,0.045,3.109,0.119,0.5,42
5.86,2.55,24.6,3.94,3.98,1.29,0.38,5.75,0.12,0.5,70
5.78,3.679,3.724,4.085,2.553,0.687,0.489,4.061,0.205,3.0,60
5.0,2.644,1.935,1.716,0.898,0.214,0.045,3.588,0.048,0.5,42
4.94,9.015,5.922,2.608,1.928,0.382,0.093,4.74,0.143,15.0,45
6.01,1.081,1.935,1.703,8.91,12.16,0.283,21.75,0.111,0.5,76
6.45,2.26,53.59,1.56,2.87,0.55,0.21,3.66,0.14,0.5,61
4.5,2.372,1.935,5.874,1.167,0.507,0.045,3.635,0.181,3.0,37
4.92,4.29,2.47,7.68,0.74,0.35,0.14,8.31,0.1,0.5,45
4.78,1.83,0.71,5.09,1.26,0.4,0.12,10.59,0.12,0.5,45
5.08,7.122,21.58,8.13,2.93,0.38,0.507,6.417,0.214,0.5,71
5.17,14.6,2.098,7.258,2.021,1.973,0.176,5.116,0.209,0.5,67
6.37,3.09,57.87,3.52,19.53,1.07,0.17,20.84,0.23,15.0,85
5.73,1.951,1.454,2.862,10.7,3.33,0.14,14.24,0.181,0.5,70
5.79,4.559,10.17,8.819,15.94,4.626,0.272,20.91,0.45,15.0,83
5.46,14.79,7.54,9.58,2.16,0.48,0.21,4.13,0.46,0.5,59
4.93,4.76,5.414,3.861,4.078,0.977,0.332,8.648,0.197,0.5,57
5.19,7.84,1.935,4.81,1.08,0.41,0.2,4.29,0.14,0.5,53
5.89,11.01,10.38,3.333,3.587,0.877,0.649,5.29,0.264,0.5,76
6.47,1.129,46.33,3.64,2.069,0.64,0.045,2.929,0.23,0.5,58
6.72,3.91,25.45,0.47,11.65,1.35,0.045,13.17,0.49,0.5,77
6.79,4.612,101.4,3.946,8.092,1.931,1.174,11.33,0.407,0.5,87
4.92,2.999,4.292,1.785,2.819,0.692,0.162,11.96,0.117,0.5,51
7.6,1.467,9.898,36.43,20.67,16.26,0.292,40.95,0.815,0.5,64
4.74,4.619,4.566,2.419,0.802,0.37,0.299,5.698,0.199,0.5,48
5.44,1.219,1.935,0.987,2.405,0.456,1.323,6.16,0.064,0.5,57
5.32,6.03,16.38,30.72,5.35,1.57,0.84,8.86,0.53,3.0,73
5.72,2.21,27.86,9.28,10.32,1.17,0.045,11.77,0.33,7.5,73
4.62,4.586,38.41,58.51,4.024,2.812,0.988,10.81,1.117,0.5,71
5.96,1.12,51.82,2.24,1.77,0.27,0.045,2.19,0.1,0.5,55
5.4,11.35,5.261,16.99,0.25,0.2,0.126,1.373,0.132,7.5,53
5.07,6.526,8.191,4.19,3.56,0.608,0.295,6.368,0.221,0.5,60
4.79,1.62,51.66,10.96,1.02,0.3,0.24,3.73,0.18,0.5,48
6.14,1.08,1.548,8.437,6.401,0.612,0.203,7.411,0.224,0.5,60
7.0,1.009,67.86,6.674,4.53,0.74,0.192,5.505,0.333,0.5,68
4.8,9.733,4.748,8.238,0.954,0.318,0.31,2.781,0.123,3.0,51
6.73,0.47,7.18,9.28,5.63,2.15,0.13,8.04,0.23,0.5,64
5.83,6.7,11.95,1.526,4.74,1.618,0.713,7.172,0.157,0.5,80
6.43,1.033,3.239,12.16,4.792,3.515,0.045,9.478,0.148,0.5,64
7.24,3.36,9.23,1.7,22.05,1.64,0.15,23.92,0.27,0.5,69
5.2,12.7,1.935,5.12,0.295,0.1,0.09,1.62,0.14,0.5,53
5.7,5.417,1.935,1.409,2.972,1.208,0.279,4.56,0.215,15.0,65
5.74,4.694,2.061,2.912,10.96,1.235,0.121,12.48,0.174,15.0,71
5.23,2.994,1.935,12.31,1.887,1.224,0.396,4.113,0.441,0.5,52
6.64,0.74,1.935,6.202,4.86,1.49,0.11,6.57,0.16,0.5,61
6.71,2.221,12.02,14.67,22.7,13.7,0.592,39.36,0.33,0.5,84
4.55,6.5,6.79,13.08,0.857,0.397,0.262,4.275,0.38,3.0,48
5.97,4.121,6.239,6.042,11.75,6.599,0.489,18.89,0.209,0.5,83
6.65,5.4,12.69,11.28,35.52,17.49,0.83,54.37,0.2,0.5,92
5.16,0.76,0.645,3.18,0.43,0.14,0.045,1.37,0.04,0.5,42
4.73,2.28,1.5,2.08,0.21,0.11,0.045,3.0,0.06,15.0,37
5.29,2.58,60.07,5.815,6.213,0.758,0.045,7.53,0.505,7.5,58
6.07,3.331,5.689,3.003,2.67,0.524,0.46,3.688,0.237,0.5,60
5.87,3.301,4.116,9.398,8.199,3.454,0.15,11.89,0.095,15.0,74
7.23,0.613,13.74,3.489,3.118,0.699,0.171,4.089,0.166,0.5,51
5.32,20.98,11.06,3.857,11.68,0.855,0.44,14.36,0.244,0.5,78
6.9,1.116,23.27,15.37,7.781,4.497,0.213,13.16,0.325,0.5,77
8.01,4.208,34.4,6.046,11.71,1.061,0.291,13.28,0.752,15.0,63
4.47,3.45,2.12,10.21,0.74,0.19,0.045,7.96,0.15,0.5,40
4.38,5.27,1.935,7.62,0.56,0.2,0.045,3.92,0.19,0.5,40
6.2,0.52,19.68,2.52,3.82,0.42,0.11,4.43,0.06,0.5,53
5.31,8.15,38.71,10.5,2.6,0.52,0.21,4.08,0.21,0.5,62
7.35,4.33,8.89,10.05,37.99,9.08,1.2,48.42,0.17,0.5,80
4.79,3.278,26.78,3.672,2.208,0.452,0.121,4.494,0.174,3.0,50
6.04,0.706,1.935,2.527,11.79,13.35,0.337,26.44,0.123,0.5,79
5.59,0.87,1.935,6.78,4.93,2.4,0.19,7.8,0.12,7.5,67
4.92,4.162,24.81,14.0,5.419,2.49,1.768,11.8,0.508,15.0,74
4.48,4.212,1.819,8.008,0.718,0.4,0.171,9.212,0.173,0.5,43
5.01,1.06,1.935,4.87,0.87,0.31,0.11,2.18,0.09,0.5,42
5.14,2.53,7.57,17.32,1.39,0.2,0.045,2.44,0.13,7.5,42
4.93,9.51,22.45,8.634,0.81,0.401,0.222,3.052,0.21,0.5,54
5.92,1.5,1.935,5.696,9.707,4.044,0.212,14.1,0.12,0.5,73
7.08,4.6,56.98,11.58,12.45,1.72,1.26,15.52,0.47,0.5,85
5.57,5.241,6.854,2.927,3.66,0.802,0.392,4.901,0.481,0.5,64
5.67,1.917,78.71,3.263,6.616,0.869,0.279,7.865,0.168,0.5,68
4.93,0.79,0.645,1.58,0.5,0.29,0.24,7.28,0.06,0.5,44
6.43,1.33,18.29,2.76,2.87,1.03,0.18,4.14,0.14,0.5,60
4.53,2.17,6.75,12.55,0.73,0.23,0.045,3.45,0.19,0.5,37
6.26,5.79,4.46,2.67,6.62,2.52,0.31,9.53,0.18,3.0,78
4.58,20.7,4.737,3.751,0.848,0.318,0.217,4.656,0.7,3.0,49
8.33,1.434,18.42,8.815,28.64,2.325,0.375,31.43,0.791,0.5,65
5.97,2.756,95.86,3.848,5.537,0.745,0.045,6.494,0.2,0.5,65
5.61,0.715,2.026,7.755,1.001,0.261,0.169,1.607,0.199,0.5,50
6.28,1.67,42.6,9.58,6.42,1.73,0.12,8.38,0.19,0.5,69
5.87,0.9,2.75,3.09,5.25,2.16,0.13,7.73,0.2,0.5,64
7.64,1.174,543.7,7.004,7.874,1.724,0.678,10.48,0.579,3.0,69
5.27,4.386,14.86,20.53,3.882,1.821,0.766,7.512,0.428,0.5,68
4.5,1.92,1.935,7.44,0.56,0.22,0.045,4.88,0.12,0.5,37
8.01,1.791,36.82,3.75,16.66,5.107,0.287,22.31,0.467,0.5,67
8.15,2.69,10.96,6.544,42.71,0.958,0.045,43.84,0.597,15.0,52
5.19,1.47,21.3,7.12,2.02,0.52,0.16,3.61,0.14,0.5,54
5.14,0.62,0.645,4.13,0.64,0.96,0.13,9.05,0.06,0.5,46
4.88,0.878,2.397,1.042,2.196,1.109,0.358,4.991,0.09,7.5,50
4.85,1.45,9.61,10.11,0.93,0.22,0.13,3.86,0.1,0.5,37
4.72,5.6,3.96,16.11,1.75,0.45,0.26,5.2,0.41,0.5,52
7.54,6.625,677.1,21.91,27.8,8.874,3.635,40.97,1.587,0.5,82
9.02,0.567,61.11,13.11,8.409,1.013,0.045,12.12,0.609,0.5,58
5.58,3.17,1.935,12.55,0.56,0.41,0.12,1.55,0.1,0.5,51
4.82,3.578,6.049,4.946,2.332,0.616,0.234,4.686,0.532,3.0,45
5.62,4.1,0.71,5.1,18.23,11.62,0.62,30.56,0.17,0.5,85
6.18,2.24,4.01,77.62,13.43,2.69,0.25,16.55,0.48,0.5,76
6.15,6.151,28.9,7.907,4.57,0.812,0.298,5.781,0.183,0.5,74
4.4,3.1,7.2,4.48,0.93,0.45,0.045,5.2,0.26,0.5,40
5.73,0.69,2.12,1.4,1.42,0.38,0.11,1.97,0.12,0.5,47
6.04,0.66,25.45,2.7,1.59,0.4,0.12,2.16,0.1,0.5,53
6.9,0.4,14.64,3.45,4.27,1.75,0.11,6.19,0.09,0.5,64
4.88,16.84,13.72,4.343,3.104,0.482,0.277,5.789,0.531,0.5,59
7.68,3.178,11.72,13.54,4.455,0.812,0.668,7.633,0.55,0.5,60
4.51,1.76,5.14,5.71,1.28,0.49,0.15,9.19,0.24,15.0,41
5.47,20.09,6.529,18.79,4.849,1.036,0.128,6.157,0.363,0.5,67
5.42,5.34,5.9,3.7,4.29,0.8,0.32,6.94,0.18,0.5,66
5.46,3.425,16.79,14.09,4.29,1.37,0.289,6.177,0.364,0.5,66
5.77,3.98,17.07,50.13,8.88,2.84,0.28,12.2,0.62,0.5,78
5.88,3.314,26.93,5.283,5.251,0.726,0.278,6.559,0.135,0.5,70
5.22,7.67,172.33,39.87,2.83,0.59,0.65,6.16,0.25,0.5,73
4.94,1.36,0.645,2.72,0.38,0.12,0.045,2.25,0.04,0.5,37
6.0,12.07,20.86,14.94,21.35,4.1,1.81,27.34,0.72,0.5,96
4.94,1.256,1.935,1.902,0.25,0.1,0.045,2.533,0.042,0.5,37
6.3,1.95,11.61,4.153,18.49,10.88,0.452,30.37,0.272,0.5,82
5.38,1.31,17.08,8.14,5.33,2.27,0.21,9.23,0.14,0.5,65
5.28,7.5,14.18,22.99,2.67,0.98,0.36,4.57,0.5,0.5,60
5.74,2.74,51.63,7.7,6.47,1.08,0.6,8.22,0.29,0.5,77
5.1,1.26,1.935,2.67,1.64,0.67,0.045,3.1,0.11,0.5,42
5.22,2.32,11.87,2.756,1.53,0.507,0.045,2.804,0.112,0.5,45
4.47,1.568,12.71,13.2,0.774,0.241,0.132,3.953,0.09,0.5,35
4.3,2.31,2.56,10.65,0.73,0.28,0.25,8.34,0.34,0.5,39
5.13,4.07,6.2,14.73,1.35,0.38,0.14,2.67,0.18,0.5,46
4.93,13.02,19.35,11.86,5.8,1.87,1.02,11.01,0.77,0.5,75
8.6,1.914,1.935,2.263,67.76,0.238,0.091,68.65,0.575,0.5,49
4.889,4.215,2.3,3.081,0.842,0.143,0.045,2.709,0.123,0.5,41
6.64,1.26,40.31,5.61,11.77,1.6,0.09,13.53,0.19,0.5,75
6.31,1.28,1.935,5.9,7.77,2.53,0.21,10.59,0.17,3.0,71
4.47,14.55,13.57,15.75,1.82,0.81,0.5,5.98,1.96,7.5,51
5.92,1.446,1.935,4.145,11.15,4.198,0.235,15.72,0.182,0.5,76
4.77,2.88,3.0,1.76,2.51,0.68,0.18,12.77,0.15,0.5,51
4.58,8.09,3.66,7.56,1.35,0.5,0.16,4.88,0.38,3.0,48
6.69,2.758,18.82,7.234,21.04,3.859,0.346,25.47,0.36,3.0,82
6.97,1.0,53.47,5.32,9.023,1.912,0.128,11.15,0.338,7.5,75
5.56,16.41,35.71,25.92,15.32,3.318,2.72,21.59,1.062,0.5,93
4.7,1.03,0.645,2.72,0.23,0.1,0.045,2.35,0.08,0.5,37
4.94,1.122,5.897,3.587,6.591,1.446,0.045,8.512,1.346,7.5,46
5.17,6.326,64.44,10.82,3.79,2.18,0.918,7.136,0.795,0.5,78
5.28,22.44,5.582,4.058,5.533,0.707,0.28,7.929,0.262,0.5,66
5.33,8.114,4.786,6.0,0.7,0.26,0.16,3.803,0.173,3.0,53
6.06,1.673,35.2,6.554,6.907,1.458,0.182,8.699,0.234,0.5,70
5.35,7.381,30.39,5.884,4.584,1.733,1.245,9.842,0.255,3.0,78
6.8,0.778,16.54,2.212,1.368,0.378,0.045,1.931,0.084,0.5,50
5.91,8.376,5.698,13.27,5.166,3.145,2.246,10.66,0.252,0.5,84
4.9,13.93,47.11,14.03,1.779,0.365,0.201,4.789,0.456,0.5,59
6.22,6.65,1.935,18.36,4.24,0.69,0.4,5.55,0.66,0.5,69
5.86,1.9,4.55,2.57,13.22,1.18,0.13,14.62,0.13,3.0,67
4.9,4.94,3.97,3.97,2.06,0.83,0.75,7.72,0.26,3.0,56
6.74,0.292,5.716,8.23,9.584,5.085,0.116,14.97,0.209,0.5,70
6.7,1.62,5.07,7.45,12.92,1.89,0.23,15.2,0.16,0.5,73
7.0,3.58,7.82,46.48,45.88,1.26,0.13,47.34,0.74,3.0,72
6.16,2.0,0.645,7.2,4.08,0.75,0.29,5.16,0.19,0.5,60
4.849,6.879,2.286,9.959,0.255,0.092,0.045,0.987,0.07,3.0,45
5.42,1.09,37.28,5.37,0.7,0.1,0.045,1.67,0.05,3.0,48
4.98,1.03,1.935,4.47,0.295,0.1,0.045,4.55,0.04,0.5,37
4.96,1.04,13.57,8.392,1.179,0.463,0.045,3.247,0.11,0.5,40
7.06,3.0,5.63,7.89,18.16,14.92,0.27,34.66,0.46,0.5,71
5.32,10.04,22.48,6.74,3.419,0.891,0.337,6.78,0.249,0.5,72
5.94,1.301,1.935,3.6,11.24,5.548,0.139,17.15,0.109,3.0,73
4.92,3.924,28.13,20.05,10.82,6.723,0.668,19.02,0.401,0.5,81
5.55,1.04,14.59,2.167,3.032,0.699,0.108,3.883,0.06,3.0,53
6.17,2.24,2.96,9.21,6.56,6.04,0.13,12.89,0.2,0.5,68
6.1,1.672,42.76,3.484,7.702,0.674,0.108,8.585,0.436,0.5,65
7.96,1.85,23.76,69.44,38.25,2.918,0.178,41.49,1.087,0.5,67
4.82,7.366,87.11,10.69,2.783,1.202,0.134,5.425,0.388,3.0,64
7.7,0.712,42.62,6.143,5.466,6.106,0.547,12.19,0.373,0.5,74
7.38,11.82,17.82,151.7,49.77,2.299,0.681,53.61,5.047,3.0,82
6.82,3.52,326.03,3.99,7.77,0.99,0.49,9.33,0.53,15.0,73
6.52,1.301,11.5,12.91,15.38,11.69,0.553,29.54,0.361,0.5,84
5.48,2.59,4.05,9.12,3.12,0.61,0.33,4.71,0.14,0.5,51
5.19,1.83,1.935,8.46,2.98,0.65,0.13,4.67,0.21,3.0,45
7.35,1.58,74.06,8.781,9.659,3.7,0.32,13.96,0.373,3.0,79
4.36,5.986,4.199,54.89,0.646,0.251,0.142,3.507,0.347,0.5,40
5.56,3.57,8.31,5.33,3.52,1.54,0.22,5.4,0.17,15.0,65
6.35,0.749,4.404,7.055,4.521,2.338,0.174,7.756,0.387,0.5,67
5.29,8.195,2.58,29.09,1.527,0.481,0.124,2.743,0.161,0.5,50
5.09,1.45,26.58,2.69,2.13,0.53,0.045,4.19,0.21,0.5,51
6.56,3.38,2.66,2.13,5.71,0.55,0.045,6.37,0.09,7.5,61
5.1,1.55,6.18,4.56,3.76,1.04,0.1,5.45,0.27,15.0,53
7.89,4.148,2.109,2.755,15.5,0.071,0.262,15.86,0.564,3.0,61
5.73,1.47,8.55,2.15,3.29,0.66,0.31,4.32,0.17,15.0,56
5.58,1.34,15.43,4.71,4.93,1.06,0.12,6.21,0.22,0.5,64
4.88,3.477,2.392,6.011,1.385,0.98,0.238,9.706,0.161,0.5,48
5.61,6.382,12.93,4.251,3.968,1.274,0.188,5.464,0.237,3.0,72
4.47,4.931,57.02,40.94,12.13,0.534,0.473,16.09,0.285,3.0,69
6.17,3.079,326.9,2.121,13.81,3.577,0.473,17.89,0.159,15.0,91
6.08,1.53,11.38,6.202,5.9,0.88,0.13,7.02,0.22,0.5,60
6.42,1.03,14.23,2.14,11.64,4.85,0.32,16.95,0.12,0.5,82
5.38,12.51,70.73,24.26,2.96,0.32,0.17,5.43,0.38,0.5,71
5.57,3.177,25.12,21.96,9.14,2.231,0.279,11.95,0.339,0.5,83
8.42,1.35,1.935,19.99,23.47,5.208,0.42,29.37,0.881,0.5,62
5.62,5.83,20.77,6.49,5.59,1.47,0.7,7.87,0.3,0.5,83
5.2,8.09,8.73,6.99,0.63,0.22,0.22,1.97,0.27,0.5,53
7.06,1.45,18.58,8.73,9.48,1.86,0.19,11.65,0.23,0.5,68
4.98,5.55,6.44,6.93,0.24,0.19,0.19,3.45,0.13,0.5,48
6.21,2.22,75.26,65.37,14.71,7.76,0.78,23.8,2.5,0.5,81
5.92,7.425,99.77,203.9,10.82,2.528,0.432,13.85,9.939,0.5,84
5.54,5.223,4.042,6.605,3.968,1.48,0.214,5.717,0.174,0.5,69
8.48,2.011,24.86,8.049,30.57,1.599,0.172,32.49,0.328,0.5,64
6.72,1.645,11.33,2.5,11.31,2.733,0.121,14.3,0.102,0.5,73
5.57,4.942,2.991,8.021,10.85,5.736,0.367,17.01,0.277,3.0,83
4.68,1.26,1.935,5.72,0.75,0.1,0.1,7.82,0.15,0.5,41
5.31,1.39,12.64,6.29,3.31,1.57,0.17,5.45,0.17,0.5,59
4.4,3.457,4.292,4.464,0.25,0.1,0.174,7.459,0.161,0.5,43
5.43,3.332,15.19,12.11,2.046,0.627,0.153,3.193,0.248,0.5,55
6.41,1.281,19.97,5.582,4.41,1.588,0.114,6.264,0.247,0.5,64
4.84,1.91,1.935,5.08,0.93,0.44,0.09,4.9,0.17,0.5,37
6.05,0.493,4.933,2.63,0.958,0.435,0.101,1.594,0.035,0.5,47
6.41,3.15,6.05,5.4,15.16,10.82,0.17,26.28,0.22,3.0,80
4.32,1.38,4.4,5.71,0.44,0.13,0.09,3.99,0.22,3.0,32
6.94,3.26,228.36,19.7,18.05,2.44,0.5,21.06,0.64,0.5,89
6.44,0.98,5.71,2.89,7.39,3.64,0.26,11.87,0.17,0.5,71
5.57,16.48,95.93,78.4,14.19,1.515,0.648,16.77,2.228,0.5,89
5.59,2.534,4.056,6.328,8.804,5.254,0.192,14.4,0.42,0.5,73
5.24,12.56,4.211,2.851,0.149,0.39,0.118,1.307,0.287,0.5,53
5.03,9.871,13.9,9.0,1.579,0.597,0.432,4.13,0.59,0.5,57
5.28,1.55,2.56,1.19,1.9,1.15,0.18,10.91,0.06,0.5,57
4.92,2.0,0.645,5.04,1.44,1.15,0.24,11.62,0.09,0.5,52
5.73,2.346,6.573,3.735,4.947,1.512,0.169,6.73,0.145,0.5,64
4.95,2.69,1.61,19.29,0.27,0.13,0.045,4.31,0.08,0.5,37
6.38,2.417,3.088,7.322,16.06,12.45,0.624,29.32,0.43,0.5,81
5.96,5.96,33.3,9.005,22.36,4.773,0.9,28.4,0.324,0.5,95
5.79,0.19,13.32,4.21,0.76,0.27,0.045,1.13,0.05,0.5,50
8.01,2.122,18.8,4.57,9.659,3.844,0.259,13.9,0.223,0.5,51
5.099,0.93,1.935,2.064,0.564,0.32,0.045,4.324,0.047,0.5,42
5.75,8.79,21.4,12.09,7.2,1.47,0.27,9.02,0.3,3.0,78
5.39,11.64,195.5,4.384,9.822,0.939,0.909,14.35,0.404,0.5,85
5.42,0.459,2.887,5.328,8.386,4.626,0.144,13.46,0.093,15.0,65
5.9,1.97,3.87,22.83,3.11,0.65,0.045,3.89,0.2,0.5,50
6.13,1.84,1.935,3.621,18.81,12.23,0.613,32.0,0.255,0.5,81
4.6,2.41,31.24,6.202,2.32,0.84,0.38,6.52,0.223,3.0,46
5.9,4.98,174.7,6.783,8.371,1.882,1.899,12.25,0.507,0.5,85
4.82,1.59,1.935,2.8,0.88,0.26,0.045,4.81,0.1,0.5,37
4.519,2.662,14.33,3.965,1.388,0.278,0.128,4.459,0.19,0.5,40
4.51,2.061,0.624,3.955,0.343,0.102,0.115,2.665,0.116,0.5,37
7.66,1.22,12.16,3.86,14.67,6.29,0.42,21.47,0.21,3.0,72
4.82,5.11,7.8,6.89,4.39,0.76,0.18,9.99,0.26,0.5,58
6.1,6.263,17.02,4.036,9.135,1.727,1.152,12.07,0.585,0.5,84
4.89,1.95,1.7,3.14,0.6,0.28,0.045,5.8,0.08,0.5,41
4.96,0.888,1.935,2.199,0.25,0.1,0.045,12.09,0.033,0.5,45
4.809,9.742,3.96,7.923,1.235,0.462,0.8,2.877,2.115,7.5,45
4.25,11.93,2.5,8.79,0.21,0.16,0.11,4.3,0.58,0.5,41
5.64,3.46,24.58,28.15,13.34,3.46,0.73,17.76,0.31,0.5,91
7.83,7.314,3.587,4.558,54.22,0.861,0.406,55.65,0.654,0.5,68
6.46,1.19,15.04,332.64,14.46,7.9,0.44,25.3,5.87,0.5,74
6.01,14.29,8.403,29.81,5.79,1.84,1.48,9.37,0.85,3.0,76
4.56,2.98,1.66,3.71,1.57,0.5,0.26,4.46,0.24,15.0,40
6.38,1.159,41.47,3.302,2.658,1.85,0.045,4.639,0.063,0.5,62
4.76,3.444,25.27,3.69,1.814,0.477,0.093,9.915,0.198,15.0,51
5.38,19.4,84.89,13.23,2.921,0.591,0.517,7.326,0.516,0.5,74
4.79,4.31,5.04,5.34,0.86,0.29,0.27,15.55,0.12,0.5,55
5.019,20.92,22.58,15.23,0.568,0.144,0.513,4.647,0.198,7.5,67
4.33,6.05,8.403,9.58,1.8,0.77,0.34,14.64,0.42,3.0,52
6.84,2.1,176.7,19.6,4.752,2.074,1.664,8.765,1.12,0.5,75
5.47,15.68,34.41,11.16,4.02,0.91,0.28,6.63,0.27,0.5,72
5.08,3.116,6.323,6.544,2.677,0.593,0.197,3.701,1.037,0.5,47
4.91,2.74,2.38,1.39,0.35,0.15,0.11,3.22,0.07,15.0,37
6.88,3.98,25.23,3.51,9.86,1.14,1.12,12.03,0.33,0.5,85
6.05,5.02,5.38,11.06,1.36,0.29,0.58,2.27,0.14,0.5,63
8.05,5.65,6.55,9.11,72.28,3.1,0.83,76.34,0.69,0.5,72
4.4,2.321,12.72,4.849,0.878,0.273,0.09,3.158,0.447,0.5,35
4.79,14.49,16.25,10.27,0.68,0.32,0.12,4.8,0.35,0.5,51
5.06,2.83,0.645,2.74,0.37,0.17,0.1,4.39,0.06,0.5,42
7.17,3.292,53.51,89.22,2.577,0.596,0.144,3.578,2.541,0.5,49
5.53,2.14,29.04,3.44,5.35,0.52,0.14,6.11,0.21,0.5,63
4.86,5.84,16.74,10.12,2.31,0.86,0.47,7.02,0.24,7.5,61
6.83,2.76,19.2,8.031,6.477,2.097,0.307,8.919,0.424,0.5,73
4.69,4.88,238.3,65.09,4.512,0.419,0.685,8.242,0.481,0.5,67
4.94,1.66,4.67,1.55,4.29,1.04,0.12,6.37,0.21,3.0,51
6.05,9.774,2.189,3.315,4.642,1.418,0.352,6.467,0.093,0.5,75
5.47,1.817,2.921,3.772,4.867,0.4,0.188,5.478,0.085,0.5,55
4.58,2.052,4.026,3.96,0.36,0.217,0.045,2.631,0.107,0.5,37
5.94,5.45,1.64,3.22,10.24,3.77,0.42,14.47,0.21,0.5,84
5.17,1.516,10.1,1.909,7.294,0.1,0.045,9.376,0.194,7.5,55
7.91,1.58,42.48,210.0,26.91,1.332,0.117,28.46,2.097,0.5,60
6.55,0.97,1.935,3.63,5.8,1.41,0.2,7.5,0.17,0.5,64
5.87,0.947,2.112,3.333,7.525,2.713,0.045,10.31,0.053,15.0,68
6.87,2.582,14.11,4.697,16.69,2.898,0.467,20.1,0.31,0.5,82
5.31,14.3,8.487,9.754,4.415,0.984,0.427,6.951,0.478,0.5,69
6.41,1.15,1.935,0.45,24.86,13.4,0.41,39.11,0.15,0.5,79
4.3,10.91,1.894,9.803,1.385,0.339,0.14,6.274,0.393,0.5,47
7.95,3.9,35.01,12.19,65.78,3.57,1.22,70.72,0.59,0.5,79
4.51,1.63,1.935,11.97,0.56,0.22,0.14,5.13,0.13,0.5,41
4.69,3.758,6.582,4.503,2.721,0.288,0.32,7.336,0.231,0.5,54
4.72,12.66,30.41,10.55,5.28,0.77,0.43,11.43,0.55,0.5,72
4.67,2.705,1.935,2.228,0.25,0.1,0.045,3.956,0.09,3.0,37
5.84,3.608,1.935,11.38,2.712,1.116,0.648,4.618,0.059,0.5,66
9.44,2.12,40.91,57.04,28.34,1.12,3.08,35.34,1.39,3.0,66
5.05,3.778,6.626,10.97,3.07,1.48,0.428,5.235,0.207,3.0,63
5.73,4.871,7.757,2.761,9.745,2.729,0.451,13.06,0.254,0.5,80
5.65,9.817,1.935,3.913,5.187,1.371,0.215,6.914,0.299,3.0,72
5.8,8.313,54.3,11.29,7.495,1.231,0.135,9.026,0.277,7.5,77
7.14,5.322,130.9,6.185,10.67,4.132,0.32,15.18,0.232,0.5,90
6.05,2.567,4.591,4.963,21.3,1.856,0.282,23.71,0.267,0.5,73
6.66,2.0,56.89,8.22,5.3,2.18,0.37,7.93,0.14,0.5,78
4.519,3.571,75.27,19.23,2.362,1.089,0.495,9.302,0.469,0.5,66
5.45,14.93,26.66,30.44,5.568,1.089,0.261,7.106,0.442,7.5,76
5.03,12.41,2.667,5.848,0.592,0.226,0.163,1.671,0.33,7.5,56
5.91,3.375,7.341,2.881,3.294,0.1,0.045,3.634,0.063,0.5,54
5.24,3.878,4.789,3.091,1.723,0.537,0.157,3.44,0.179,0.5,49
4.08,7.28,23.71,12.81,0.82,0.46,0.37,7.9,0.87,0.5,54
5.64,8.71,4.66,9.01,3.49,1.05,0.8,5.44,0.22,0.5,74
5.08,2.166,7.651,2.925,0.861,0.123,0.045,1.518,0.089,0.5,42
5.56,4.432,1.935,15.34,10.08,3.79,1.029,15.04,0.731,0.5,83
4.9,6.15,3.51,19.7,1.35,0.39,0.25,5.06,0.3,0.5,52
6.34,3.31,62.35,9.88,5.64,1.38,0.5,7.64,0.72,0.5,77
4.74,8.793,36.7,15.3,1.558,0.824,0.364,5.386,0.228,0.5,61
4.91,9.505,179.4,23.74,1.641,0.341,0.185,4.981,0.387,0.5,56
6.32,1.84,8.19,6.53,8.15,4.59,0.14,13.09,0.16,0.5,70
6.91,4.33,30.55,6.19,13.52,2.08,0.43,16.14,0.25,0.5,89
4.49,1.388,175.1,14.51,1.503,1.028,0.32,3.478,0.282,3.0,50
4.54,2.21,2.11,6.86,1.4,0.59,0.13,4.11,0.48,0.5,37
5.41,11.39,68.65,9.005,8.522,0.786,1.326,11.85,0.456,0.5,85
7.7,7.744,12.59,10.95,5.01,1.099,0.295,6.507,0.76,0.5,63
4.55,0.64,19.65,10.16,0.56,0.31,0.22,3.78,0.62,0.5,41
4.69,2.749,3.282,2.536,0.53,0.267,0.128,5.438,0.035,0.5,41
5.19,5.6,3.7,4.74,0.92,0.64,0.59,6.25,0.15,0.5,62
5.41,18.34,53.93,5.13,4.36,0.8,0.5,7.17,0.3,0.5,77
5.55,3.651,74.02,4.311,2.084,0.332,0.045,2.734,0.164,3.0,62
4.67,10.76,1.98,8.802,0.399,0.102,0.14,3.082,0.217,0.5,48
5.019,1.882,1.935,6.139,5.144,2.56,0.151,9.756,0.179,0.5,62
4.42,2.837,5.581,7.205,3.923,1.11,0.224,8.723,0.439,0.5,46
5.22,2.814,14.95,6.135,4.193,1.171,0.131,6.341,0.277,0.5,59
5.24,1.81,10.98,2.1,1.98,0.49,0.22,3.53,0.12,15.0,48
5.58,14.0,5.81,15.64,2.57,0.33,0.22,3.2,0.22,3.0,64
6.06,9.953,6.488,2.315,10.01,2.751,0.106,13.08,0.175,7.5,78
5.6,5.216,20.93,21.52,9.17,1.754,1.01,12.41,0.383,0.5,89
6.02,1.1,20.15,3.48,14.04,5.05,0.27,19.47,0.17,0.5,82
6.03,6.701,78.57,3.371,7.487,1.47,0.345,9.341,0.581,15.0,81
4.92,17.21,8.403,6.202,15.87,3.47,3.89,24.23,0.223,0.5,70
8.11,3.201,44.64,14.32,16.97,1.151,0.274,18.45,0.531,0.5,68
5.66,1.95,5.55,2.98,2.97,0.18,0.045,3.26,0.09,0.5,50
7.41,1.328,6.409,13.96,20.34,19.06,0.267,42.31,0.787,0.5,69
5.38,8.247,4.672,3.477,1.174,0.417,0.129,2.575,0.099,0.5,50
5.45,12.85,1.935,8.46,6.43,2.03,0.25,9.41,0.35,0.5,73
6.55,1.71,1.935,4.743,17.87,7.635,0.296,26.24,0.208,0.5,76
5.48,3.724,1.935,8.237,7.074,5.913,0.106,13.57,0.099,0.5,67
5.15,2.45,12.81,6.78,2.06,0.72,0.13,3.82,0.13,0.5,48
4.769,15.6,16.45,5.664,2.877,0.936,0.644,9.181,0.318,0.5,66
5.39,2.48,20.49,5.59,3.12,0.5,0.15,4.77,0.22,0.5,51
6.66,1.762,16.45,18.66,20.07,6.993,0.681,27.85,1.34,0.5,79
4.74,11.41,7.921,11.97,1.108,0.651,0.301,3.967,0.562,3.0,52
4.54,1.17,4.43,2.26,0.62,0.3,0.1,3.59,0.1,0.5,37
6.41,4.195,369.4,12.11,18.52,1.749,0.741,21.81,3.88,0.5,82
8.25,3.26,226.52,10.25,59.36,5.45,1.82,63.15,0.7,0.5,76
4.13,14.66,32.59,9.832,2.177,0.74,0.252,6.324,1.323,0.5,54
5.22,4.646,5.834,4.602,3.743,0.668,0.182,5.444,0.095,0.5,56
8.25,2.09,35.3,19.65,8.236,1.727,0.492,10.59,0.381,0.5,64
4.99,2.34,1.33,6.09,0.93,0.14,0.045,2.52,0.1,0.5,37
4.88,5.53,2.21,27.24,0.5,0.21,0.12,3.18,0.14,0.5,45
5.31,17.53,14.38,2.704,3.04,0.773,1.006,6.845,0.319,0.5,71
5.62,9.62,12.1,6.77,4.61,1.44,0.6,6.69,0.24,3.0,80
5.51,14.43,21.73,37.87,9.89,4.392,1.452,15.83,0.351,7.5,98
6.84,3.402,29.44,10.62,5.714,0.824,0.358,7.26,0.389,0.5,73
7.75,2.892,80.31,6.869,13.73,2.841,1.274,18.15,0.335,0.5,79
4.73,37.49,6.52,129.6,20.42,3.397,1.464,26.9,3.476,0.5,74
5.36,11.09,83.78,35.62,10.01,1.72,1.5,13.7,1.55,0.5,84
5.3,2.517,1.935,3.75,1.961,1.629,0.103,4.498,0.136,0.5,46
7.01,3.805,395.1,6.609,14.78,0.796,0.743,16.42,0.374,15.0,81
4.69,0.88,0.645,2.11,1.85,0.66,0.12,7.47,0.21,0.5,41
4.71,7.525,5.068,6.153,3.754,1.744,0.424,10.8,0.323,0.5,66
8.15,5.99,54.75,20.61,42.76,5.691,0.952,49.71,0.62,0.5,80
6.75,5.376,36.02,7.379,13.44,6.908,0.476,21.05,0.653,0.5,91
5.03,2.97,11.68,8.847,1.314,0.503,0.121,3.011,0.15,0.5,45
5.9,2.6,6.41,19.82,13.28,6.66,0.16,20.17,0.24,0.5,76
5.34,1.23,3.398,4.324,3.015,0.666,0.045,4.704,0.105,0.5,45
5.67,3.942,29.76,1.428,5.324,1.578,0.366,7.369,0.151,0.5,77
5.57,2.05,22.35,3.19,4.89,0.94,0.36,6.24,0.17,0.5,69
5.54,0.49,35.53,3.69,0.678,0.125,0.097,1.01,0.11,0.5,53
5.0,0.94,14.96,2.28,1.37,0.3,0.1,3.53,0.13,3.0,45
6.91,2.26,26.43,22.22,5.373,1.29,0.442,7.265,0.608,0.5,71
4.84,5.844,14.64,8.681,1.001,0.262,0.198,5.002,0.161,0.5,55
5.04,17.97,3.123,8.083,3.316,0.623,0.184,5.733,0.934,0.5,61
5.35,12.38,7.13,7.04,0.98,0.26,0.13,2.3,0.28,3.0,53
4.54,9.57,4.38,8.18,0.45,0.24,0.16,2.24,0.52,0.5,46
5.5,10.46,8.67,12.6,2.17,0.52,0.29,3.03,0.32,0.5,64
5.29,1.19,12.31,10.89,1.26,0.47,0.11,2.5,0.21,15.0,45
6.75,3.032,85.99,76.47,8.117,4.714,0.616,13.67,2.642,3.0,82
4.5,2.81,1.65,10.04,1.19,0.34,0.12,5.45,0.2,0.5,41
8.09,1.83,38.62,6.04,16.17,1.06,0.13,17.4,0.62,0.5,59
8.25,0.81,11.67,2.49,44.34,2.26,0.37,47.13,0.62,0.5,65
7.27,2.012,545.7,2.81,8.835,3.28,1.056,13.24,0.419,0.5,81
7.72,3.81,203.44,3.22,34.87,2.21,0.34,37.09,0.43,0.5,81
5.31,2.69,104.25,21.43,2.05,0.39,0.47,3.83,0.28,0.5,59
7.21,0.93,38.63,23.78,7.46,2.66,0.17,10.8,0.52,0.5,70
6.75,18.02,8.403,64.78,33.15,11.43,6.23,51.91,1.29,0.5,85
6.43,3.463,2.145,4.677,15.31,4.996,0.303,20.67,0.317,0.5,83
5.66,8.979,2.991,6.177,4.867,2.467,1.152,8.535,0.209,3.0,80
7.81,1.762,339.4,121.7,14.04,9.128,0.905,25.06,1.734,0.5,74
4.93,1.311,1.935,4.511,0.871,0.365,0.111,3.505,0.16,0.5,37
4.83,0.95,7.56,1.75,0.73,0.1,0.045,1.96,0.11,0.5,37
6.82,0.695,11.46,3.808,3.672,1.042,0.31,5.125,0.121,0.5,67
7.52,1.049,81.62,5.664,9.023,4.934,0.607,14.78,0.313,3.0,76
4.519,6.014,75.16,4.343,0.947,0.177,0.045,4.01,0.301,0.5,53
5.44,5.805,10.17,4.47,3.92,0.495,0.292,5.829,0.637,0.5,61
8.01,2.401,70.94,2.392,8.236,1.233,0.377,9.913,0.221,0.5,62
8.19,1.67,13.8,4.774,15.5,10.11,0.259,26.24,0.358,0.5,64
5.19,2.91,1.29,3.8,6.45,4.28,0.25,12.09,0.29,15.0,66
4.27,3.88,7.49,8.15,0.33,0.22,0.09,2.68,0.29,0.5,36
6.25,0.1,16.99,2.95,1.88,0.45,0.11,2.48,0.05,0.5,50
6.43,3.392,14.28,7.5,16.62,2.067,0.389,19.17,0.31,7.5,86
4.44,0.98,0.645,2.82,0.28,0.09,0.045,3.01,0.07,0.5,32
5.05,4.5,1.935,10.12,4.81,1.86,0.24,7.72,0.23,3.0,63
6.38,4.21,3.59,4.03,6.04,1.57,0.19,7.88,0.16,7.5,68
8.36,2.19,17.29,6.93,65.62,7.28,0.6,73.68,0.65,0.5,67
5.66,2.881,3.926,4.497,8.865,3.018,0.183,12.16,0.27,0.5,73
6.05,12.96,10.13,12.54,10.2,0.56,0.23,10.33,0.42,0.5,80
7.14,7.95,11.46,4.1,17.11,11.4,0.59,29.18,0.21,0.5,87
5.66,4.282,2.369,9.039,1.609,0.472,0.111,2.227,0.06,3.0,51
4.099,3.678,4.751,3.837,0.25,0.379,0.114,3.049,1.049,0.5,31
6.21,2.925,30.32,6.556,6.625,1.396,0.161,8.292,0.047,0.5,70
5.59,2.12,14.71,24.91,2.06,0.54,0.1,2.77,0.21,0.5,53
5.2,3.059,2.661,3.839,5.204,0.842,0.124,7.306,0.156,0.5,56
4.53,4.342,3.681,3.79,2.34,0.925,0.204,9.181,0.128,3.0,51
5.02,16.27,4.78,4.87,0.9,0.23,0.12,2.41,0.19,3.0,53
7.1,1.93,2.14,4.87,9.65,5.52,0.16,15.44,0.14,0.5,71
5.6,5.613,13.51,5.611,4.455,1.202,0.185,5.903,0.164,7.5,75
7.38,2.05,7.83,5.0,14.16,4.67,0.65,19.65,0.2,3.0,76
7.18,2.17,21.85,9.37,13.89,3.71,0.26,18.19,0.21,0.5,77
5.62,1.77,42.02,4.25,5.78,0.73,0.13,6.73,0.21,0.5,65
5.019,11.03,15.05,10.82,3.025,2.092,0.643,12.05,0.266,0.5,82
4.79,1.95,2.8,2.53,1.4,0.3,0.045,3.76,0.19,0.5,37
4.94,1.64,7.97,7.21,1.64,0.17,0.045,2.95,0.14,0.5,37
4.61,10.1,2.665,6.871,0.424,0.113,0.134,1.754,0.487,0.5,48
5.28,11.57,126.2,24.42,4.777,0.572,1.012,8.652,0.345,0.5,79
7.31,1.394,13.65,6.605,9.285,5.242,0.121,14.72,0.34,0.5,68
4.87,3.62,13.04,8.94,1.55,0.36,0.19,5.9,0.12,0.5,51
7.68,2.36,433.12,22.26,18.15,14.82,1.56,35.15,0.69,7.5,77
5.76,2.05,1.935,3.36,4.05,1.17,0.14,5.5,0.14,3.0,61
4.47,1.762,2.353,3.58,0.349,0.205,0.045,3.531,0.07,0.5,32
7.96,2.442,2.054,8.916,34.11,0.883,0.045,35.15,0.55,0.5,54
7.73,1.037,25.5,3.84,7.75,5.057,0.262,13.2,0.227,0.5,67
5.8,7.064,7.812,53.14,11.09,1.144,0.268,12.59,0.529,0.5,76
4.89,1.6,0.645,6.57,5.95,7.86,0.21,16.71,0.45,15.0,64
5.6,3.9,3.36,20.09,5.33,0.9,0.53,6.85,0.22,0.5,69
4.889,2.9,4.92,25.9,0.874,0.392,0.221,6.752,0.14,0.5,44
4.64,0.91,1.79,5.74,0.19,0.14,0.045,4.5,0.08,7.5,37
6.03,1.364,1.935,2.909,10.98,12.85,0.431,25.03,0.154,0.5,79
5.17,1.9,0.645,2.47,9.74,5.57,0.28,26.21,0.11,0.5,71
7.06,2.09,23.27,2.15,12.76,3.6,1.11,17.5,0.15,7.5,82
4.0,6.55,3.04,6.202,0.42,0.2,0.14,3.01,0.223,0.5,30
5.81,4.03,12.26,6.75,4.98,1.5,0.83,7.7,0.26,0.5,76
4.52,0.24,1.935,0.42,0.56,0.1,0.045,1.02,0.1,0.5,37
4.05,3.631,236.5,12.43,1.029,0.226,0.96,4.114,4.834,0.5,44
4.94,1.64,0.645,3.03,2.19,0.81,0.14,15.02,0.06,0.5,51
6.28,4.96,28.53,5.34,24.2,9.85,0.36,34.53,0.21,0.5,89
5.89,4.575,9.283,3.861,18.3,1.241,0.247,20.11,0.249,0.5,77
5.27,0.53,1.935,2.01,0.79,0.1,0.045,1.57,0.1,0.5,42
4.23,3.86,1.86,24.44,0.4,0.16,0.045,2.93,0.36,3.0,36
5.46,0.9,3.84,1.93,4.89,2.67,0.2,8.47,0.15,0.5,62
4.82,11.14,28.74,53.0,2.98,0.5,0.48,6.32,1.08,0.5,62
6.3,1.762,31.08,3.056,4.829,1.696,0.128,6.708,0.164,3.0,67
4.92,2.43,0.645,2.31,0.42,0.2,0.045,4.05,0.05,0.5,37
7.92,5.579,9.912,5.997,26.44,1.031,0.198,28.18,0.627,15.0,69
5.18,8.583,4.023,1.987,5.803,1.665,0.579,9.247,0.267,3.0,72
5.34,1.57,3.23,3.45,2.26,5.91,0.27,9.13,0.22,0.5,59
6.24,2.183,11.98,3.646,7.681,3.292,0.223,11.33,0.16,0.5,74
6.36,4.748,5.418,9.464,7.256,6.441,0.561,14.97,0.263,0.5,80
4.9,1.4,4.34,2.89,0.4,0.11,0.045,1.3,0.13,0.5,37
5.3,4.24,32.67,5.57,1.11,0.15,0.045,2.24,0.21,0.5,52
6.38,9.8,327.5,50.43,10.63,1.331,1.152,13.3,1.081,0.5,86
5.24,6.33,59.0,31.99,2.83,1.02,0.83,5.85,0.71,0.5,75
6.58,1.479,8.401,3.154,3.332,0.544,0.045,3.988,0.126,0.5,50
6.14,2.57,25.29,3.27,6.99,2.08,0.54,9.7,0.35,0.5,78
5.11,17.69,9.428,4.071,3.088,0.592,0.186,5.422,0.339,15.0,63
6.02,7.363,46.28,4.661,3.402,0.796,0.174,4.491,0.18,15.0,69
5.01,3.9,2.63,8.52,1.99,0.3,0.26,7.01,0.13,3.0,53
7.0,3.34,3.25,4.31,13.53,1.89,0.18,15.68,0.19,0.5,77
5.33,1.955,1.935,2.887,4.254,1.29,0.045,6.876,0.255,0.5,56
4.46,3.498,2.418,20.82,0.336,0.195,0.105,2.516,0.098,0.5,36
6.79,1.894,1.935,5.368,6.755,2.842,0.17,10.57,0.268,0.5,71
5.47,15.96,16.88,14.63,3.445,0.493,0.398,4.372,0.2,3.0,65
4.12,2.21,3.33,2.47,0.77,0.23,0.045,3.68,0.37,0.5,32
7.96,2.519,0.48,67.94,10.61,1.9,0.094,12.76,1.124,0.5,52
5.57,15.5,40.52,17.84,11.95,2.544,1.041,15.65,0.58,0.5,98
5.18,9.217,32.36,4.618,2.246,0.791,0.326,5.067,0.537,3.0,67
4.67,1.69,1.935,4.12,0.61,0.1,0.11,3.74,0.12,7.5,37
5.69,17.97,232.6,5.771,3.704,1.201,1.8,6.836,0.426,0.5,85
7.98,2.55,41.41,6.202,40.83,5.18,1.26,47.47,0.223,0.5,69
4.77,2.23,1.935,1.81,0.295,0.1,0.045,3.75,0.05,7.5,37
7.07,0.19,20.89,1.34,2.14,0.82,0.045,3.07,0.09,0.5,51
5.5,13.53,18.54,7.431,7.201,0.534,0.12,8.717,0.252,3.0,71
5.09,21.35,5.367,18.44,1.837,0.615,0.412,4.352,0.85,7.5,57
6.27,3.911,14.19,2.589,3.207,1.665,0.611,5.511,0.237,7.5,73
6.48,2.4,60.06,6.74,4.44,1.23,0.84,6.59,0.34,7.5,77
6.35,1.33,15.41,10.1,3.77,1.23,0.045,5.14,0.11,0.5,61
4.93,9.027,7.906,12.11,9.082,5.31,0.255,16.41,0.401,0.5,74
4.58,4.22,8.403,6.99,1.95,0.53,0.2,5.44,0.46,0.5,46
4.559,6.361,26.28,4.796,2.66,0.473,0.218,7.047,0.466,0.5,61
5.38,4.144,1.935,5.392,9.495,4.367,0.465,14.74,0.21,7.5,75
5.79,11.08,32.87,10.86,9.21,1.81,0.73,11.9,0.44,0.5,92
5.46,3.76,2.18,1.65,4.46,1.88,0.13,6.84,0.11,0.5,60
8.4,2.07,43.52,7.4,22.6,9.93,0.8,32.92,0.25,0.5,74
5.58,17.26,2.8,2.63,4.5,0.76,0.48,5.89,0.34,3.0,74
6.19,1.611,7.187,9.122,8.049,5.057,0.387,13.62,0.285,3.0,76
4.5,4.451,3.635,3.925,0.686,0.277,0.156,3.072,0.085,7.5,44
5.9,1.41,1.935,3.08,6.973,2.682,0.155,9.951,0.211,0.5,67
4.8,1.675,1.935,0.177,0.715,0.285,0.045,2.133,0.137,0.5,37
5.84,1.009,6.168,27.27,4.681,0.643,0.163,5.617,0.51,0.5,58
5.12,1.43,8.403,2.14,1.39,0.48,0.11,3.17,0.17,0.5,40
4.19,3.47,0.645,2.06,0.53,0.2,0.1,4.72,0.24,0.5,36
5.34,3.404,1.935,4.603,3.227,0.987,0.045,4.704,0.256,0.5,49
4.34,1.144,3.947,6.337,1.861,0.41,0.369,11.06,0.188,3.0,46
5.18,2.1,4.28,5.3,0.54,0.2,0.045,1.47,0.06,15.0,42
5.35,4.451,23.52,23.87,8.107,1.112,0.72,10.34,0.322,0.5,80
5.059,14.93,74.63,69.48,7.859,1.643,0.805,11.55,1.944,0.5,82
4.76,1.05,0.645,2.28,0.34,0.13,0.045,2.65,0.11,0.5,37
4.73,5.296,4.213,4.591,3.689,0.906,0.334,10.58,0.21,7.5,62
4.54,8.729,90.88,2.861,4.823,0.847,0.376,8.259,0.489,0.5,69
6.03,1.302,1.935,9.05,3.957,1.864,0.045,6.038,0.104,0.5,58
5.54,15.84,7.208,3.208,6.66,0.878,0.542,8.169,0.411,0.5,76
5.5,0.957,33.83,2.252,2.87,1.213,0.176,4.292,0.239,0.5,63
4.88,4.57,5.28,4.41,2.67,0.21,0.13,10.31,0.12,0.5,52
6.27,2.52,25.06,5.19,4.73,1.2,0.1,6.17,0.14,0.5,67
5.55,9.178,26.85,6.953,4.458,0.853,0.492,6.122,0.221,3.0,77
5.36,1.71,1.44,1.78,7.36,4.92,0.19,13.75,0.09,0.5,66
5.09,4.929,1.935,2.553,2.047,0.633,0.109,7.948,0.061,0.5,53
5.73,15.77,3.99,2.01,3.61,0.55,0.17,4.41,0.18,3.0,64
5.82,2.524,6.301,1.611,5.173,1.93,0.365,7.595,0.118,0.5,67
5.88,5.535,105.9,8.66,8.879,4.609,2.294,16.07,0.705,0.5,95
5.02,1.28,2.32,5.53,0.65,0.13,0.045,3.73,0.07,0.5,42
6.84,3.733,10.1,3.541,30.05,3.35,0.2,33.74,0.32,0.5,83
5.22,8.302,9.937,21.82,1.549,0.53,0.146,2.583,0.262,15.0,50
5.74,20.88,15.53,8.413,11.93,2.355,1.194,15.65,0.687,0.5,93
6.17,3.022,176.5,12.1,12.69,9.868,1.324,23.95,0.297,7.5,93
5.88,3.666,20.65,21.38,9.623,3.389,0.264,13.49,0.496,7.5,83
4.3,2.72,1.935,11.32,0.65,0.1,0.045,4.13,0.3,7.5,32
6.72,1.53,7.85,3.75,13.84,6.11,0.24,20.37,0.11,0.5,76
5.73,3.44,3.699,6.779,4.313,1.507,0.527,6.448,0.152,0.5,73
6.88,1.429,23.8,6.889,9.901,5.753,0.207,16.0,0.229,3.0,82
4.79,1.003,1.935,2.631,0.25,0.1,0.045,4.411,0.05,0.5,37
4.73,12.11,2.667,11.26,0.343,0.164,0.147,1.289,0.33,3.0,48
7.43,2.472,36.05,13.82,21.06,13.65,0.286,36.72,1.094,0.5,72
4.82,6.855,8.715,3.593,1.31,0.26,0.123,4.891,0.198,3.0,45
4.78,2.65,25.34,7.75,0.56,0.21,0.045,2.08,0.12,0.5,43
7.15,1.81,77.95,49.69,12.09,3.95,0.34,17.08,1.95,3.0,77
4.84,22.39,46.2,9.725,2.387,0.535,0.271,7.85,0.459,0.5,66
5.19,6.0,7.8,10.52,0.72,0.28,0.13,4.48,0.11,0.5,50
4.61,4.226,8.727,2.985,1.104,0.945,0.291,4.419,0.176,0.5,44
4.99,10.48,2.03,9.122,3.556,0.154,0.192,4.588,0.126,0.5,54
8.68,1.374,35.67,6.576,42.86,2.189,0.331,45.69,0.489,0.5,70
5.82,5.852,37.87,2.365,8.754,0.972,0.256,10.77,0.213,0.5,80
5.07,1.478,40.16,54.03,2.659,0.657,0.374,4.609,0.438,0.5,59
5.02,3.05,1.935,10.39,1.12,0.36,0.31,5.49,0.18,0.5,56
5.0,2.212,5.187,5.69,1.16,0.287,0.045,2.593,0.121,0.5,42
5.05,16.97,48.65,5.901,1.516,0.308,0.288,5.075,0.195,7.5,68
4.62,9.62,52.63,22.19,1.58,0.35,1.28,7.69,0.95,0.5,63
6.99,1.374,8.755,119.3,11.0,2.158,0.32,13.95,3.007,0.5,68
5.3,2.5,4.5,6.202,0.65,0.15,0.045,2.42,0.223,0.5,32
5.12,2.896,3.587,9.875,1.754,1.413,0.219,4.843,0.14,3.0,49
4.45,1.42,9.58,8.45,0.295,0.1,0.045,7.43,0.12,0.5,36
6.35,0.66,13.21,3.03,3.62,1.14,0.25,5.1,0.21,0.5,64
5.019,10.63,8.1,8.235,9.659,1.727,0.192,12.42,0.406,3.0,76
6.4,5.996,15.55,2.236,9.527,2.217,0.228,12.0,0.144,3.0,84
5.33,1.436,60.96,4.881,2.459,0.439,0.045,3.576,0.098,0.5,53
5.41,4.19,10.78,7.66,8.59,2.14,0.19,11.06,0.12,0.5,75
6.89,2.232,26.06,4.843,15.45,9.34,0.516,25.52,0.406,0.5,87
5.16,1.43,3.4,2.09,0.47,0.14,0.045,1.46,0.06,7.5,42
6.35,1.59,11.15,6.202,4.59,1.29,0.25,6.2,0.223,0.5,57
4.099,10.57,1.935,19.03,1.488,0.349,0.21,5.221,1.148,7.5,45
5.33,11.52,56.62,4.756,2.695,1.089,0.96,5.346,0.264,15.0,80
4.28,3.964,2.152,3.414,1.147,0.354,0.14,6.831,0.252,3.0,40
5.43,1.65,1.935,1.51,13.03,6.05,0.37,20.16,0.4,0.5,74
4.98,19.5,2.08,11.7,0.83,0.36,0.19,3.18,0.25,3.0,51
5.13,8.29,4.39,5.95,0.295,0.21,0.045,1.57,0.1,7.5,50
4.8,2.14,1.935,14.82,0.56,0.1,0.045,1.49,0.12,3.0,37
4.74,3.93,4.554,9.216,3.131,0.615,0.308,7.281,0.233,15.0,54
5.4,3.17,4.59,5.3,7.75,2.68,0.29,10.95,0.5,0.5,68
8.05,1.78,69.86,14.47,17.62,2.61,0.64,21.39,0.74,0.5,72
5.37,17.22,13.93,10.66,5.728,1.313,0.445,8.53,0.505,7.5,74
5.59,3.45,3.96,6.202,1.96,0.25,0.16,2.42,0.223,0.5,44
4.7,2.33,1.935,6.971,1.0,0.5,0.21,5.491,0.132,0.5,44
4.82,1.908,1.935,4.166,0.25,0.1,0.045,3.71,0.07,0.5,37
6.3,2.09,1.59,3.08,10.24,8.56,0.045,18.93,0.09,0.5,73
5.0,1.02,1.935,4.05,0.56,0.1,0.045,1.75,0.06,0.5,42
9.74,0.73,224.2,253.8,23.21,7.554,0.385,45.53,9.721,0.5,64
7.52,1.482,111.2,275.0,46.45,2.37,0.784,50.19,10.34,0.5,71
4.92,3.884,20.33,3.142,4.16,0.99,0.28,6.759,0.28,3.0,60
5.82,9.42,14.3,3.27,3.75,0.7,0.16,5.11,0.15,0.5,68
4.73,1.69,1.73,3.56,0.74,0.17,0.045,4.38,0.08,0.5,37
5.34,3.747,13.25,59.7,17.65,1.804,0.215,20.03,0.925,0.5,73
6.45,12.46,85.36,6.86,17.2,3.29,0.52,21.06,0.38,3.0,100
5.17,2.03,14.14,3.69,6.33,0.67,0.13,10.07,0.12,7.5,59
7.8,3.02,174.9,4.93,32.4,0.93,0.34,33.75,0.52,0.5,72
6.69,1.581,37.23,47.01,9.809,5.427,0.249,15.64,1.057,7.5,77
5.46,27.03,6.415,5.117,6.364,0.935,0.118,7.456,0.232,3.0,63
7.28,2.69,93.96,10.54,13.96,1.33,1.39,16.72,0.44,0.5,81
5.16,1.394,2.522,5.103,2.92,2.282,0.121,6.613,0.08,3.0,56
6.71,1.072,1.935,6.156,4.529,2.211,0.113,6.961,0.127,0.5,64
5.27,3.275,5.013,1.605,6.495,1.379,0.045,8.423,0.349,3.0,60
5.44,2.047,5.857,7.265,2.317,1.343,0.154,4.106,0.134,7.5,52
6.64,1.39,24.67,6.75,8.81,1.56,0.12,10.62,0.2,0.5,73
5.05,2.03,1.935,5.17,4.02,1.91,0.2,6.4,0.54,0.5,57
6.7,12.36,124.9,7.292,13.47,1.285,0.537,15.35,0.351,0.5,97
5.27,5.1,1.32,4.28,0.11,0.03,0.11,2.66,0.06,0.5,50
6.78,11.54,225.5,103.3,18.48,6.397,4.036,32.26,4.205,0.5,92
4.9,10.31,6.198,8.663,8.392,4.714,0.207,15.29,1.211,0.5,72
4.46,2.336,6.584,2.527,0.835,0.328,0.045,3.118,0.299,0.5,32
5.86,2.76,2.73,3.69,3.62,1.41,0.93,6.06,0.14,0.5,66
5.44,1.1,1.935,16.53,1.83,0.33,0.045,2.41,0.24,0.5,42
5.1,0.95,0.645,2.78,0.68,0.42,0.15,14.96,0.04,0.5,50
5.91,4.296,4.634,2.805,3.346,0.792,0.202,4.441,0.094,15.0,57
5.32,1.91,1.91,5.0,0.84,0.23,0.045,2.09,0.08,0.5,42
5.96,2.24,1.935,3.05,6.21,3.79,0.045,10.27,0.08,0.5,68
4.26,3.0,8.403,7.5,0.45,0.21,0.12,3.15,0.2,0.5,30
5.05,1.466,1.935,3.825,0.737,0.347,0.045,5.402,0.051,3.0,46
5.61,6.78,91.07,22.79,10.28,1.28,0.45,12.17,0.45,3.0,89
4.39,2.12,7.06,5.59,0.64,0.18,0.09,5.51,0.14,0.5,36
6.26,15.48,67.44,14.56,12.23,3.023,0.553,15.91,0.256,3.0,100
4.5,3.113,1.935,7.571,0.25,0.335,0.045,4.591,0.129,3.0,41
5.87,7.014,2.738,5.131,9.734,1.48,0.329,11.57,0.643,0.5,79
5.54,3.449,15.88,13.6,0.913,0.216,0.243,1.409,0.131,3.0,57
4.85,1.83,5.33,6.202,1.03,0.16,0.09,3.57,0.13,0.5,37
5.45,2.36,3.73,5.97,11.56,0.62,0.22,13.12,0.21,3.0,61
5.58,3.417,12.75,4.796,9.919,2.083,0.136,12.23,0.351,3.0,77
4.54,3.15,7.71,5.36,3.68,1.54,0.4,12.34,0.21,0.5,62
6.62,2.14,8.18,4.52,13.19,1.96,0.12,15.36,0.16,7.5,70
5.79,7.33,4.43,4.34,6.82,2.18,0.69,9.79,0.26,3.0,80
6.96,1.47,19.7,11.0,14.91,6.38,0.3,22.51,0.57,0.5,77
4.78,8.57,13.23,14.74,0.71,0.24,0.26,3.29,0.15,3.0,51
5.59,10.07,29.11,18.91,6.485,1.287,1.521,9.719,0.488,3.0,86
6.02,2.885,4.385,2.103,11.44,4.867,0.39,16.8,0.157,0.5,79
5.16,1.416,4.664,3.602,1.378,0.588,0.045,2.8,0.213,0.5,42
8.2,2.07,61.98,12.54,11.18,2.35,0.23,13.89,0.73,0.5,64
5.67,1.098,22.18,8.221,4.266,1.215,0.115,5.737,0.298,0.5,67
5.15,4.339,19.15,6.534,5.882,1.069,0.889,10.39,0.299,0.5,75
6.86,0.339,1.935,1.522,0.908,0.244,0.105,1.398,0.067,0.5,47
5.67,6.161,21.56,10.46,5.565,0.669,0.23,6.566,0.428,0.5,74
4.9,2.474,1.935,24.24,3.179,1.055,0.142,6.064,0.318,0.5,48
6.22,2.34,40.8,7.708,7.607,2.79,0.301,10.83,0.371,0.5,82
5.53,12.64,3.573,9.277,3.556,0.226,0.201,4.038,0.285,0.5,64
5.34,2.537,8.407,6.789,0.886,0.585,1.382,3.261,0.199,7.5,50
3.93,4.746,74.01,11.19,1.646,0.945,0.757,5.255,0.449,0.5,56
4.37,4.93,1.935,18.19,0.25,0.19,0.19,4.335,0.253,0.5,39
6.14,4.776,9.441,3.371,13.17,1.285,0.137,14.63,0.302,15.0,71
5.31,9.109,13.28,15.38,1.049,0.1,0.045,2.436,0.146,3.0,53
5.94,2.942,16.04,9.448,9.934,2.353,0.407,12.97,0.291,0.5,79
5.16,4.47,15.25,5.44,5.95,3.07,0.62,17.27,0.19,0.5,81
5.92,1.404,15.04,3.581,11.36,2.93,0.1,14.49,0.137,0.5,73
5.91,2.79,3.55,10.08,5.2,1.93,0.38,7.56,0.09,0.5,67
6.0,4.424,12.0,8.587,10.76,2.828,0.172,13.94,0.439,0.5,80
4.55,10.7,115.3,17.42,2.997,1.499,0.678,7.846,1.2,3.0,70
5.27,5.54,24.25,103.72,11.96,7.78,0.3,20.49,1.27,0.5,80
5.72,18.47,71.33,12.56,8.798,0.863,0.348,10.37,0.631,0.5,86
4.49,1.26,80.76,6.03,0.215,0.166,0.045,1.897,0.206,0.5,40
7.46,1.78,21.78,4.97,42.41,7.57,0.5,50.75,0.46,0.5,80
7.97,2.55,79.2,5.26,12.61,2.81,0.14,15.84,0.31,3.0,71
6.52,0.634,10.85,1.022,1.878,0.729,0.105,2.768,0.126,0.5,50
5.8,4.0,114.48,4.72,4.93,0.41,0.09,5.49,0.18,7.5,69
6.06,4.28,2.64,2.19,24.56,5.19,0.18,30.48,0.21,0.5,80
7.05,5.35,241.4,19.98,18.01,1.46,0.711,20.57,1.341,0.5,84
6.0,5.36,3.14,2.53,8.67,7.68,0.26,16.7,0.07,7.5,84
5.95,0.785,53.52,2.007,2.446,0.812,0.118,3.414,0.171,7.5,58
7.28,1.1,54.91,23.47,10.09,3.87,0.46,14.79,0.65,0.5,77
8.15,2.872,64.58,4.442,23.07,0.263,0.147,23.7,0.43,0.5,59
5.27,11.7,97.71,37.97,4.268,2.785,1.23,9.075,1.084,15.0,81
7.76,2.81,23.67,4.17,50.51,8.0,3.11,61.86,0.3,0.5,77
5.68,5.59,28.53,15.01,12.41,3.69,0.36,16.61,0.28,0.5,93
4.95,5.076,6.406,3.841,0.596,0.29,0.152,3.189,0.195,0.5,48
4.81,1.81,12.04,6.202,1.22,1.07,0.63,4.61,0.39,0.5,52
6.0,1.83,10.31,4.68,2.96,0.64,0.045,3.81,0.17,3.0,53
5.36,2.292,1.935,4.338,4.777,2.035,0.045,7.641,0.181,3.0,59
5.45,5.333,13.46,4.258,6.364,2.384,0.406,10.03,0.212,0.5,80
4.389,2.18,3.121,1.162,0.099,0.051,0.045,3.937,0.078,0.5,32
7.04,3.22,8.403,11.9,17.34,8.36,1.53,27.4,0.223,0.5,68
5.27,2.404,21.26,10.76,4.266,1.264,0.109,6.296,0.306,0.5,62
5.18,3.709,19.29,14.43,2.52,0.431,0.268,4.162,0.302,15.0,55
4.61,3.848,10.36,5.676,0.359,0.219,0.106,3.507,0.201,0.5,44
5.83,11.61,3.274,8.378,5.728,1.85,0.768,8.395,0.295,0.5,80
4.849,1.022,3.994,4.276,0.25,0.1,0.045,1.5,0.147,0.5,37
5.03,1.42,10.73,21.91,4.297,1.35,0.111,6.751,0.351,0.5,59
5.07,0.743,1.935,0.999,0.25,0.1,0.045,2.653,0.03,15.0,42
4.91,1.71,0.645,2.39,0.93,0.88,0.23,21.81,0.06,0.5,51
6.44,3.1,5.75,17.37,8.34,3.78,0.37,12.67,0.23,0.5,80
5.07,1.84,0.645,6.16,3.89,2.02,0.21,7.82,0.2,0.5,59
4.37,5.712,2.166,2.524,0.661,0.344,0.143,5.626,0.212,3.0,44
4.41,4.0,4.546,3.861,5.13,1.036,0.357,13.3,0.146,3.0,60
5.51,3.245,3.789,3.134,29.35,10.5,0.683,40.84,0.752,0.5,83
7.85,4.52,70.41,13.83,23.79,2.268,0.626,26.8,0.905,0.5,81
6.02,1.752,12.39,2.44,6.737,1.39,0.177,8.39,0.046,0.5,67
4.22,1.599,4.44,1.297,0.25,0.301,0.045,3.572,0.254,0.5,32
5.06,7.41,45.43,17.44,2.87,1.15,0.49,6.75,0.45,0.5,75
4.47,1.69,1.935,14.21,0.295,0.1,0.11,3.13,0.11,0.5,32
4.26,3.261,3.69,5.741,1.772,0.39,0.115,6.994,0.207,0.5,40
6.1,2.014,5.288,1.605,5.858,0.867,0.16,6.986,0.169,0.5,60
5.03,4.074,6.259,4.895,3.706,1.696,0.211,8.469,0.169,3.0,60
7.16,5.377,268.1,4.435,19.17,1.558,0.2,20.95,0.239,3.0,84
5.79,1.38,5.48,7.69,3.6,1.9,0.11,5.97,0.23,0.5,58
5.2,9.741,2.115,2.524,4.481,0.612,0.168,6.961,0.261,0.5,63
4.41,1.98,1.935,6.49,0.56,0.1,0.14,2.26,0.22,15.0,32
4.269,13.78,46.56,71.15,1.905,0.698,1.056,7.293,2.1,0.5,55
4.59,1.52,1.935,5.01,1.17,0.5,0.14,4.54,0.27,15.0,37
5.18,2.78,1.935,2.52,0.295,0.1,0.045,3.54,0.04,0.5,42
5.04,1.96,1.935,17.55,3.66,0.59,0.045,5.5,0.31,0.5,49
5.11,11.69,71.27,26.37,6.673,1.156,0.341,9.864,0.633,15.0,79
4.77,4.09,3.78,3.54,1.7,0.25,0.045,5.68,0.21,0.5,45
5.24,4.93,16.63,2.47,1.29,0.26,0.18,3.67,0.11,0.5,52
5.2,0.19,13.74,5.7,1.59,0.27,0.18,4.25,0.11,0.5,48
5.38,1.91,4.31,4.77,1.74,0.41,0.13,2.91,0.09,3.0,42
6.15,2.032,65.6,3.36,9.073,2.375,0.33,11.91,0.178,7.5,84
4.16,3.2,3.342,3.861,0.945,0.289,0.213,10.49,0.133,3.0,47
6.5,4.196,9.159,4.775,8.321,0.12,0.158,8.676,0.207,0.5,66
6.01,2.05,8.403,1.89,8.6,7.42,0.35,16.56,0.16,7.5,77
4.88,3.219,1.935,9.134,1.211,0.488,0.35,5.839,0.202,0.5,51
5.37,11.71,8.403,11.09,3.48,0.74,0.25,5.32,0.18,0.5,61
7.76,0.79,54.95,7.6,10.2,3.5,0.16,14.21,0.24,15.0,71
8.34,3.212,128.0,18.91,48.07,2.388,0.551,51.31,0.53,0.5,76
4.46,2.46,1.935,8.08,0.69,0.24,0.045,5.69,0.27,7.5,36
4.599,2.311,1.935,6.47,0.703,0.221,0.137,4.922,0.137,0.5,37
6.19,2.72,0.645,6.25,12.87,22.0,0.09,35.08,0.08,3.0,73
5.23,10.09,67.81,11.85,3.751,1.204,1.218,7.31,0.396,0.5,80
4.75,7.72,115.23,8.31,2.07,0.56,0.23,9.67,0.24,3.0,63
5.41,3.837,56.97,4.478,4.043,1.048,0.272,5.516,0.313,3.0,71
5.85,3.993,6.597,4.861,16.23,5.701,0.334,22.35,0.235,3.0,83
4.93,1.81,0.645,4.66,1.01,0.56,0.045,5.91,0.06,0.5,41
4.48,3.36,8.1,9.31,1.42,0.48,0.21,9.86,0.17,3.0,43
4.93,0.81,1.71,4.58,0.41,0.23,0.045,2.45,0.1,0.5,37
5.68,3.5,1.66,27.79,2.63,0.51,0.32,3.59,0.1,0.5,60
5.79,7.52,28.31,16.7,3.47,0.36,0.09,4.0,0.21,7.5,64
4.67,2.525,3.926,2.877,0.935,0.164,0.045,3.155,0.148,0.5,37
5.66,3.79,6.8,6.76,3.9,1.12,1.07,6.18,0.18,3.0,70
6.89,1.19,27.66,65.34,10.66,3.83,0.18,15.47,1.76,0.5,77
5.5,13.55,71.05,15.2,3.931,1.11,0.473,6.078,0.472,0.5,83
4.35,0.83,1.935,3.67,0.56,0.1,0.09,6.05,0.12,15.0,36
7.94,5.755,10.85,3.839,19.09,1.418,0.249,20.81,0.621,0.5,72
4.9,2.0,0.645,7.42,8.59,5.51,0.14,27.32,0.14,7.5,63
5.41,4.938,11.44,4.007,6.073,0.792,0.223,8.373,0.157,3.0,62
6.96,2.705,19.91,12.45,17.22,2.898,0.652,20.83,0.354,0.5,84
5.29,8.3,16.06,25.57,2.18,1.06,1.62,5.413,0.779,7.5,70
8.33,0.506,482.7,14.28,7.614,0.455,0.107,8.411,0.592,0.5,48
8.85,2.05,136.15,23.14,35.16,4.75,2.7,42.75,0.78,0.5,72
4.96,12.56,4.259,4.187,0.505,0.188,0.127,1.858,0.324,15.0,48
5.77,9.044,6.775,9.786,6.215,2.282,1.478,10.0,0.333,0.5,80
6.62,2.03,6.91,7.16,7.32,5.55,0.15,13.54,0.18,0.5,68
4.78,1.47,3.11,3.0,0.23,0.09,0.045,3.22,0.07,0.5,37
5.45,1.32,1.935,3.98,1.54,0.52,0.14,2.76,0.12,0.5,42
3.82,2.972,3.894,5.111,0.69,0.338,0.091,3.785,1.203,0.5,27
5.22,2.05,1.935,1.49,0.295,0.2,0.045,2.49,0.04,0.5,42
5.51,3.22,2.95,2.84,3.52,1.51,0.37,5.44,0.2,0.5,68
7.26,0.19,16.59,9.82,1.28,0.43,0.11,1.87,0.11,0.5,45
5.4,14.68,57.87,16.58,9.974,1.226,0.157,11.98,0.94,15.0,82
5.66,9.82,13.13,6.009,4.58,1.44,0.32,6.48,0.308,3.0,78
6.49,2.683,10.51,6.381,9.8,7.392,0.816,18.15,0.234,7.5,84
6.39,1.17,1.935,6.202,13.72,4.17,0.18,18.2,0.11,0.5,76
5.33,11.43,145.0,49.6,6.776,1.295,1.401,9.846,1.924,3.0,78
4.76,1.53,3.04,2.57,0.82,0.26,0.045,4.66,0.12,0.5,37
4.93,1.09,3.48,1.53,0.42,0.13,0.045,1.52,0.07,0.5,37
5.96,2.83,7.94,4.99,16.56,4.56,0.37,21.57,0.15,0.5,79
5.96,2.677,17.71,76.22,3.786,1.423,0.145,5.545,0.235,0.5,61
4.9,1.76,1.64,38.79,0.29,0.11,0.045,2.78,0.06,0.5,37
5.6,1.47,1.935,8.96,2.23,3.12,0.045,5.56,0.09,3.0,61
4.82,3.29,2.88,9.9,1.54,0.53,0.25,5.45,0.16,15.0,48
5.76,2.892,18.53,39.58,10.24,1.88,0.42,12.72,0.48,0.5,76
7.34,0.421,11.29,2.696,3.423,1.612,0.116,5.324,0.157,3.0,56
5.96,2.03,10.61,2.97,4.182,0.685,0.142,5.11,0.109,7.5,60
4.66,3.21,0.606,3.591,0.137,0.092,0.045,3.085,0.027,0.5,41
5.05,4.139,58.38,3.291,2.502,0.832,0.326,4.33,0.158,3.0,63
6.21,3.098,1.935,3.333,9.961,2.332,0.045,12.45,0.148,0.5,74
5.2,0.696,1.935,2.659,0.25,0.1,0.045,2.268,0.056,0.5,42
7.61,1.341,7.453,4.964,7.113,4.255,0.214,11.78,0.552,3.0,59
6.76,2.172,37.65,9.277,12.13,5.181,0.889,18.41,0.222,0.5,87
4.19,2.26,1.935,5.806,0.689,0.226,0.139,3.354,0.231,0.5,32
7.88,0.74,5.51,8.64,11.16,2.33,0.21,14.42,0.8,0.5,61
4.81,2.1,2.2,16.37,0.44,0.19,0.045,3.84,0.14,15.0,37
5.77,21.43,8.73,2.69,1.59,0.64,0.47,2.79,0.16,0.5,64
5.57,2.03,8.82,3.42,5.3,2.3,0.64,8.38,0.21,7.5,72
4.519,1.811,1.935,3.731,1.086,0.182,0.045,2.681,0.16,0.5,37
5.94,0.93,2.33,2.86,1.54,0.52,0.045,2.14,0.05,0.5,47
6.02,3.302,2.178,4.358,12.71,0.415,0.045,13.31,0.247,15.0,67
6.86,7.676,447.0,80.53,4.95,4.201,1.066,11.05,3.35,0.5,84
5.4,0.903,1.935,10.59,7.463,4.057,0.142,12.12,0.639,0.5,61
8.22,1.523,43.44,118.4,9.291,2.567,0.19,13.5,2.044,0.5,58
5.0,9.088,0.775,1.631,1.535,0.494,0.15,3.316,0.33,0.5,50
4.88,0.616,5.131,6.726,0.25,0.1,0.045,5.638,0.06,0.5,41
5.18,1.62,30.92,4.8,1.87,0.5,0.2,3.61,0.17,0.5,51
4.84,5.388,6.458,4.297,2.286,0.454,0.244,9.072,0.215,0.5,55
5.78,2.279,2.627,4.368,9.972,9.755,0.045,19.91,0.355,0.5,73
5.07,4.43,1.935,28.84,0.62,0.41,0.44,2.111,0.314,0.5,52
5.77,4.26,0.645,9.58,23.3,13.39,0.23,37.01,0.25,3.0,80
6.35,1.86,2.82,4.33,6.86,1.58,0.24,8.77,0.27,15.0,64
4.46,2.374,13.38,6.924,3.24,1.595,0.128,6.146,0.68,0.5,44
5.56,7.581,27.12,5.72,4.463,0.797,0.131,5.49,0.208,0.5,71
7.11,0.71,23.13,13.17,25.32,1.04,0.21,26.64,0.64,0.5,72
5.26,0.95,8.22,20.14,3.07,1.18,0.27,5.22,0.31,0.5,56
8.25,0.998,3.887,8.049,21.17,2.276,0.345,24.06,0.387,0.5,64
5.74,3.394,5.528,0.894,5.615,1.11,0.166,6.979,0.171,3.0,68
6.36,2.551,45.62,6.91,21.47,1.07,0.161,22.9,0.402,15.0,81
4.97,2.067,66.97,69.92,10.13,2.44,0.205,13.84,0.722,0.5,69
7.94,0.97,26.07,6.202,26.6,4.53,0.39,33.19,0.223,0.5,65
5.33,24.3,156.5,30.82,17.59,2.664,1.268,22.28,1.35,15.0,90
6.89,0.66,14.04,8.19,3.34,0.85,0.29,4.54,0.21,0.5,56
5.24,1.03,1.935,0.43,7.37,3.63,0.17,14.59,0.11,15.0,66
6.86,2.55,8.403,4.07,3.94,1.9,0.09,5.99,0.21,0.5,56
5.67,0.5,9.45,6.7,4.21,2.54,0.15,6.95,0.2,0.5,64
5.9,8.036,6.139,6.96,8.498,2.713,0.128,11.49,0.3,3.0,78
5.35,3.662,1.964,3.414,3.177,1.444,0.304,6.406,0.134,3.0,63
5.64,2.1,6.153,6.612,6.406,2.326,0.23,9.068,0.221,0.5,67
5.12,9.233,81.77,11.0,2.508,1.171,1.843,6.731,0.419,15.0,77
5.31,4.508,10.81,7.48,3.986,1.379,0.131,6.035,0.271,0.5,60
8.21,1.661,2.163,12.05,2.995,1.603,0.912,5.581,0.424,0.5,51
5.86,2.38,6.05,12.6,4.26,1.52,1.23,7.44,0.5,0.5,67
5.32,12.97,23.69,16.43,7.3,1.185,0.344,9.708,0.203,0.5,79
4.98,2.84,3.17,5.2,5.81,4.14,0.41,14.66,0.18,3.0,64
5.01,5.832,13.12,10.04,5.302,3.037,0.579,9.604,0.238,15.0,78
4.63,2.085,1.987,2.637,1.78,0.408,0.045,4.714,0.239,0.5,37
5.34,13.15,17.33,15.4,5.688,2.208,1.043,9.649,0.989,0.5,79
5.22,2.364,22.26,12.16,2.06,0.707,0.435,3.795,0.324,0.5,57
5.83,0.753,1.935,3.351,10.67,12.07,0.319,23.86,0.173,0.5,79
4.45,14.33,4.868,7.167,0.446,0.211,0.045,4.291,0.436,0.5,43
4.75,6.377,5.108,5.109,1.038,0.376,0.272,5.942,0.197,0.5,52
6.7,1.98,5.61,4.29,12.68,3.12,0.26,16.21,0.32,0.5,76
6.05,0.572,7.196,2.837,8.849,1.746,0.045,10.75,0.105,0.5,67
4.69,1.29,15.23,9.86,1.12,0.25,0.22,2.77,0.2,0.5,43
6.16,0.543,55.57,1.748,1.286,0.439,0.167,1.979,0.108,0.5,58
4.38,2.269,1.815,1.271,2.021,0.133,0.045,4.69,0.073,7.5,35
6.19,10.56,169.3,3.432,13.66,1.299,0.64,15.82,0.199,0.5,97
5.26,11.25,44.33,24.45,4.487,1.49,0.749,7.962,0.804,15.0,81
5.14,4.304,10.67,5.799,2.293,0.545,0.161,3.833,0.338,0.5,55
5.41,1.28,3.65,10.64,3.69,0.44,0.11,6.09,0.09,0.5,49
8.119,5.866,11.48,7.404,42.42,0.819,0.251,43.54,0.916,0.5,63
4.66,12.09,81.2,11.9,1.48,0.293,0.439,7.434,0.326,0.5,66
4.73,1.315,1.935,14.41,1.009,0.326,0.182,4.342,0.175,7.5,40
5.17,19.58,23.44,17.96,3.054,0.358,0.33,5.942,0.41,0.5,72
5.04,1.204,1.935,17.19,0.25,0.1,0.045,2.986,0.028,0.5,42
6.02,12.08,71.74,69.93,14.01,3.91,2.58,20.96,0.97,0.5,98
7.48,1.513,6.561,5.014,12.41,1.436,0.045,14.35,0.157,0.5,62
6.26,2.606,3.612,5.15,15.6,4.916,0.045,21.32,0.217,0.5,73
4.9,0.98,0.645,1.27,0.43,0.13,0.045,1.79,0.05,0.5,37
4.53,2.21,0.645,3.69,0.3,0.16,0.045,2.58,0.1,15.0,37
7.26,3.84,38.07,56.53,27.52,2.27,0.25,30.11,0.78,15.0,79
4.52,2.07,8.86,8.47,0.56,0.29,0.17,3.1,0.34,0.5,40
4.04,9.79,7.731,12.45,0.415,0.263,0.097,3.764,0.989,15.0,38
8.23,1.19,19.48,4.0,28.93,1.79,0.21,31.09,0.51,0.5,59
5.22,0.64,1.935,2.12,0.56,0.1,0.045,1.96,0.05,0.5,42
6.36,1.39,38.83,3.32,8.67,3.07,0.37,12.22,0.19,0.5,82
7.88,0.901,50.48,16.54,15.56,2.605,0.29,18.65,0.549,0.5,72
5.87,15.55,62.14,14.52,10.4,1.48,0.092,12.15,0.512,0.5,84
4.309,4.8,10.14,8.585,5.643,1.374,0.337,12.34,0.425,0.5,63
4.7,4.5,3.94,6.202,8.32,0.1,0.1,11.52,0.21,0.5,57
4.8,6.15,8.79,5.23,0.43,0.16,0.1,1.92,0.25,0.5,45
4.58,2.785,19.28,6.361,1.342,0.72,0.375,6.283,0.215,0.5,50
5.15,2.78,14.17,165.43,10.88,0.96,0.36,13.64,1.74,0.5,62
5.27,2.434,5.069,9.333,6.8,2.46,0.27,9.932,0.314,3.0,62
6.52,1.24,35.33,153.17,8.11,3.19,0.24,11.7,1.29,0.5,74
7.51,2.07,23.37,168.34,49.74,1.47,0.27,51.61,6.97,3.0,61
5.76,1.5,8.403,8.26,1.93,1.37,0.24,3.88,0.33,0.5,52
5.61,6.96,15.27,10.07,4.93,1.09,0.67,6.81,0.22,0.5,80
6.02,2.59,1.935,2.86,6.96,1.76,0.045,8.85,0.11,7.5,61
4.52,1.91,13.77,24.06,0.82,0.24,0.28,6.89,0.22,0.5,47
5.41,5.659,423.5,36.38,11.18,2.702,4.511,21.71,2.489,0.5,84
5.89,2.84,12.35,6.75,2.54,1.39,0.3,4.3,0.16,7.5,60
4.559,2.442,42.39,57.02,1.548,0.508,0.752,3.978,0.754,0.5,51
5.21,1.86,1.935,29.69,2.09,0.44,0.09,3.59,0.09,3.0,45
4.639,4.875,37.2,16.55,2.549,1.809,0.413,7.16,0.438,0.5,64
5.97,4.123,3.863,5.491,14.46,4.934,0.343,19.84,0.205,3.0,83
5.43,5.785,2.352,5.408,6.767,2.734,0.172,10.32,0.158,0.5,74
7.71,5.169,26.02,6.046,24.58,0.638,0.338,25.71,0.356,0.5,76
5.76,1.342,6.042,9.86,10.12,4.036,0.129,14.42,0.397,0.5,70
6.5,0.91,4.78,2.09,10.02,5.05,0.34,15.58,0.08,0.5,79
8.3,3.477,12.15,6.72,36.87,2.805,0.49,40.26,0.687,7.5,69
4.65,3.686,15.9,4.445,3.138,0.246,0.045,5.01,0.159,0.5,51
5.48,2.63,5.28,8.65,6.08,1.84,0.26,8.57,0.29,0.5,59
4.7,2.701,1.935,15.22,2.667,1.047,0.174,4.961,2.005,7.5,39
6.22,1.987,20.62,10.14,14.85,2.69,0.636,18.39,0.308,0.5,87
4.69,2.076,4.82,5.792,4.256,0.483,0.122,6.902,0.448,0.5,47
6.12,9.147,17.04,1.409,7.342,0.674,0.453,8.57,0.304,15.0,74
5.03,1.418,1.935,5.854,0.597,0.1,0.045,1.348,0.193,0.5,42
5.74,3.228,6.134,5.552,12.72,1.44,0.149,14.49,0.246,15.0,71
5.04,8.22,18.91,15.33,2.71,0.32,0.64,8.21,0.23,0.5,68
5.01,2.57,9.37,5.54,2.79,0.44,0.09,7.85,0.16,0.5,49
8.38,1.863,6.678,10.81,12.95,1.356,0.364,14.7,0.33,0.5,58
5.059,4.11,8.771,7.428,4.595,1.215,0.153,6.934,0.225,0.5,63
6.73,1.31,465.9,16.46,5.013,0.596,0.3,6.01,0.635,0.5,66
6.99,1.02,35.23,3.234,15.27,2.506,0.504,18.75,0.544,0.5,85
4.67,7.712,4.641,16.97,0.25,0.1,0.045,6.168,0.072,0.5,49
5.97,1.72,5.73,3.27,2.34,0.8,0.12,3.3,0.17,0.5,50
6.1,2.5,1.62,4.58,5.63,2.65,0.34,8.71,0.21,3.0,70
4.86,2.318,2.295,7.827,2.774,2.691,0.735,6.965,0.331,0.5,59
4.55,3.206,2.915,5.096,1.536,0.436,0.116,7.219,0.18,0.5,45
8.37,1.98,6.78,6.202,14.48,1.07,0.12,15.77,0.62,0.5,53
5.11,11.74,16.58,29.41,4.28,0.49,0.59,6.53,0.78,0.5,72
4.4,2.472,3.225,2.15,0.349,0.123,0.118,2.798,0.147,0.5,32
5.71,10.84,1.96,18.05,2.583,1.788,0.307,4.722,0.189,0.5,71
5.6,3.97,13.04,3.29,9.44,1.76,0.24,11.51,0.19,0.5,77
4.75,22.15,100.9,16.45,2.71,0.329,0.677,5.81,0.474,0.5,71
6.5,1.152,7.844,5.802,8.475,6.587,0.378,15.6,0.219,7.5,79
7.07,1.422,21.91,0.747,6.739,3.403,0.169,10.39,0.176,0.5,72
5.88,4.417,28.1,4.394,5.129,0.884,0.156,6.213,0.179,3.0,70
5.24,22.65,32.37,6.18,6.03,2.14,1.12,10.68,0.8,0.5,86
6.3,3.448,5.407,3.74,10.52,8.696,0.473,19.75,0.118,0.5,83
5.08,1.79,4.41,2.0,5.41,1.83,0.2,9.52,0.21,0.5,59
7.54,1.717,355.4,7.829,7.3,4.07,0.761,12.38,0.659,3.0,72
8.32,2.803,507.0,3.648,41.86,0.873,0.531,43.38,0.512,0.5,65
5.22,2.31,5.89,11.26,1.45,0.71,0.27,3.17,0.19,0.5,45
7.8,2.65,10.95,111.1,54.94,1.14,0.35,56.54,0.223,3.0,59
5.97,2.51,8.3,4.895,14.84,3.843,0.232,19.13,0.239,0.5,76
4.86,6.674,21.96,4.07,3.682,0.462,0.204,7.54,0.196,0.5,61
5.39,8.125,1.935,7.442,1.537,0.852,0.313,3.221,0.343,7.5,56
4.809,1.861,2.583,2.368,4.492,7.771,0.198,19.75,0.277,3.0,64
4.86,2.28,0.645,4.03,1.07,0.15,0.045,3.53,0.08,0.5,37
4.06,4.34,4.16,12.31,0.56,0.2,0.18,4.17,0.53,0.5,37
4.69,5.061,3.728,6.194,7.197,1.24,0.273,11.18,0.366,0.5,66
7.54,7.998,57.73,11.63,40.12,2.375,1.274,43.78,1.1,0.5,82
5.08,0.91,7.41,5.05,1.01,0.26,0.045,8.05,0.07,0.5,46
8.1,2.658,5.337,4.505,56.92,2.387,0.166,59.82,0.621,0.5,59
7.12,0.73,30.39,1.978,2.203,0.534,0.229,3.067,0.18,0.5,54
5.86,2.791,42.21,5.941,13.1,5.353,0.339,18.89,0.449,0.5,87
6.27,1.19,8.403,1.54,3.43,1.4,0.18,5.08,0.18,0.5,59
4.73,1.69,5.85,5.47,1.15,0.32,0.17,3.08,0.3,0.5,40
6.32,8.129,219.2,7.093,19.21,1.94,1.019,22.27,0.471,0.5,94
6.48,1.36,6.72,14.08,17.39,7.72,0.67,26.01,0.16,0.5,81
4.98,6.61,8.01,7.28,0.59,0.1,0.045,1.72,0.15,7.5,45
5.24,0.93,1.935,4.44,3.9,3.73,0.15,9.05,0.23,0.5,56
8.47,1.83,42.9,10.57,20.84,6.53,0.41,27.7,0.35,0.5,72
4.36,1.17,1.935,6.0,0.56,0.32,0.11,4.46,0.25,0.5,32
5.69,4.466,4.931,2.693,18.23,1.442,0.486,20.51,0.242,0.5,80
7.22,4.449,180.6,3.815,20.81,1.79,0.836,23.67,0.273,0.5,85
5.73,2.088,4.136,4.367,3.126,1.85,0.192,5.239,0.292,3.0,61
5.47,2.121,4.396,1.024,1.68,0.409,0.045,3.69,0.077,0.5,42
7.08,0.84,15.84,2.58,11.98,5.0,0.56,17.71,0.14,7.5,79
5.74,0.95,28.59,7.48,5.65,1.32,0.25,7.34,0.1,0.5,70
4.48,1.48,18.18,2.09,0.75,0.17,0.045,3.52,0.15,0.5,35
7.82,2.059,10.72,7.683,54.1,1.11,0.345,55.73,0.699,3.0,67
5.69,2.563,34.16,7.136,4.727,0.9,0.045,6.046,0.24,0.5,63
6.49,0.22,3.92,3.04,2.39,0.6,0.045,3.15,0.07,3.0,50
4.32,3.78,14.06,206.2,7.48,5.69,0.72,18.56,1.36,0.5,66
4.58,4.194,3.15,13.51,0.836,0.318,0.204,3.345,0.174,3.0,44
4.56,1.5,0.645,26.63,0.42,0.19,0.34,3.64,0.16,0.5,43
5.66,1.174,2.941,3.108,0.393,0.154,0.045,0.632,0.03,0.5,47
5.1,12.83,5.93,1.92,3.84,0.79,0.28,6.01,0.51,7.5,61
4.67,5.32,71.48,6.9,3.57,0.66,0.54,9.43,0.49,0.5,68
5.93,7.432,34.37,6.529,13.48,1.467,0.098,15.13,0.789,0.5,82
4.61,1.892,18.21,10.02,1.961,0.444,0.096,4.464,0.365,0.5,40
7.19,0.9,10.7,3.32,12.31,5.1,0.24,17.91,0.13,7.5,74
4.24,3.33,5.59,7.72,1.78,0.36,0.19,10.21,0.38,15.0,47
5.81,1.215,8.319,2.594,1.35,0.664,0.045,2.162,0.146,0.5,47
5.03,3.119,3.539,3.462,0.774,0.363,0.268,5.177,0.088,0.5,53
7.12,2.418,28.91,10.49,18.81,5.661,0.403,25.44,0.451,0.5,80
4.66,0.8,1.935,1.76,0.295,0.1,0.045,2.13,0.05,0.5,37
5.7,3.934,1.868,2.102,6.552,2.775,0.185,9.562,0.068,0.5,71
5.69,4.656,14.23,11.12,9.581,2.486,0.461,12.7,0.311,0.5,83
4.37,3.72,17.58,8.13,1.38,0.22,0.14,10.44,0.4,3.0,47
5.94,0.92,1.935,0.78,2.73,0.84,0.23,3.89,0.09,0.5,53
6.31,0.83,8.403,4.69,3.77,4.15,0.12,8.26,0.08,0.5,59
5.56,1.38,1.4,1.04,5.1,3.28,0.16,8.81,0.1,0.5,67
6.73,1.09,3.09,2.52,12.22,5.12,0.31,17.87,0.14,0.5,79
6.93,0.64,27.38,1.2,9.62,2.93,0.29,13.03,0.13,0.5,79
7.37,4.19,21.1,12.62,24.33,8.21,0.96,34.44,0.64,0.5,84
5.16,4.5,1.6,43.64,0.56,0.2,0.045,1.29,0.1,3.0,46
5.51,1.826,79.08,3.372,4.305,0.75,0.268,5.346,0.249,0.5,68
7.19,4.475,7.131,3.399,9.921,4.687,0.169,14.93,0.148,0.5,72
7.01,2.098,47.32,3.497,14.66,2.638,0.899,18.35,0.22,15.0,84
5.21,15.3,57.7,9.74,3.323,0.576,0.209,6.972,0.169,3.0,71
5.29,1.548,23.02,0.973,3.034,0.1,0.045,3.719,0.167,0.5,51
4.83,5.805,7.244,5.79,7.766,1.148,0.186,11.99,0.242,0.5,66
5.059,2.348,10.07,0.894,3.739,0.341,0.045,6.857,0.091,0.5,52
5.22,3.52,4.73,13.62,7.48,1.74,0.96,10.81,0.34,0.5,72
5.7,2.408,7.288,5.216,1.628,1.079,0.352,3.103,0.2,0.5,57
6.26,2.05,105.16,8.26,5.36,0.73,0.35,6.5,0.41,3.0,71
4.99,2.173,1.935,6.163,5.219,0.274,0.045,6.185,0.263,0.5,47
5.39,3.83,0.972,5.04,4.08,4.009,0.406,9.031,0.093,0.5,69
5.83,2.65,4.708,8.295,9.097,2.528,0.137,11.81,0.13,15.0,70
5.68,20.65,5.76,3.19,1.29,0.44,0.28,2.06,0.12,0.5,61
5.16,2.4,0.645,2.76,3.59,1.2,0.19,11.73,0.06,0.5,60
5.87,2.906,42.7,17.62,2.381,0.294,0.205,2.981,0.152,15.0,61
4.59,1.9,8.73,3.26,0.56,0.33,0.13,3.69,0.18,0.5,37
4.61,10.59,2.222,5.096,0.199,0.082,0.099,1.164,0.219,0.5,48
5.59,4.74,1.935,4.06,7.33,2.06,0.34,9.83,0.22,15.0,74
4.58,2.62,1.94,7.92,0.76,0.27,0.09,8.64,0.19,3.0,41
4.84,18.15,8.915,4.008,3.369,2.467,0.169,8.686,0.434,0.5,65
5.49,3.07,55.88,3.73,8.45,1.02,0.23,10.55,0.2,0.5,77
5.9,2.09,15.65,9.85,7.39,3.17,0.31,11.12,0.5,0.5,75
4.92,8.372,12.2,13.25,0.25,0.1,0.045,1.41,0.206,3.0,48
5.42,28.07,13.95,6.18,2.33,0.44,0.53,10.08,0.16,0.5,75
5.29,4.05,0.645,4.73,4.55,1.32,0.16,6.42,0.26,0.5,63
4.79,0.84,2.11,2.27,0.72,0.17,0.045,2.33,0.09,0.5,37
5.62,3.622,3.124,4.872,17.85,5.427,0.476,23.86,0.179,0.5,83
5.41,2.78,5.16,3.37,5.18,1.46,0.14,8.44,0.14,0.5,56
5.07,7.73,21.5,5.428,3.291,1.66,0.27,6.673,0.25,3.0,70
6.36,1.701,18.24,2.882,7.425,1.586,0.045,9.477,0.192,0.5,64
4.61,2.311,11.46,16.28,0.766,0.356,0.273,4.302,0.192,0.5,43
5.23,22.33,4.43,5.13,3.63,0.88,0.13,5.68,0.44,0.5,60
6.04,11.6,9.277,11.12,16.12,2.88,0.822,20.07,0.523,0.5,90
6.49,2.16,8.403,81.19,31.44,8.98,0.93,41.85,0.95,0.5,77
6.17,2.16,4.26,7.77,9.03,3.66,0.52,13.32,0.23,0.5,78
6.02,4.48,14.64,6.16,8.37,1.23,0.35,10.02,0.223,0.5,70
4.73,1.959,14.08,26.34,0.951,0.5,0.354,4.175,0.237,0.5,46
5.18,8.186,49.81,20.06,1.774,0.301,0.368,4.226,0.309,0.5,64
7.74,5.246,23.25,16.68,13.04,1.356,0.115,14.54,0.419,7.5,71
5.89,4.078,3.347,7.782,7.68,5.533,1.876,15.26,0.308,0.5,83
4.88,3.1,3.91,7.87,1.87,0.42,0.13,5.1,0.27,0.5,45
7.36,3.687,62.81,5.733,12.54,1.282,0.333,14.29,0.88,15.0,78
6.11,4.05,5.13,13.81,41.48,2.4,0.21,44.17,0.67,3.0,78
5.54,6.005,8.971,5.061,4.996,1.692,0.207,6.965,0.193,0.5,72
5.47,13.41,10.87,3.22,3.11,1.23,0.73,5.69,0.46,0.5,75
7.15,3.57,4.05,3.28,25.48,10.36,0.09,36.06,0.23,3.0,72
5.34,5.55,4.73,5.12,3.48,1.39,0.19,6.23,0.41,3.0,64
5.9,9.717,18.79,45.84,10.55,3.207,0.192,14.01,0.479,3.0,84
5.17,0.55,0.645,0.84,0.38,0.13,0.045,7.39,0.04,0.5,46
4.73,2.0,1.8,4.69,1.04,0.16,0.045,3.18,0.13,0.5,37
5.75,1.76,1.935,4.23,5.37,5.49,0.32,11.33,0.48,0.5,74
4.49,1.317,3.203,2.108,0.861,0.287,0.153,7.087,0.055,0.5,39
5.75,3.309,18.78,4.574,3.994,1.779,0.584,6.457,0.181,0.5,73
5.98,1.24,51.45,6.202,9.98,2.05,0.25,12.35,0.223,0.5,71
4.64,3.41,2.92,4.05,0.53,0.21,0.16,8.86,0.12,0.5,48
5.9,3.981,4.272,84.1,4.043,0.986,0.108,6.167,0.691,0.5,59
7.23,3.237,111.4,79.08,10.83,18.21,1.882,31.42,3.523,0.5,80
4.88,1.1,0.645,3.17,6.16,3.55,0.13,13.21,0.15,0.5,58
4.82,2.071,1.935,3.467,1.505,0.44,0.045,4.31,0.109,0.5,37
5.42,1.55,1.55,2.32,2.49,1.65,0.42,5.3,0.13,0.5,59
5.07,17.23,119.6,8.648,3.167,0.649,0.529,6.334,0.4,0.5,76
6.41,1.28,1.5,3.85,12.54,3.39,0.12,16.26,0.17,0.5,73
5.8,2.493,13.04,4.007,3.438,1.144,0.144,4.874,0.184,0.5,57
4.95,2.19,2.48,12.95,0.49,0.14,0.045,2.6,0.15,0.5,37
6.34,1.64,52.67,32.01,11.68,4.18,0.59,16.89,1.24,0.5,84
6.71,9.28,17.21,10.35,43.99,0.95,0.41,45.45,0.67,0.5,81
5.74,4.412,9.044,7.904,12.77,2.211,0.926,16.05,0.27,0.5,85
5.03,2.209,16.13,3.079,1.198,0.287,0.166,2.514,0.04,0.5,48
5.14,4.33,2.59,9.19,1.49,0.76,0.35,4.14,0.22,0.5,52
6.55,3.0,8.403,3.03,15.19,1.56,0.19,17.04,0.21,15.0,71
8.41,2.058,11.11,6.871,38.24,2.07,0.538,41.09,0.468,0.5,69
5.62,7.0,4.98,10.79,5.52,2.77,0.25,8.65,0.16,3.0,75
6.02,13.4,245.4,16.01,12.5,2.181,2.25,17.22,0.473,0.5,100
5.78,6.896,195.2,488.6,11.86,7.216,0.899,20.96,16.89,0.5,89
6.44,4.207,40.01,7.92,20.19,1.948,0.313,22.51,0.392,15.0,88
7.03,1.972,30.41,1.935,8.611,4.194,0.182,13.04,0.164,7.5,74
5.44,17.2,59.11,19.22,13.33,3.869,2.696,20.56,4.106,0.5,87
5.28,0.76,0.645,30.29,0.73,0.27,0.045,2.39,0.05,0.5,42
4.93,10.67,5.85,7.81,0.72,0.24,0.16,3.59,0.21,0.5,51
5.31,1.266,7.061,6.849,3.049,1.835,0.469,8.113,0.101,0.5,59
4.72,7.612,5.101,9.944,2.21,0.678,0.988,5.409,1.24,0.5,55
7.37,0.96,35.09,6.2,8.274,2.528,0.153,11.21,0.335,3.0,74
5.62,2.71,1.935,0.2,2.11,0.4,0.13,2.7,0.08,0.5,50
5.23,3.41,26.98,1.18,2.56,0.31,0.045,6.21,0.09,0.5,59
4.1,2.2,1.935,4.43,0.56,0.1,0.045,1.91,0.22,0.5,32
7.88,2.246,122.8,7.133,12.16,2.119,1.892,16.28,0.227,0.5,79
4.8,1.34,1.935,27.91,0.56,0.22,0.045,2.63,0.12,0.5,37
4.98,1.19,2.25,6.35,0.43,0.11,0.045,1.91,0.09,0.5,37
4.58,1.574,22.17,19.44,1.208,0.593,0.188,3.546,0.306,0.5,46
5.27,4.09,22.25,7.13,4.26,1.0,0.8,7.08,0.35,0.5,70
5.73,0.97,54.45,3.62,2.82,0.71,0.18,3.76,0.12,0.5,61
4.95,1.45,5.44,9.74,2.45,0.74,0.045,5.65,0.18,3.0,44
6.4,3.32,28.49,2.513,6.642,0.927,0.045,7.762,0.221,0.5,67
5.18,10.11,8.671,7.259,3.634,1.977,0.844,7.187,0.893,0.5,70
6.86,1.507,3.341,3.335,19.76,15.94,0.266,36.89,0.108,0.5,76
4.59,2.314,4.903,10.07,0.976,0.281,0.045,4.187,0.126,0.5,37
4.309,1.646,6.054,4.727,0.617,0.257,0.108,2.117,0.108,0.5,32
4.639,17.5,16.94,10.44,0.979,0.431,0.416,4.219,0.073,3.0,57
6.11,2.099,2.606,4.994,3.669,1.233,0.233,5.19,0.128,0.5,61
4.51,1.36,11.3,10.65,0.56,0.1,0.045,2.9,0.16,3.0,40
5.27,2.889,10.22,10.32,4.132,1.287,0.292,6.913,0.221,0.5,62
5.08,2.07,49.81,2.316,5.39,4.104,0.131,11.48,0.174,7.5,71
4.91,11.02,9.563,4.848,0.81,0.307,0.4,5.169,0.192,0.5,58
7.17,4.506,15.9,5.348,26.21,20.18,0.315,46.86,0.317,15.0,81
4.74,2.28,8.403,16.83,1.56,0.37,0.12,4.21,0.21,0.5,35
6.18,2.47,5.41,3.32,7.17,0.21,0.1,7.76,0.19,0.5,57
6.82,2.93,10.49,60.34,33.16,11.41,1.39,47.26,0.42,0.5,84
6.77,1.083,2.441,2.883,1.422,0.308,0.045,1.771,0.05,0.5,47
6.63,2.56,25.27,6.177,13.13,8.528,0.319,22.12,0.267,0.5,85
7.09,3.381,11.64,7.208,24.64,13.53,1.019,39.38,0.213,3.0,83
5.64,12.5,6.72,4.41,1.64,0.49,0.24,2.45,0.21,0.5,61
5.5,3.0,23.55,17.12,10.69,3.076,0.453,14.55,0.307,0.5,82
5.14,4.716,14.64,3.412,3.849,0.932,0.193,5.617,0.274,0.5,59
6.6,1.97,2.74,2.3,17.74,2.17,0.2,20.19,0.15,0.5,76
5.68,4.592,15.7,4.549,13.25,1.253,0.237,15.18,0.222,0.5,80
5.4,2.52,2.13,2.2,0.49,0.36,0.045,2.31,0.04,0.5,42
5.46,4.98,15.67,6.202,2.9,0.91,0.44,5.21,0.25,7.5,62
4.559,1.389,1.935,6.484,1.019,0.271,0.134,5.515,0.105,7.5,41
4.599,3.811,2.75,4.774,0.599,0.092,0.045,4.482,0.116,15.0,41
7.17,2.962,13.72,3.073,11.48,4.186,0.196,16.14,0.189,0.5,74
5.19,7.19,5.57,6.009,3.41,1.24,0.39,6.303,0.246,3.0,67
5.86,0.74,48.68,4.17,3.67,0.53,0.19,4.48,0.09,0.5,61
6.0,4.412,14.75,2.345,8.909,2.76,0.678,12.44,0.135,7.5,85
5.74,1.197,18.87,4.458,1.347,0.873,0.045,2.325,0.095,15.0,50
6.49,3.301,68.41,6.263,13.77,7.586,0.409,21.92,0.282,3.0,91
4.61,6.187,1.579,8.166,1.16,0.524,0.201,4.321,0.464,3.0,48
4.96,3.41,5.56,1.73,0.71,0.2,0.13,4.41,0.08,7.5,41
4.46,12.86,11.59,10.9,1.38,0.43,0.26,7.05,0.38,3.0,53
7.84,4.53,63.18,5.955,33.65,4.658,0.696,39.22,0.277,0.5,83
5.31,4.348,8.932,2.472,1.881,0.523,0.169,4.34,0.139,0.5,49
8.13,2.02,8.3,16.85,32.88,1.92,0.045,34.97,0.59,3.0,53
5.98,2.38,6.4,5.21,6.08,1.88,0.18,8.25,0.38,15.0,64
6.33,1.81,200.97,18.38,8.31,2.68,0.61,11.79,0.71,0.5,84
4.39,2.78,4.24,9.96,0.71,0.27,0.19,11.82,0.22,15.0,43
7.12,4.602,6.877,5.535,6.375,2.275,0.333,9.083,0.219,7.5,69
4.65,29.39,3.668,3.147,0.318,0.205,0.169,2.162,0.492,0.5,51
5.099,1.291,9.595,5.516,1.285,1.083,0.135,5.282,0.107,3.0,50
4.98,2.52,88.47,3.24,0.56,0.3,0.14,4.91,0.11,0.5,45
5.04,2.902,13.34,3.406,0.755,0.421,0.259,2.697,0.055,0.5,48
4.43,3.31,1.46,4.65,0.56,0.1,0.045,3.46,0.17,0.5,36
5.12,6.872,73.14,86.1,9.349,1.771,0.646,12.24,2.278,0.5,78
6.25,2.9,9.9,4.05,12.13,5.9,0.43,18.58,0.25,0.5,79
5.66,2.489,5.064,2.646,11.41,0.934,0.154,12.63,0.199,3.0,66
5.1,1.86,50.74,22.25,3.17,0.7,0.56,5.12,0.3,0.5,65
5.2,5.17,7.98,6.42,9.05,2.93,0.23,21.44,0.12,0.5,79
5.04,2.09,1.935,2.34,2.12,0.57,0.1,3.76,0.14,0.5,45
5.81,7.34,6.67,1.8,4.27,0.88,0.23,5.45,0.17,7.5,68
5.64,1.77,4.18,10.67,6.93,2.72,0.87,10.61,0.33,7.5,76
5.01,8.054,86.39,6.796,3.197,0.394,0.406,6.169,0.284,3.0,71
5.55,2.066,4.083,2.741,8.644,3.994,0.297,13.32,0.214,3.0,73
7.37,1.049,429.3,3.94,8.648,3.947,0.288,12.93,0.28,15.0,76
6.51,2.627,5.008,6.955,8.461,1.788,0.771,11.05,0.391,0.5,75
5.0,1.09,2.58,16.81,1.98,0.73,0.12,3.65,0.24,0.5,42
4.79,1.95,0.645,1.72,1.53,1.07,0.14,17.81,0.07,0.5,52
5.66,1.14,2.04,5.77,4.69,1.89,0.13,6.8,0.08,3.0,61
5.13,1.9,1.935,16.4,4.04,1.69,0.09,6.74,0.13,7.5,56
6.24,1.732,85.68,3.058,17.95,2.68,0.473,21.38,0.249,7.5,87
4.71,1.88,0.645,3.69,0.96,0.27,0.045,7.29,0.14,0.5,41
5.18,1.4,32.05,2.25,1.67,0.37,0.045,3.0,0.19,0.5,48
7.06,1.29,29.46,4.92,19.32,4.93,0.76,25.13,0.12,0.5,82
5.57,11.52,4.726,4.722,7.397,1.76,1.03,10.34,0.331,0.5,84
5.46,3.62,2.92,7.31,9.19,4.75,0.28,14.46,0.26,0.5,72
6.9,1.6,10.72,1.61,16.5,10.53,0.23,27.37,0.14,3.0,79
6.29,3.4,8.403,4.23,7.91,1.33,0.16,9.47,0.23,0.5,66
7.05,1.55,33.61,2.31,6.3,5.23,0.36,12.24,0.21,0.5,75
5.62,6.987,1.935,17.64,0.838,0.286,0.35,1.574,0.367,0.5,61
7.61,1.502,17.88,4.293,50.33,10.19,0.985,61.72,0.565,0.5,72
6.17,3.538,1.935,2.527,5.717,2.81,0.045,8.894,0.149,0.5,68
6.53,2.52,13.36,4.699,9.36,7.771,0.422,17.66,0.194,0.5,82
4.29,1.59,1.935,6.34,0.56,0.23,0.09,4.18,0.2,15.0,32
5.45,3.265,3.449,2.201,2.695,2.282,0.045,5.089,0.088,0.5,60
5.79,1.507,17.7,8.789,9.963,2.948,0.144,13.29,0.249,0.5,73
5.45,15.4,12.25,13.79,1.793,0.671,0.25,2.932,0.52,0.5,57
4.849,2.529,7.275,4.264,0.798,0.195,0.192,3.026,0.332,0.5,40
5.76,2.941,6.906,4.333,2.279,1.11,0.36,3.849,0.12,0.5,60
5.74,5.37,4.33,4.61,7.57,2.48,0.32,10.51,0.24,0.5,82
5.28,20.1,120.4,20.84,8.278,1.206,0.469,11.29,1.142,0.5,82
5.79,4.889,5.545,5.757,7.263,2.405,0.726,10.53,0.196,3.0,80
8.23,2.153,1338.0,12.9,27.88,10.82,3.335,42.53,0.768,0.5,72
5.05,1.05,0.645,3.19,0.14,0.07,0.045,1.11,0.04,0.5,42
5.099,4.707,6.825,8.553,4.91,1.203,0.564,7.229,0.493,0.5,68
4.84,6.62,51.42,9.61,5.31,0.7,0.33,7.74,0.67,0.5,67
4.5,11.89,5.53,12.91,0.291,0.165,0.045,2.085,0.142,0.5,48
5.15,6.07,6.28,7.58,2.66,0.74,0.36,5.49,0.25,0.5,63
5.71,19.44,36.01,8.441,10.45,2.349,0.203,13.2,0.534,15.0,88
6.66,0.87,15.47,2.337,2.765,0.652,0.092,3.609,0.092,0.5,53
8.09,0.787,55.81,4.123,17.91,1.762,0.351,20.18,0.27,0.5,69
5.14,3.281,1.935,6.534,8.365,5.342,0.162,14.24,0.693,3.0,70
7.34,1.84,38.61,8.91,10.16,3.08,0.29,13.72,0.21,3.0,74
5.68,1.435,1.935,1.262,0.25,0.1,0.045,0.89,0.036,0.5,47
4.559,1.764,2.409,4.085,1.831,0.84,0.045,4.695,0.15,0.5,37
5.68,4.91,7.19,5.69,4.96,0.95,0.045,6.05,0.11,0.5,61
6.07,1.95,0.645,5.35,8.79,9.69,0.18,19.19,0.09,3.0,76
6.66,4.138,243.9,4.148,11.47,2.871,0.274,14.93,0.319,7.5,85
4.24,4.76,5.93,11.66,1.31,0.54,0.2,6.6,1.16,0.5,38
6.76,2.74,81.4,77.22,14.77,4.78,0.81,20.98,1.03,0.5,84
5.92,5.142,2.063,2.721,12.99,9.622,0.505,23.23,0.381,3.0,89
5.09,1.0,1.935,2.34,0.56,0.1,0.045,0.88,0.03,15.0,42
4.67,0.71,10.33,3.46,0.43,0.25,0.045,4.78,0.2,0.5,40
5.34,7.12,6.62,6.86,2.76,0.72,0.19,4.31,0.24,7.5,56
4.62,9.67,17.86,12.92,0.44,0.12,0.47,2.99,0.4,0.5,54
5.33,3.03,68.46,4.47,5.89,1.07,0.92,10.76,0.13,0.5,80
8.18,1.34,39.42,507.8,31.08,8.482,0.733,42.31,18.85,3.0,64
7.04,1.369,45.95,10.77,8.349,3.207,0.447,12.29,0.282,0.5,79
7.4,1.19,15.01,3.51,6.96,0.59,0.14,7.77,0.58,0.5,53
7.9,3.23,23.4,6.185,8.611,3.269,0.16,12.14,0.19,0.5,73
4.72,4.81,10.07,5.81,1.6,0.78,0.21,6.83,0.17,15.0,51
4.7,6.83,7.5,5.91,0.56,0.2,0.1,2.09,0.31,0.5,45
5.35,6.654,3.956,4.531,6.626,1.737,0.166,8.869,0.088,0.5,67
5.11,2.46,1.935,29.46,0.902,0.319,0.216,3.832,0.319,0.5,45
7.76,3.012,15.94,14.08,58.97,5.527,0.255,65.23,3.675,0.5,65
4.48,2.43,1.935,4.81,0.56,0.37,0.35,3.69,0.63,3.0,36
5.15,2.891,5.006,4.212,1.574,0.545,0.212,2.944,0.186,0.5,45
5.52,9.081,33.67,15.12,5.973,0.838,0.27,7.44,0.338,15.0,74
4.39,5.5,1.29,10.47,0.28,0.25,0.12,5.03,0.18,0.5,44
4.95,16.41,27.62,12.14,4.5,0.61,0.15,6.25,0.91,0.5,62
6.72,1.096,26.44,1.904,3.961,0.564,0.097,4.723,0.145,0.5,56
5.11,3.004,1.935,4.633,0.25,0.1,0.045,2.571,0.128,0.5,46
5.18,2.93,5.01,9.73,1.13,0.63,0.76,5.31,0.14,0.5,54
4.519,1.782,13.55,10.44,0.948,0.533,0.045,3.844,0.614,15.0,38
4.98,1.945,1.401,1.989,1.176,0.4,0.045,4.574,0.125,3.0,37
4.6,2.17,1.41,3.47,0.66,0.12,0.09,8.16,0.15,0.5,41
4.349,13.71,22.26,21.37,1.523,0.455,0.192,5.928,1.35,7.5,51
5.34,1.686,0.516,3.3,1.246,0.861,0.045,2.688,0.081,0.5,42
5.66,2.23,1.935,3.65,4.62,1.38,0.33,6.47,0.21,0.5,67
8.04,2.4,47.86,6.85,17.37,5.54,0.52,23.36,0.19,0.5,74
4.87,2.09,4.56,9.5,0.79,0.16,0.13,4.7,0.15,0.5,37
5.14,1.05,19.75,4.76,1.89,0.35,0.11,5.94,0.16,3.0,49
7.46,0.29,3.92,4.39,6.5,3.97,0.045,10.6,0.06,0.5,63
4.27,3.17,19.8,7.16,0.6,0.17,0.045,3.48,0.21,0.5,39
5.98,5.097,50.39,18.85,5.507,2.075,1.891,9.604,0.357,3.0,88
6.43,2.402,3.766,0.656,16.65,8.455,0.24,25.76,0.22,0.5,76
5.59,2.272,7.072,7.66,3.902,0.698,0.131,5.166,0.126,0.5,54
7.27,2.316,31.32,4.375,14.85,5.178,0.314,20.52,0.225,0.5,80
5.32,2.95,4.6,5.33,4.66,0.86,0.2,7.4,0.16,0.5,55
7.1,6.43,27.27,1.02,19.3,4.9,0.17,24.44,0.22,7.5,85
5.03,3.34,8.403,5.97,5.63,1.79,0.31,9.8,0.18,0.5,64
5.78,1.69,28.35,6.202,11.35,2.09,0.24,13.77,0.16,0.5,79
4.76,1.53,4.2,13.97,1.37,0.37,0.1,4.91,0.15,15.0,37
4.809,3.13,4.9,5.605,5.612,0.182,0.11,8.895,0.201,0.5,51
6.72,1.22,5.38,3.76,10.08,3.93,0.23,14.38,0.11,0.5,73
5.33,9.206,4.86,7.923,1.653,0.431,0.636,3.186,0.285,0.5,58
5.84,12.55,282.8,93.52,18.39,3.5,0.66,23.04,1.46,0.5,95
8.1,0.742,20.55,11.72,13.7,2.557,0.045,16.63,0.551,0.5,62
6.58,2.05,9.61,23.17,6.09,2.41,0.22,9.16,0.42,0.5,67
4.58,2.34,4.44,3.68,2.36,0.51,0.045,11.35,0.25,7.5,48
6.93,0.849,10.94,3.25,3.527,0.617,0.103,4.311,0.127,3.0,53
6.98,1.196,3.374,82.28,11.84,9.585,0.301,22.51,0.743,0.5,77
4.49,2.31,1.935,30.03,0.295,0.1,0.045,6.27,0.223,0.5,26
4.65,1.54,1.935,5.02,0.56,0.1,0.045,2.81,0.07,0.5,37
6.08,1.47,6.07,0.7,6.21,1.97,0.14,8.37,0.09,3.0,61
4.3,2.14,1.5,6.55,0.65,0.26,0.12,4.14,0.22,3.0,32
5.46,0.9,10.95,31.87,1.11,0.12,0.045,1.76,0.32,0.5,45
4.41,5.924,3.779,12.66,0.617,0.472,0.22,3.33,0.156,7.5,43
5.52,11.2,67.57,9.656,5.596,1.758,0.468,8.077,0.455,15.0,86
5.09,2.84,29.08,18.89,2.16,0.67,0.48,4.72,0.24,0.5,57
5.12,0.805,5.595,0.535,0.25,0.1,0.045,2.385,0.024,0.5,42
6.27,1.183,1.935,4.208,4.425,1.234,0.045,6.126,0.194,0.5,61
5.32,0.912,5.215,4.698,3.929,2.548,0.131,7.49,0.467,0.5,56
7.38,2.35,6.34,4.76,21.28,5.19,0.33,26.93,0.53,0.5,72
6.26,5.469,112.7,4.651,11.74,1.766,0.397,13.93,0.28,15.0,89
4.87,7.9,31.26,9.25,1.2,0.3,0.17,3.62,0.12,0.5,54
7.22,0.41,1.935,9.69,10.32,3.79,0.11,14.44,0.22,0.5,65
5.08,3.024,18.59,148.3,7.018,2.742,0.431,11.64,2.777,0.5,68
6.61,1.364,150.7,140.2,5.578,2.035,0.163,7.853,1.355,0.5,70
7.18,1.444,72.93,3.167,6.648,1.686,0.146,8.639,0.217,0.5,64
6.44,3.168,3.569,2.721,8.611,1.727,0.243,10.65,0.169,3.0,74
8.39,3.526,63.33,39.18,40.77,1.156,0.633,43.27,1.118,3.0,70
6.15,2.33,14.27,29.46,11.44,3.86,0.28,17.24,1.04,0.5,74
4.45,7.225,5.966,15.58,0.652,0.342,0.183,4.061,0.44,0.5,43
4.69,2.27,1.935,2.92,0.88,0.2,0.045,2.88,0.07,0.5,37
4.849,3.526,4.286,3.769,3.766,1.019,0.095,6.51,0.263,0.5,52
7.85,2.843,11.21,1.845,11.5,3.024,0.559,15.32,0.141,0.5,74
5.09,4.15,35.1,44.31,6.85,2.91,1.19,11.95,0.61,7.5,79
4.13,7.03,1.47,8.44,0.39,0.25,0.16,6.41,0.36,7.5,47
5.29,4.306,1.935,10.01,9.765,4.345,0.418,14.74,0.907,0.5,73
4.46,6.074,8.007,5.216,1.01,0.627,0.182,5.919,0.375,3.0,47
5.28,3.76,4.3,3.12,3.99,1.96,0.3,7.6,0.19,3.0,60
6.47,1.59,4.2,3.94,9.86,9.64,0.33,20.08,0.14,0.5,79
8.08,4.572,54.14,11.47,12.95,1.85,0.547,15.4,0.32,0.5,75
4.48,1.16,1.935,6.89,0.295,0.1,0.045,7.02,0.1,0.5,36
5.14,0.98,2.44,4.89,0.56,0.45,0.045,5.38,0.1,7.5,46
5.32,1.41,10.35,13.83,4.66,3.05,0.15,8.74,0.4,0.5,62
4.65,3.1,6.55,4.07,2.88,0.23,0.1,9.34,0.2,15.0,48
5.11,1.69,1.935,4.89,0.295,0.24,0.045,2.63,0.07,0.5,42
5.3,1.75,1.935,8.23,2.12,1.44,0.57,5.72,0.12,0.5,61
4.519,3.443,2.658,3.699,1.123,0.524,0.099,6.508,2.483,3.0,37
5.03,20.14,9.211,6.748,2.991,0.517,0.107,5.182,0.418,0.5,60
5.09,2.909,1.62,3.051,0.605,0.143,0.045,1.471,0.047,0.5,42
6.07,2.391,18.13,15.01,6.323,2.373,0.33,9.961,0.514,0.5,71
7.4,2.255,26.47,6.647,12.19,3.713,0.534,16.58,0.32,7.5,82
8.14,3.719,16.48,8.384,31.9,1.665,0.247,34.04,0.693,3.0,63
4.82,3.172,21.65,42.73,2.103,0.48,0.495,4.502,0.28,0.5,56
4.59,2.02,5.2,1.98,1.64,0.91,0.26,6.05,0.28,3.0,44
5.58,8.055,1.935,46.0,2.24,0.364,0.045,2.835,0.253,7.5,58
4.849,1.766,84.44,12.77,2.995,1.171,0.521,5.046,0.54,3.0,62
8.07,1.36,61.32,511.25,29.0,6.56,0.42,42.64,12.13,0.5,64
8.03,0.35,25.82,11.52,18.11,2.12,0.1,20.68,0.77,0.5,62
7.42,2.25,45.25,5.33,19.72,2.223,0.357,22.57,0.755,0.5,80
5.45,1.103,15.42,57.45,8.242,1.985,0.045,11.89,0.194,15.0,65
7.12,2.81,54.64,9.029,18.81,5.063,0.624,25.74,0.54,0.5,82
4.3,11.28,103.4,30.61,5.57,0.62,1.02,11.9,0.223,0.5,63
4.37,1.6,0.645,8.88,0.56,0.31,0.12,6.33,0.26,0.5,36
5.77,10.3,2.638,4.276,4.155,1.398,0.294,5.891,0.3,0.5,75
7.16,2.272,80.51,151.8,12.39,4.44,0.515,22.31,3.358,0.5,76
5.61,3.61,242.0,8.252,8.284,1.855,0.444,10.66,0.181,7.5,85
6.2,4.44,96.34,14.3,4.011,1.408,3.038,8.837,0.73,0.5,79
4.64,1.78,1.935,15.28,0.61,0.1,0.045,3.26,0.13,0.5,37
5.04,1.78,1.935,20.91,1.65,0.54,0.045,3.81,0.223,7.5,32
6.4,3.38,8.403,3.7,11.48,0.85,0.2,12.61,0.16,0.5,68
4.95,0.79,8.81,8.01,1.53,0.46,0.17,4.68,0.09,0.5,40
5.46,1.316,6.658,3.866,2.882,1.988,0.727,6.072,0.268,0.5,61
5.21,8.41,9.3,6.202,2.13,0.66,0.44,5.15,0.17,7.5,63
7.76,1.096,6.032,8.565,5.692,1.61,0.134,7.847,0.199,0.5,51
5.08,1.853,1.935,3.316,0.993,0.1,0.045,2.448,0.09,0.5,42
4.66,2.9,1.58,11.5,1.69,0.58,0.19,3.37,0.38,0.5,40
4.599,5.26,13.4,4.006,1.869,0.355,0.112,5.715,0.37,3.0,52
7.03,4.368,9.269,5.288,16.19,4.074,0.23,20.64,0.284,0.5,75
8.39,1.79,34.46,10.49,10.96,6.948,0.362,18.91,0.603,0.5,68
5.29,1.28,31.28,9.36,1.77,0.44,0.045,2.93,0.19,3.0,48
4.84,0.64,1.935,8.42,1.03,0.4,0.28,7.09,0.11,0.5,44
5.02,1.95,2.27,6.24,4.53,0.89,0.12,7.17,0.21,15.0,52
4.56,1.34,1.935,6.22,0.87,0.52,0.19,13.37,0.17,3.0,48
5.5,3.402,100.6,9.799,5.466,0.862,1.035,7.464,0.513,0.5,75
4.94,2.83,3.13,14.56,0.52,0.33,0.11,2.46,0.11,15.0,37
4.69,6.81,8.18,7.42,1.74,0.39,0.19,8.16,0.23,7.5,52
5.06,2.65,6.91,9.66,5.61,0.76,0.1,8.58,0.14,3.0,52
4.36,1.86,1.935,6.202,1.48,0.1,0.11,8.35,0.16,3.0,36
7.91,2.55,30.73,4.84,6.75,0.46,0.23,7.42,0.33,0.5,56
5.3,9.64,8.403,12.6,7.41,1.32,0.33,10.67,0.22,0.5,72
4.79,3.646,11.78,6.434,2.617,1.25,0.259,9.876,0.21,0.5,58
7.06,0.407,4.588,12.5,2.761,3.356,0.045,6.369,0.129,0.5,56
6.15,2.814,24.56,7.675,7.085,1.626,0.18,9.047,0.254,0.5,70
4.33,1.877,1.935,1.859,0.25,0.1,0.045,9.497,0.128,0.5,36
5.86,2.184,3.507,6.308,6.065,3.269,0.166,9.604,0.265,0.5,67
5.05,2.351,8.322,15.21,1.391,0.588,0.181,4.042,0.169,0.5,45
5.27,3.26,26.25,9.77,2.51,0.66,0.045,4.76,0.13,0.5,55
4.81,3.6,2.23,10.67,0.53,0.24,0.27,5.52,0.2,0.5,48
4.44,2.44,1.935,11.55,0.295,0.1,0.045,4.4,0.17,0.5,32
7.67,2.43,8.403,15.39,12.06,7.54,1.2,21.34,0.48,0.5,69
4.88,4.204,5.08,5.478,3.781,0.956,0.147,6.703,0.163,3.0,48
4.89,4.31,4.6,7.86,6.05,3.01,0.17,12.26,0.24,0.5,65
5.0,2.087,6.116,5.329,0.25,0.204,0.045,4.272,0.101,0.5,42
5.77,3.72,8.403,4.2,3.62,1.61,0.23,5.52,0.1,0.5,63
3.98,3.108,4.624,5.748,0.25,0.534,0.104,3.062,1.082,0.5,31
4.37,2.6,30.16,1.45,0.56,0.17,0.045,3.75,0.27,0.5,38
5.9,2.86,9.77,3.57,7.18,2.71,0.55,10.54,0.33,0.5,76
5.0,8.21,4.4,13.25,1.61,1.09,0.49,5.82,0.3,3.0,64
4.5,2.54,5.31,19.74,0.295,0.1,0.045,3.83,0.21,0.5,37
5.82,1.2,37.57,6.19,6.03,0.96,0.17,7.27,0.17,0.5,66
4.79,4.399,1.935,6.801,1.626,0.578,0.224,6.673,0.237,0.5,48
5.35,8.092,16.81,4.326,8.349,2.343,0.815,11.74,0.441,0.5,84
5.1,2.52,0.645,3.41,5.32,2.82,0.17,11.86,0.11,0.5,66
6.41,3.735,12.0,6.477,10.59,6.229,0.777,17.67,0.265,7.5,88
6.27,2.69,1.82,6.43,18.99,9.65,0.19,29.07,0.17,0.5,76
6.23,2.78,9.6,7.85,9.83,5.24,0.19,15.37,0.29,0.5,76
5.56,3.86,6.45,4.83,1.37,0.51,0.22,2.17,0.07,0.5,54
5.68,5.977,8.826,8.005,3.856,1.13,0.336,5.426,0.184,15.0,72
5.25,1.735,18.25,6.135,1.296,0.412,0.045,2.285,0.162,0.5,45
4.86,1.12,2.77,24.12,1.5,0.8,0.12,5.92,0.23,3.0,41
5.09,18.97,10.63,15.02,5.2,1.101,0.441,8.945,0.894,0.5,74
4.76,8.078,65.1,19.45,2.445,0.717,0.234,5.401,0.747,0.5,61
6.99,0.79,5.95,2.43,6.45,3.72,0.15,10.44,0.12,0.5,68
6.35,1.963,2.112,4.148,16.47,8.635,0.045,25.39,0.199,0.5,73
5.44,0.66,6.01,6.28,2.87,0.94,0.1,4.86,0.16,0.5,45
7.7,2.518,73.66,8.524,20.7,6.1,0.973,28.11,0.255,0.5,79
6.03,0.07,5.61,2.44,0.56,0.34,0.045,1.35,0.2,0.5,47
4.8,3.523,3.82,9.666,5.865,0.906,0.508,8.626,0.24,0.5,59
5.58,6.65,19.92,23.88,10.07,2.0,0.38,12.62,0.29,0.5,84
5.2,1.14,2.49,8.05,2.58,1.09,0.12,12.11,0.06,0.5,57
7.09,2.94,10.85,3.81,14.67,1.75,0.35,16.96,0.44,0.5,74
7.94,1.4,9.48,5.79,37.41,1.35,0.1,38.94,0.6,0.5,58
6.22,1.05,4.25,1.74,1.48,0.37,0.045,1.97,0.08,15.0,47
4.89,5.79,6.21,6.202,0.56,0.43,0.79,4.43,0.223,0.5,43
4.52,1.98,5.68,6.86,0.59,0.24,0.09,3.93,0.1,0.5,37
5.95,3.119,3.89,1.444,4.195,1.77,0.314,6.38,0.106,0.5,71
4.78,0.82,7.96,2.157,2.176,0.423,0.045,3.796,0.166,0.5,40
5.15,7.34,3.94,4.11,2.17,0.84,0.19,5.27,0.15,0.5,60
7.64,0.816,5.64,7.768,4.904,3.084,0.364,8.924,0.262,3.0,60
4.91,3.683,19.38,2.543,0.395,0.238,0.101,3.814,0.182,0.5,44
6.89,2.052,1.987,9.627,5.016,1.418,0.252,7.226,0.454,0.5,64
6.06,2.62,16.61,2.98,18.88,8.95,0.31,28.31,0.2,0.5,82
4.53,1.53,2.79,1.83,0.74,0.98,0.14,11.49,0.15,0.5,45
5.07,1.431,1.935,2.346,0.635,0.1,0.045,3.1,0.064,15.0,42
4.94,3.483,2.026,4.651,0.525,0.216,0.12,2.735,0.114,3.0,41
4.71,5.246,5.103,5.799,22.11,11.5,0.246,38.37,0.237,15.0,74
5.47,15.96,4.61,9.45,0.77,0.23,0.32,2.19,0.32,3.0,59
5.23,2.555,1.935,10.44,4.281,1.607,0.405,6.71,0.465,0.5,62
6.14,7.33,89.75,17.58,12.01,3.72,0.94,16.87,0.38,0.5,97
4.85,1.14,0.645,1.69,0.25,0.09,0.045,1.56,0.12,0.5,37
5.19,1.88,97.83,6.72,3.56,0.56,0.27,5.54,0.35,0.5,60
5.94,3.55,29.52,8.88,4.39,1.19,0.14,5.78,0.24,3.0,71
4.76,1.87,1.935,11.09,0.86,0.24,0.045,3.1,0.18,0.5,37
6.75,2.713,1.935,3.555,13.94,3.057,0.148,17.41,0.138,15.0,73
4.58,12.39,10.0,5.467,0.94,0.332,0.112,5.935,0.289,0.5,52
5.79,6.91,27.47,9.86,5.57,2.48,0.85,9.0,0.29,0.5,86
7.47,1.335,272.2,9.257,12.82,6.83,1.497,21.29,0.772,0.5,82
5.61,0.494,9.695,11.58,0.555,0.206,0.419,1.281,0.289,0.5,53
7.1,5.36,64.83,4.3,6.54,1.97,0.27,8.86,0.29,0.5,75
5.18,3.47,12.07,4.78,9.39,1.14,0.2,11.04,0.34,0.5,72
7.03,1.422,21.37,3.692,6.747,2.971,0.135,9.975,0.131,15.0,65
4.36,8.256,6.285,5.568,4.7,1.053,0.24,8.03,1.122,0.5,52
6.89,1.678,7.348,4.137,14.58,1.561,0.401,16.67,0.144,0.5,76
5.39,1.09,3.61,8.29,0.18,0.08,0.18,1.1,0.29,0.5,45
5.69,1.385,13.18,2.244,3.848,0.57,0.17,4.688,0.18,0.5,56
7.01,0.63,55.64,8.497,14.34,8.085,0.238,24.06,0.235,0.5,79
5.58,4.384,25.71,2.741,6.364,1.727,0.281,8.438,0.166,0.5,74
7.94,1.31,19.23,15.61,43.63,2.8,0.45,47.09,0.87,0.5,70
5.06,3.83,38.91,19.41,3.95,1.7,0.54,7.29,0.36,0.5,71
4.75,1.162,1.935,2.632,0.25,0.1,0.045,5.642,0.049,0.5,41
4.67,3.958,1.935,23.13,1.557,0.448,0.174,3.737,0.222,0.5,44
5.78,1.477,11.85,4.073,7.677,3.002,0.207,10.99,0.239,0.5,74
6.44,6.17,2.73,2.35,6.84,2.48,0.22,9.61,0.14,15.0,75
4.87,4.0,1.45,16.22,0.5,0.19,0.13,3.52,0.15,0.5,41
5.67,2.22,20.91,4.8,4.41,1.05,0.2,5.74,0.22,0.5,70
7.42,1.66,6.97,6.14,24.25,12.0,0.41,36.76,0.3,3.0,74
4.98,2.91,5.01,7.39,1.84,0.61,0.16,4.47,0.17,0.5,40
4.21,2.21,12.82,13.63,0.295,0.2,0.15,7.1,0.32,3.0,39
6.51,1.529,6.548,2.95,5.969,3.164,0.122,9.356,0.22,0.5,64
5.5,1.05,22.66,1.47,2.09,0.99,0.045,3.2,0.09,0.5,56
7.01,2.61,15.7,4.36,10.82,2.78,0.11,13.84,0.29,0.5,68
6.95,1.52,8.55,6.202,13.26,5.62,0.28,19.3,0.29,0.5,76
6.9,2.263,48.44,3.487,7.562,3.33,0.512,11.51,0.252,3.0,84
5.76,16.27,8.403,16.76,8.82,1.66,0.26,10.89,0.3,3.0,79
4.69,2.8,1.935,17.03,0.64,0.1,0.045,4.02,0.12,15.0,37
5.48,3.64,75.73,2.14,5.99,1.12,0.13,7.56,0.25,3.0,68
5.31,23.21,20.92,5.617,6.657,2.154,0.6,10.67,0.463,0.5,88
5.56,4.227,140.5,8.225,13.6,2.022,1.568,18.89,0.569,0.5,91
4.95,3.883,12.25,7.252,1.691,0.544,0.262,5.071,0.063,0.5,51
5.25,8.562,4.872,4.8,0.47,0.276,0.111,3.822,0.114,3.0,50
5.23,4.565,8.101,3.262,2.455,0.435,0.094,3.836,0.125,0.5,49
5.15,3.52,8.403,2.67,4.09,0.83,0.45,6.13,0.43,0.5,60
5.08,6.378,3.519,3.386,3.209,1.135,0.289,5.929,0.236,0.5,64
5.36,4.34,7.6,8.05,4.57,1.02,0.21,6.61,0.21,3.0,63
4.36,1.72,1.935,1.34,0.295,0.1,0.045,2.63,0.1,0.5,32
8.57,1.07,20.14,9.71,19.52,4.4,0.29,24.5,0.45,0.5,67
5.43,2.22,11.54,6.1,5.05,1.46,0.17,7.64,0.14,0.5,62
5.059,3.182,4.029,6.411,3.876,1.923,0.271,7.645,0.159,0.5,60
5.42,4.17,5.933,12.31,3.856,0.822,0.438,5.604,0.3,0.5,59
6.87,2.33,49.39,49.4,3.42,0.52,0.1,4.44,0.61,0.5,56
4.03,3.513,53.25,56.64,1.497,0.637,0.569,5.428,0.613,7.5,54
4.63,0.982,4.79,6.221,2.454,0.428,0.099,4.436,0.275,0.5,40
5.56,5.9,12.34,11.91,3.56,0.67,0.56,4.91,0.21,15.0,69
5.99,5.722,59.77,8.145,7.683,1.43,1.477,10.71,0.425,0.5,89
7.44,3.645,18.05,5.61,20.04,0.289,0.233,20.69,0.439,15.0,71
6.68,5.02,4.9,6.75,11.25,3.55,0.38,15.28,0.25,3.0,87
6.16,5.279,40.6,5.518,6.739,2.96,0.291,10.1,0.191,0.5,87
4.61,9.629,20.35,4.114,0.28,0.205,0.185,9.269,0.07,0.5,58
5.14,4.95,32.79,17.51,3.79,1.06,0.14,6.05,0.23,0.5,63
6.3,3.732,5.691,5.096,17.6,0.81,0.251,18.76,0.329,15.0,73
8.26,1.422,9.137,20.28,27.61,3.914,0.278,31.91,0.998,0.5,59
5.54,1.45,6.37,19.3,4.33,1.08,0.2,5.7,0.27,0.5,64
5.24,1.653,1.935,1.39,0.25,0.1,0.045,2.276,0.029,0.5,42
4.16,1.5,1.935,2.4,0.56,0.21,0.12,8.5,0.33,0.5,36
6.24,1.95,4.55,7.24,9.88,5.17,0.27,15.4,0.21,0.5,76
8.5,1.377,9.843,1.011,46.37,2.464,0.51,49.49,0.603,0.5,64
6.63,2.33,34.31,2.41,11.91,3.13,0.15,15.4,0.21,15.0,79
4.59,4.43,5.24,5.45,0.58,0.16,0.12,4.94,0.2,3.0,41
5.35,2.555,6.524,7.726,6.743,1.655,0.233,9.397,0.24,0.5,59
6.0,7.34,23.91,12.29,10.41,1.0,0.34,11.84,0.24,15.0,83
6.21,1.359,56.65,3.257,2.964,0.913,0.197,4.175,0.112,0.5,61
5.62,12.36,6.295,3.735,2.891,0.531,0.368,3.906,0.201,0.5,67
8.58,1.03,26.67,6.13,28.13,8.92,0.26,37.5,0.65,0.5,65
6.97,1.64,29.83,2.88,5.08,1.45,0.045,6.7,0.14,0.5,67
4.72,2.529,3.521,5.094,1.544,0.698,0.32,6.34,0.194,3.0,47
6.33,3.445,15.47,4.166,10.97,3.52,1.89,16.52,0.18,7.5,88
5.18,14.86,16.4,10.32,1.486,0.725,0.193,3.468,0.223,0.5,59
4.86,2.5,3.1,4.87,0.97,0.3,0.19,8.19,0.14,0.5,44
5.57,2.1,5.834,3.342,2.304,1.124,0.045,3.906,0.214,0.5,54
5.74,12.92,6.589,8.074,4.534,1.353,0.547,6.536,0.187,3.0,80
5.81,14.31,4.38,5.04,10.04,2.77,0.49,13.45,0.2,0.5,87
7.74,1.157,18.71,25.02,9.599,5.291,0.233,15.59,0.397,3.0,69
7.41,1.0,11.06,1.61,18.6,4.23,0.29,23.38,0.1,3.0,74
5.06,11.1,5.61,3.49,2.75,0.94,0.22,6.01,0.21,0.5,63
5.14,0.64,1.77,8.06,0.69,0.14,0.045,2.29,0.12,0.5,42
6.89,2.05,48.8,7.78,37.64,0.51,0.2,38.45,0.87,0.5,75
4.27,8.29,8.403,15.57,0.7,0.29,0.18,3.87,0.75,0.5,39
5.14,4.834,5.006,2.018,11.87,2.071,0.162,15.02,0.411,0.5,75
8.13,4.5,19.27,13.54,40.13,3.1,1.13,44.49,0.71,0.5,71
4.86,5.55,74.13,14.28,1.51,0.67,0.46,7.11,0.22,0.5,63
6.93,0.74,54.06,7.09,5.92,1.92,0.124,8.118,0.195,0.5,69
7.61,2.334,33.87,4.441,28.52,0.421,0.045,29.08,0.92,15.0,60
4.639,3.67,48.25,10.65,1.903,0.602,0.363,5.217,0.522,7.5,57
5.44,1.57,51.49,3.64,3.66,0.83,0.1,5.21,0.21,0.5,57
5.04,18.07,40.28,6.16,3.18,0.52,0.19,6.22,0.46,15.0,71
7.21,0.847,60.94,1.428,3.481,0.95,0.161,4.693,0.156,0.5,56
7.88,1.009,9.386,10.67,8.476,2.754,0.221,11.73,0.489,0.5,63
6.99,1.78,35.33,5.06,5.63,1.5,0.23,7.45,0.18,0.5,70
5.2,1.64,5.06,21.43,3.39,1.11,0.26,5.78,0.17,0.5,56
4.889,5.102,1.935,4.641,5.517,1.088,0.467,9.955,0.226,0.5,65
7.61,1.0,9.91,11.53,17.76,4.44,0.31,22.75,0.54,0.5,67
4.58,7.151,18.7,6.85,1.317,0.225,0.258,8.015,0.228,0.5,55
5.44,8.045,5.967,8.604,2.447,0.527,0.127,3.9,0.226,15.0,53
5.99,5.617,8.026,3.406,13.44,6.784,0.336,20.67,0.207,7.5,87
5.41,11.12,26.23,12.65,4.53,0.85,0.67,6.83,0.31,7.5,77
6.09,3.437,17.57,2.065,9.171,0.833,0.131,10.16,0.161,0.5,70
5.81,3.321,1.935,5.723,3.938,1.003,0.389,5.471,0.165,0.5,68
6.26,10.9,13.67,12.39,13.93,4.14,0.99,19.11,0.91,0.5,93
6.17,2.69,26.42,1.26,14.72,5.19,0.27,20.27,0.14,7.5,82
5.74,2.868,52.69,2.298,8.698,1.211,0.734,10.84,0.169,3.0,83
5.04,5.076,230.6,7.481,5.199,0.805,0.356,7.062,0.391,0.5,74
4.96,1.032,44.78,4.095,2.67,0.3,0.045,7.954,0.086,0.5,52
4.92,1.38,1.84,9.06,1.6,0.54,0.11,5.25,0.11,0.5,41
6.42,4.008,5.844,3.081,9.771,1.398,0.659,11.88,0.292,7.5,79
5.4,0.64,0.645,1.1,0.36,0.13,0.045,1.01,0.04,0.5,42
6.7,1.33,9.61,1.48,5.67,4.86,0.15,10.78,0.07,0.5,68
4.32,1.19,3.87,17.87,0.56,0.1,0.045,5.8,0.2,0.5,36
6.58,2.56,33.02,5.884,18.1,3.305,0.857,22.37,0.247,0.5,87
5.31,4.648,27.87,3.731,8.252,2.253,0.199,10.93,0.545,0.5,76
5.73,2.61,32.17,4.25,2.8,0.68,0.13,3.68,0.23,7.5,56
4.57,1.02,0.645,7.71,0.61,0.18,0.045,4.01,0.05,0.5,37
6.37,4.415,20.54,1.512,18.61,0.563,0.281,19.79,0.303,0.5,79
6.85,0.964,29.78,3.626,12.18,4.897,0.268,17.45,0.17,0.5,82
5.33,1.09,2.27,2.42,2.81,1.43,0.1,5.14,0.14,0.5,53
4.46,2.02,1.77,6.73,0.48,0.2,0.11,2.47,0.24,7.5,32
5.18,5.15,11.47,5.72,6.14,3.97,0.46,12.67,0.23,3.0,80
7.73,3.532,80.27,0.647,28.82,0.261,0.093,29.28,0.494,0.5,68
6.5,2.614,64.03,5.251,9.921,4.874,0.107,15.56,0.246,0.5,81
4.44,4.531,1.121,6.706,0.318,0.164,0.111,3.932,0.105,7.5,36
5.45,1.292,6.066,1.585,1.441,0.544,0.099,2.123,0.095,0.5,42
5.01,9.02,9.11,16.11,2.65,0.29,0.34,6.91,0.23,0.5,63
4.69,5.41,8.403,12.37,3.17,0.73,0.28,8.27,0.27,0.5,53
7.22,8.52,214.9,125.47,16.06,1.82,1.62,19.89,1.54,0.5,84
6.33,4.014,84.37,4.507,11.53,2.528,0.211,14.33,0.161,7.5,85
6.07,3.502,5.528,8.639,12.86,2.585,0.405,16.31,1.295,0.5,78
4.49,20.5,13.79,6.189,3.582,1.244,0.52,9.409,1.588,0.5,60
5.85,2.628,5.113,4.915,4.193,2.282,0.409,6.934,0.295,0.5,70
5.8,0.49,64.59,1.748,1.031,0.191,0.099,1.405,0.129,3.0,55
5.6,7.185,13.76,11.31,2.282,0.932,0.287,3.603,0.254,15.0,64
4.74,1.24,3.13,14.49,0.52,0.17,0.045,3.2,0.12,0.5,37
4.7,2.48,0.71,15.57,0.56,0.25,0.045,2.84,0.17,0.5,37
6.01,5.257,25.47,19.25,7.494,2.07,1.132,11.37,0.376,0.5,90
4.9,24.88,62.32,159.64,13.07,3.0,4.33,22.96,2.43,3.0,82
7.34,4.93,49.79,9.99,12.14,1.08,0.59,13.95,0.6,0.5,80
5.68,10.96,9.03,4.61,5.81,1.73,0.33,7.96,0.19,3.0,78
6.04,2.375,6.628,2.81,11.19,6.516,0.166,18.09,0.249,7.5,76
5.02,7.93,6.77,5.9,0.56,0.29,0.2,3.02,0.23,3.0,53
6.81,4.798,52.47,6.712,7.368,0.719,0.726,8.874,0.35,3.0,77
4.94,7.001,108.3,31.06,4.51,1.761,0.208,8.79,0.458,0.5,70
4.52,5.07,11.57,13.96,0.56,0.1,0.1,4.36,0.17,0.5,48
6.48,0.81,7.28,9.53,5.79,1.52,0.16,7.81,0.22,0.5,64
6.45,9.22,58.62,66.8,24.18,5.96,1.41,32.81,0.223,0.5,87
7.07,1.45,41.13,6.82,11.3,3.9,0.43,15.83,0.4,0.5,82
5.84,6.443,4.88,4.08,2.509,0.925,0.727,4.263,0.224,7.5,66
5.96,4.26,82.14,7.41,4.85,0.58,0.21,5.69,0.17,0.5,72
6.66,0.521,14.03,2.177,5.878,2.898,0.134,8.976,0.047,3.0,67
4.71,1.59,1.935,6.14,1.31,0.25,0.045,2.82,0.24,3.0,37
6.0,3.597,23.31,10.9,5.614,1.857,0.144,7.929,0.27,0.5,71
6.27,2.0,1.96,3.97,23.94,6.88,0.26,31.23,0.15,0.5,76
5.74,12.6,1.85,5.79,2.67,0.6,0.24,3.62,0.13,0.5,64
8.55,1.733,29.32,2.704,47.43,3.308,0.419,51.4,0.68,0.5,68
7.09,9.12,368.96,9.6,17.54,2.74,0.77,21.12,0.46,0.5,92
5.87,4.05,1.935,1.46,4.23,1.69,0.79,6.79,0.11,0.5,73
5.11,5.31,5.07,6.1,2.08,0.4,0.1,3.69,0.26,0.5,53
4.88,4.293,13.51,6.953,5.247,1.384,0.21,8.826,0.473,0.5,61
5.92,1.62,1.935,3.51,4.25,2.24,0.19,6.77,0.18,3.0,67
7.54,0.96,115.57,179.02,16.42,4.24,3.27,32.49,0.223,0.5,69
8.14,1.71,30.31,51.86,11.23,1.912,0.294,13.65,0.469,0.5,61
6.36,1.577,91.83,14.73,12.53,1.437,0.293,14.42,0.524,3.0,76
8.33,1.482,0.942,6.88,14.35,0.683,0.045,15.67,0.817,0.5,49
4.72,1.07,5.76,7.34,0.66,0.25,0.1,3.83,0.11,0.5,37
4.96,2.1,2.08,0.97,0.43,0.15,0.045,2.79,0.06,0.5,37
5.68,11.73,4.655,4.301,5.21,1.673,0.177,7.17,0.165,0.5,75
6.0,2.16,3.12,6.202,7.4,1.04,0.12,8.65,0.223,3.0,51
6.44,3.115,16.68,15.52,4.963,1.906,0.519,7.715,1.663,0.5,71
4.45,2.359,3.138,3.58,0.386,0.277,0.144,4.251,0.08,0.5,32
5.19,2.986,6.115,13.99,1.499,0.46,0.172,3.198,0.131,3.0,45
5.49,11.72,28.73,8.071,3.332,0.75,0.806,4.916,0.335,0.5,70
6.12,1.03,37.43,2.98,3.69,0.49,0.045,4.28,0.11,7.5,56
6.83,4.83,26.72,11.41,29.49,2.6,0.24,32.44,0.36,0.5,86
5.46,5.15,9.0,16.53,2.46,1.68,0.44,5.65,0.17,0.5,67
5.23,8.43,2.88,11.8,0.3,0.08,0.24,2.02,0.1,0.5,53
7.67,5.445,22.97,9.425,43.94,1.666,0.251,45.91,0.6,0.5,75
5.59,1.62,7.168,4.467,8.166,5.153,0.264,13.72,0.129,7.5,73
5.42,8.743,35.2,15.91,3.374,1.41,0.569,6.358,0.754,0.5,73
4.98,2.67,1.94,11.12,0.4,0.17,0.045,2.93,0.1,15.0,37
5.06,3.41,57.66,13.39,3.01,0.49,0.44,5.54,0.25,0.5,67
4.7,8.55,1.935,3.27,0.56,0.1,0.15,4.48,0.15,0.5,45
4.66,2.917,36.85,7.29,4.187,0.997,0.488,6.11,0.869,0.5,57
5.25,9.278,6.04,10.07,9.097,3.762,0.883,14.11,0.792,0.5,79
6.51,2.851,3.721,5.324,14.01,6.073,0.567,22.36,0.456,0.5,81
5.36,0.53,8.403,5.06,0.81,0.22,0.045,1.98,0.1,0.5,40
4.67,1.69,1.935,3.08,0.295,0.1,0.045,2.71,0.1,0.5,37
4.87,13.33,9.195,6.687,2.986,0.964,0.419,7.593,0.526,7.5,59
4.61,3.641,4.493,22.09,2.723,0.712,0.209,5.772,0.284,0.5,51
5.04,7.4,14.14,12.75,2.57,0.42,0.49,5.91,0.44,0.5,66
6.54,2.594,1.935,3.62,5.329,9.922,0.045,15.48,0.162,0.5,71
5.45,13.56,7.357,10.02,2.428,0.682,0.252,3.41,0.229,0.5,59
7.13,1.579,22.7,2.786,22.1,13.27,0.418,36.16,0.159,3.0,80
5.46,1.02,3.83,9.51,2.57,0.48,0.09,3.39,0.19,0.5,45
4.769,10.77,31.32,47.98,2.519,0.901,0.828,7.051,0.77,0.5,67
7.0,1.284,19.99,0.792,12.63,4.405,0.31,17.49,0.189,0.5,82
7.21,3.64,3.11,5.41,35.42,8.72,1.34,45.6,0.16,0.5,80
6.05,7.081,4.263,9.602,7.787,2.097,1.958,11.95,0.313,3.0,84
7.88,1.28,11.75,6.202,22.21,7.78,0.42,31.59,0.38,0.5,72
5.76,1.41,3.38,8.84,1.17,0.44,0.045,1.76,0.08,0.5,47
6.45,3.88,1.97,3.39,14.01,12.79,0.045,27.01,0.12,3.0,77
4.639,2.807,32.6,18.83,1.872,0.647,0.634,4.603,0.484,0.5,51
5.84,2.688,1.935,2.164,4.29,0.956,0.576,5.962,0.208,0.5,65
4.41,2.0,1.935,9.8,0.56,0.2,0.18,6.3,0.14,0.5,39
5.97,8.81,3.37,3.22,4.37,0.71,0.34,5.47,0.14,7.5,71
4.57,5.816,7.724,6.719,1.695,0.555,0.427,6.601,0.243,0.5,55
8.16,1.778,37.84,46.34,9.734,1.603,0.336,11.94,0.325,0.5,64
4.58,3.328,2.17,4.727,0.736,0.154,0.108,2.833,0.065,0.5,41
6.84,1.338,18.47,1.881,9.575,1.514,0.093,11.28,0.12,0.5,70
4.16,1.71,1.935,11.13,0.56,0.1,0.045,3.09,0.3,7.5,32
4.62,3.667,3.803,14.42,0.251,0.218,0.146,4.555,0.197,3.0,41
6.47,1.45,18.83,4.38,13.04,5.28,0.32,18.73,0.22,0.5,82
5.42,11.93,1.69,4.72,0.87,0.28,0.09,1.92,0.16,3.0,53
5.04,3.67,2.31,11.68,1.02,0.61,0.33,4.54,0.14,15.0,52
4.3,1.62,8.23,5.05,0.76,0.24,0.15,3.51,0.27,0.5,32
6.5,3.064,9.744,3.534,13.13,5.046,0.425,18.74,0.226,7.5,83
5.49,4.638,236.5,8.825,5.467,0.909,0.045,6.488,0.113,0.5,64
7.77,0.97,30.01,2.84,21.43,4.3,0.36,26.25,0.33,3.0,75
5.35,2.013,12.13,2.44,3.679,1.732,0.13,5.9,0.288,0.5,56
4.62,2.331,3.291,3.432,0.402,0.179,0.1,2.241,0.149,0.5,37
4.809,1.086,3.58,5.69,1.098,0.452,0.045,3.816,0.11,7.5,37
5.63,12.93,15.2,14.9,6.27,0.99,0.61,7.99,0.38,0.5,79
4.46,1.64,16.72,9.93,2.86,0.73,0.39,6.48,0.44,0.5,48
6.14,1.658,10.75,6.202,11.55,0.455,0.045,12.16,0.541,0.5,64
6.6,1.56,9.95,5.014,5.386,1.592,0.045,7.153,0.092,0.5,61
5.04,1.81,1.935,3.12,2.75,1.4,0.21,12.16,0.08,0.5,60
5.29,1.14,7.29,41.67,1.6,0.34,0.09,2.32,0.21,0.5,42
6.48,11.62,31.87,47.64,11.63,2.82,2.45,17.28,0.98,0.5,96
5.54,1.55,4.95,6.202,6.18,4.48,0.29,11.13,0.11,3.0,71
4.68,2.132,1.935,4.019,0.689,0.274,0.09,6.571,0.097,0.5,41
5.16,11.0,39.34,12.73,4.37,1.57,0.25,8.29,0.26,15.0,76
4.63,6.71,68.94,8.76,2.41,0.88,1.11,14.57,0.56,15.0,70
7.96,1.1,16.73,9.89,11.87,1.67,0.36,14.0,0.22,0.5,66
5.39,8.02,60.84,13.51,5.14,2.05,1.09,9.15,0.39,0.5,83
6.4,1.95,18.14,6.14,3.97,1.62,0.18,5.86,0.25,0.5,64
5.86,10.98,5.8,6.1,3.39,1.01,0.39,4.84,0.21,0.5,71
5.59,3.17,4.2,6.03,4.47,1.89,0.55,6.97,0.18,3.0,73
5.85,4.942,2.427,6.967,10.52,5.612,0.361,16.52,0.186,3.0,83
4.63,2.95,1.935,11.36,0.295,0.22,0.045,4.03,0.19,0.5,37
6.37,2.0,2.51,7.49,34.49,13.51,0.65,48.91,0.18,0.5,81
5.42,5.249,1.935,4.862,8.487,1.506,0.242,10.55,0.947,0.5,71
5.87,3.069,64.77,6.45,6.134,1.162,0.853,8.25,0.338,0.5,81
5.4,20.06,228.7,13.87,5.386,0.627,0.881,7.821,0.365,0.5,79
6.12,0.695,1.935,3.066,3.032,0.728,0.045,3.99,0.06,0.5,50
5.64,4.488,2.614,4.54,4.38,3.145,0.182,7.762,0.141,0.5,71
5.41,1.982,1.935,7.294,1.214,0.668,0.38,3.007,0.095,0.5,48
5.32,1.732,7.005,4.121,1.522,0.637,0.112,3.322,0.267,0.5,42
6.24,5.9,85.37,10.61,17.57,4.84,0.97,23.77,0.79,0.5,95
6.78,1.47,420.5,6.202,3.45,0.56,0.045,4.13,0.223,3.0,48
4.94,3.9,9.57,6.54,8.26,1.54,0.22,10.49,0.94,0.5,62
6.54,0.593,8.146,7.862,2.534,0.85,0.045,3.615,0.06,0.5,50
5.31,9.846,314.7,21.08,5.365,0.989,1.155,7.975,0.585,0.5,74
5.33,5.2,12.35,32.94,4.22,0.61,0.41,5.8,0.48,0.5,69
5.87,3.28,3.9,5.62,3.82,0.98,0.37,5.22,0.21,0.5,64
5.51,7.6,160.24,16.98,7.05,2.28,2.45,11.86,0.73,3.0,90
5.73,3.24,1.935,9.2,4.4,0.9,0.11,5.47,0.24,3.0,61
4.65,4.114,299.1,19.08,1.204,0.894,0.131,3.909,0.243,0.5,49
5.74,2.061,3.819,1.605,4.226,2.058,0.045,6.465,0.106,0.5,64
6.64,2.36,13.1,3.63,12.62,3.12,0.13,15.99,0.21,3.0,76
6.59,3.76,8.403,7.58,11.35,2.91,1.29,15.68,0.31,0.5,83
5.06,1.29,4.93,4.69,0.56,0.44,0.13,2.78,0.16,0.5,42
6.0,3.198,8.777,5.009,5.466,1.233,0.307,7.056,0.143,0.5,71
5.88,1.5,3.94,4.79,7.08,2.24,0.36,9.76,0.3,3.0,70
9.24,0.522,1.935,19.38,7.962,5.994,0.134,21.64,0.94,0.5,54
5.06,1.72,8.9,4.6,3.14,0.66,0.13,5.1,0.15,7.5,49
5.58,12.31,7.975,4.123,3.673,0.591,0.266,4.659,0.198,0.5,64
4.91,7.83,11.59,4.258,1.932,1.402,0.575,6.565,0.183,0.5,64
5.67,8.98,30.7,13.18,13.69,0.52,0.1,14.46,0.26,7.5,77
6.6,1.83,5.56,2.34,7.58,1.2,0.1,8.97,0.18,0.5,61
4.83,2.869,18.04,51.86,2.789,0.986,0.045,4.316,0.443,0.5,43
6.4,3.64,92.52,3.3,20.92,1.57,0.24,22.81,0.2,0.5,85
4.86,6.443,47.29,8.677,2.962,0.245,0.179,6.877,0.189,3.0,63
6.12,2.07,1.6,5.7,14.09,4.36,0.29,18.87,0.22,0.5,76
6.06,1.74,8.99,1.78,3.91,1.7,0.19,5.85,0.08,3.0,61
4.03,4.981,8.994,23.77,1.026,0.353,0.295,5.275,0.246,3.0,43
4.75,4.19,3.25,6.86,3.59,3.14,1.52,16.24,0.33,0.5,70
4.91,2.38,1.67,2.44,0.46,0.2,0.045,3.65,0.08,0.5,37
7.41,1.6,36.21,2.36,8.2,1.81,0.32,10.43,0.2,0.5,74
6.35,8.489,128.1,5.37,9.175,0.91,0.405,10.59,0.338,7.5,85
5.48,2.38,3.476,3.611,2.028,1.161,0.179,3.417,0.148,0.5,52
5.08,4.502,1.464,7.419,2.876,1.521,0.459,6.028,0.172,0.5,63
5.21,5.634,3.714,4.216,3.556,1.418,0.099,5.63,0.116,0.5,61
4.309,5.635,17.22,3.019,1.138,0.756,0.18,5.922,0.567,7.5,48
5.62,4.66,3.268,3.924,7.076,2.282,0.201,9.69,0.098,0.5,71
6.08,1.47,6.25,5.82,2.28,0.6,0.18,3.13,0.12,0.5,53
5.5,4.685,10.44,3.619,2.27,1.267,0.465,4.165,0.164,0.5,67
5.33,17.68,1.925,3.076,1.46,0.493,0.249,3.03,0.141,3.0,56
4.849,1.711,71.58,8.072,2.597,1.387,0.045,5.246,0.229,7.5,56
5.32,2.24,0.645,2.88,5.03,2.62,0.1,9.14,0.1,0.5,59
4.78,5.642,5.179,4.473,1.566,1.075,0.457,5.892,0.221,15.0,59
5.86,1.67,2.36,2.15,8.85,6.18,0.26,15.52,0.22,0.5,76
4.61,1.815,1.935,14.2,1.058,0.706,0.116,2.973,0.461,0.5,37
6.66,2.65,45.54,11.29,12.32,6.68,0.21,19.34,0.27,0.5,84
4.83,3.14,2.26,7.57,0.71,0.24,0.09,4.27,0.17,7.5,41
4.52,1.79,3.17,4.92,0.56,0.33,0.09,2.85,0.21,0.5,37
6.19,2.57,22.94,10.41,9.812,1.466,0.51,12.34,0.402,7.5,81
5.39,1.62,5.14,4.15,3.91,1.25,0.045,5.78,0.15,0.5,53
5.32,2.45,1.935,1.75,2.89,3.44,0.31,9.77,0.1,0.5,62
6.96,1.403,68.82,2.639,1.984,2.467,0.045,4.555,0.088,0.5,62
4.73,1.845,1.935,1.343,1.976,0.605,0.177,11.43,0.239,0.5,48
4.47,2.76,2.1,8.32,0.32,0.71,0.13,10.02,0.11,7.5,40
4.78,6.98,11.02,3.01,0.24,0.18,0.16,4.58,0.16,0.5,51
7.42,4.22,10.26,3.91,42.15,0.73,0.24,43.22,0.61,0.5,69
5.059,2.289,6.505,2.462,2.724,0.876,0.094,5.673,0.169,0.5,49
5.75,1.459,1.935,3.077,3.811,2.113,0.139,6.203,0.151,0.5,61
7.12,2.81,14.86,4.42,31.07,5.28,0.29,36.83,0.24,3.0,74
6.34,2.627,4.432,3.568,13.1,9.868,0.3,23.33,0.237,0.5,76
4.39,1.98,3.91,4.44,0.67,0.25,0.31,3.4,0.2,0.5,38
5.01,1.0,0.645,2.46,1.45,0.48,0.14,19.02,0.05,0.5,53
5.16,10.28,3.3,2.92,2.33,0.99,0.18,6.18,0.25,0.5,63
5.23,1.486,23.07,7.126,4.947,1.288,0.368,8.171,0.374,0.5,68
4.8,1.74,17.3,3.02,2.27,0.6,0.045,4.78,0.3,0.5,43
5.96,1.274,14.6,1.846,2.402,1.295,0.16,3.939,0.179,3.0,60
5.77,2.52,1.935,7.38,4.21,1.38,0.36,5.98,0.24,15.0,67
5.93,1.8,7.33,5.09,9.21,3.99,0.24,13.49,0.57,3.0,71
4.599,5.15,47.98,27.8,2.115,0.503,0.396,6.45,0.26,3.0,66
7.77,3.616,1.935,2.378,46.35,2.207,0.572,49.43,0.776,0.5,73
4.28,9.492,16.01,6.946,2.716,0.808,0.361,8.356,1.057,0.5,51
8.73,0.43,3.1,52.91,26.89,9.99,0.21,41.07,2.17,0.5,53
6.15,1.163,56.75,2.514,5.79,0.961,0.186,7.098,0.194,0.5,68
5.42,1.0,7.31,7.2,1.69,0.24,0.1,5.05,0.07,3.0,46
5.48,2.39,2.798,4.353,4.305,3.885,0.14,8.451,0.164,3.0,59
7.33,2.76,10.39,4.71,22.05,8.4,0.34,30.93,0.24,0.5,77
6.32,1.34,11.91,3.73,15.14,5.13,0.29,20.69,0.12,0.5,79
8.38,1.72,2.72,4.3,29.57,2.67,0.27,33.01,0.66,0.5,59
5.57,0.95,1.935,3.25,1.49,0.41,0.045,2.01,0.06,0.5,47
5.65,12.62,2.692,2.365,1.379,0.328,0.371,2.133,0.26,0.5,64
6.34,2.09,244.29,4.94,3.05,0.66,0.19,3.94,0.33,3.0,61
4.88,1.97,2.14,3.48,0.34,0.15,0.045,2.52,0.07,0.5,37
4.85,2.36,10.13,4.33,1.51,0.42,0.11,4.35,0.19,0.5,40
5.28,14.88,34.91,11.03,2.83,0.79,0.27,5.16,0.25,0.5,69
5.05,8.372,4.217,7.555,0.25,0.1,0.045,1.313,0.166,0.5,50
5.85,1.2,1.935,3.934,11.31,2.531,0.206,14.1,0.162,0.5,73
5.88,2.4,9.29,4.58,15.09,5.24,0.18,20.56,0.24,0.5,76
5.5,18.48,12.42,6.676,7.474,1.397,1.023,9.995,0.748,0.5,81
4.97,2.899,30.88,6.848,1.551,0.573,0.202,3.025,0.178,0.5,46
6.43,6.112,305.9,22.49,7.45,1.85,0.988,10.4,1.521,0.5,84
5.72,1.312,8.646,8.903,5.652,2.739,0.045,8.584,0.169,3.0,64
5.059,9.448,1.935,7.522,0.25,0.327,0.045,2.315,0.157,3.0,50
6.1,2.9,10.75,5.7,7.93,1.03,0.44,9.47,0.29,3.0,70
4.89,4.38,24.05,7.46,2.65,0.3,0.37,6.79,0.19,0.5,60
4.71,7.28,8.11,7.39,2.41,0.64,0.28,6.52,0.29,0.5,55
5.85,2.347,19.84,4.117,4.942,1.675,0.182,6.881,0.274,3.0,67
5.17,12.81,91.75,4.26,5.021,0.742,0.368,7.629,0.256,0.5,77
8.49,0.86,20.6,4.92,19.43,4.65,0.28,24.45,0.43,0.5,67
5.98,1.801,1.862,6.141,4.069,1.678,0.114,5.951,0.295,0.5,61
5.84,2.127,73.89,2.373,6.383,1.131,0.045,7.706,0.187,7.5,69
5.56,12.02,5.954,7.935,6.701,1.912,0.784,9.457,0.131,0.5,80
5.059,2.146,5.055,2.24,0.25,0.1,0.045,2.354,0.045,15.0,42
5.8,1.95,1.935,17.17,8.9,3.67,0.4,13.17,0.18,0.5,76
5.37,1.058,1.935,3.325,1.353,0.582,0.124,2.532,0.142,0.5,42
6.4,2.591,17.17,6.108,18.39,13.56,0.691,32.84,0.391,0.5,84
4.639,3.099,3.307,14.47,1.472,0.359,0.045,3.176,0.095,3.0,41
5.09,1.66,8.32,5.8,2.44,0.67,0.13,4.52,0.17,0.5,45
4.8,0.62,8.403,2.36,0.39,0.12,0.045,1.12,0.06,0.5,35
5.75,3.002,3.386,5.109,2.059,0.287,0.045,2.882,0.249,0.5,54
4.83,21.78,47.3,10.42,1.159,0.216,0.162,6.63,0.255,0.5,63
7.27,1.265,1.935,0.468,18.63,6.723,0.094,25.88,0.091,3.0,68
6.28,3.91,7.69,9.93,13.43,7.77,0.26,21.58,0.23,0.5,80
6.58,3.15,1.935,2.52,28.16,11.13,0.16,39.61,0.15,3.0,80
6.71,0.618,14.21,2.377,1.508,0.446,0.045,2.199,0.093,0.5,50
5.31,3.64,4.368,7.065,2.216,0.564,0.237,4.496,0.149,0.5,52
8.56,0.45,0.645,50.21,54.66,1.37,0.18,57.42,2.67,0.5,50
5.04,4.391,13.96,9.061,5.51,1.257,0.133,8.959,0.348,0.5,63
5.59,8.956,86.32,29.22,11.72,2.875,2.128,17.14,1.486,0.5,92
6.84,1.03,6.1,2.1,6.54,2.07,0.09,8.9,0.12,0.5,64
5.26,9.247,194.2,13.4,3.032,2.028,0.361,5.989,0.737,15.0,76
6.22,3.0,18.93,13.04,18.25,2.1,0.19,20.68,0.29,7.5,79
5.099,5.818,4.642,10.83,1.439,0.598,0.272,3.647,0.2,3.0,53
4.59,3.58,130.9,4.666,1.347,0.154,0.172,3.348,0.126,0.5,52
4.74,1.557,8.332,3.71,1.24,0.586,0.045,3.77,0.172,0.5,37
6.31,7.62,5.07,42.09,2.8,0.67,5.46,9.05,0.81,0.5,68
5.53,4.074,99.18,2.706,7.877,1.257,0.279,9.937,0.232,0.5,76
7.9,3.862,10.81,13.67,42.94,1.779,0.293,45.13,0.831,0.5,68
6.55,0.29,8.403,4.09,34.04,10.31,1.08,45.57,0.3,0.5,79
6.22,1.78,123.95,6.26,5.49,1.02,0.2,6.8,0.21,0.5,72
6.14,15.84,9.182,6.435,15.86,1.237,0.234,17.55,0.267,0.5,84
6.13,0.893,33.81,7.468,20.83,2.17,0.202,23.74,0.189,0.5,82
5.09,1.24,0.645,1.89,1.14,0.79,0.17,19.77,0.04,0.5,56
4.49,2.29,2.23,3.99,0.7,0.26,0.13,3.71,0.2,0.5,32
5.25,19.33,12.8,5.983,7.247,1.663,0.241,10.2,0.447,0.5,77
5.19,3.5,8.403,23.13,3.26,0.47,0.21,5.83,0.21,0.5,54
5.24,0.79,1.7,2.04,1.84,0.95,0.1,4.06,0.15,0.5,42
4.75,0.877,3.845,5.283,2.178,0.583,0.045,7.9,0.1,0.5,44
4.76,2.34,4.73,5.55,0.91,0.1,0.045,3.37,0.15,0.5,37
5.08,1.59,2.53,2.86,3.18,1.54,0.15,11.32,0.13,0.5,57
5.41,1.0,3.368,3.76,5.378,3.516,0.119,9.499,0.19,0.5,59
5.88,6.84,85.06,12.0,5.99,1.38,0.77,8.28,0.43,0.5,85
5.71,1.1,17.56,2.85,9.27,3.11,0.34,12.83,0.22,0.5,79
6.07,0.893,13.46,2.337,2.237,0.532,0.045,2.929,0.072,0.5,53
5.18,15.62,74.89,6.92,6.66,1.44,0.34,10.56,0.52,0.5,83
5.63,1.511,1.044,1.207,3.332,1.13,0.045,4.578,0.08,3.0,54
4.41,3.94,3.89,4.38,0.61,0.21,0.17,12.66,0.17,3.0,47
5.22,10.64,8.403,9.92,4.16,0.89,0.37,9.19,0.18,0.5,67
6.74,5.24,118.51,10.46,15.87,2.33,2.31,20.67,0.5,15.0,95
5.76,1.27,3.93,6.64,4.77,3.18,0.17,8.22,0.14,3.0,67
6.57,1.046,34.23,7.155,4.71,0.59,0.188,5.589,0.134,0.5,66
5.75,17.09,10.52,6.56,6.001,1.352,0.437,8.004,0.431,0.5,81
8.19,3.55,6.45,15.22,48.29,0.585,0.105,49.11,0.63,0.5,53
5.07,9.498,1.914,8.271,0.41,0.221,0.146,3.093,0.22,15.0,50
5.02,6.82,72.39,7.78,2.83,0.45,0.21,6.59,0.18,0.5,68
4.66,22.15,112.6,19.13,1.76,0.58,0.187,7.549,0.37,0.5,63
7.78,0.49,28.04,3.51,9.95,10.91,0.38,21.35,0.26,0.5,75
5.13,1.2,1.935,1.89,1.29,0.26,0.045,2.44,0.11,0.5,42
4.57,1.98,5.2,5.24,0.84,0.31,0.24,9.6,0.26,0.5,44
6.77,4.41,8.27,9.02,15.08,6.12,0.24,21.56,0.23,0.5,80
8.16,6.111,5.567,3.824,50.63,1.147,0.441,52.95,0.807,15.0,67
4.69,1.763,6.805,33.74,6.711,4.582,0.332,14.16,0.532,7.5,62
4.41,2.188,5.483,11.62,1.118,0.45,0.147,4.211,0.327,7.5,32
4.309,2.587,1.935,3.657,0.25,0.1,0.045,3.665,0.174,0.5,32
6.54,2.15,1.935,3.63,7.57,2.24,0.045,9.99,0.23,0.5,64
6.01,1.734,53.29,6.113,2.471,0.575,0.364,3.438,0.191,7.5,64
4.99,7.19,23.23,155.58,13.96,5.53,0.91,21.85,1.66,0.5,80
5.03,0.01,1.935,3.03,0.295,0.1,0.045,0.75,0.15,0.5,42
5.54,16.08,32.25,10.72,4.719,1.055,1.116,7.14,0.913,0.5,84
4.97,5.333,3.813,4.301,1.224,0.201,0.113,7.772,0.269,0.5,49
5.4,11.69,6.47,24.85,0.27,0.16,0.1,1.04,0.11,0.5,53
5.2,0.71,27.38,5.87,2.61,0.81,0.045,4.42,0.13,0.5,51
5.0,1.79,2.92,4.49,1.12,0.45,0.045,2.97,0.1,0.5,42
5.14,9.618,6.295,20.3,2.627,0.555,0.956,5.047,0.757,0.5,63
4.559,1.933,4.224,9.452,1.048,0.618,0.174,3.678,0.343,0.5,40
8.27,1.76,24.3,12.73,20.87,9.11,0.5,30.79,0.33,0.5,70
4.86,2.86,4.49,6.202,1.38,0.42,0.51,4.62,0.27,0.5,45
5.29,14.87,48.34,7.659,2.515,0.629,1.627,6.665,0.231,3.0,76
4.76,2.689,25.6,19.49,0.785,0.506,0.584,3.188,0.383,0.5,51
5.63,4.136,5.443,6.046,12.32,0.615,0.21,13.34,0.33,15.0,70
5.03,16.76,48.09,11.79,1.741,0.394,0.156,4.368,0.339,0.5,64
4.61,4.128,5.163,9.243,2.428,0.753,0.323,6.386,0.361,0.5,54
6.59,1.444,25.69,8.075,5.428,2.22,0.259,8.044,0.605,0.5,71
3.91,15.64,9.255,8.818,1.616,1.017,0.447,5.135,0.142,3.0,57
4.44,1.97,50.65,27.22,0.56,0.46,0.6,5.85,0.42,0.5,52
5.38,17.53,221.91,13.47,8.07,0.91,1.19,11.65,0.61,0.5,83
5.19,5.965,9.089,6.487,3.385,1.592,0.84,9.564,0.166,0.5,69
4.82,8.406,43.98,4.588,3.728,0.893,0.139,9.274,0.294,3.0,60
5.53,2.5,1.935,3.7,5.79,1.63,0.19,7.66,0.3,0.5,64
5.11,3.72,2.88,9.9,1.75,0.43,0.1,4.03,0.11,0.5,46
4.97,1.34,0.645,4.65,2.48,1.98,0.16,19.52,0.05,0.5,58
6.09,2.95,1.935,3.62,18.24,8.34,0.33,27.01,0.18,3.0,79
5.89,4.33,68.31,159.08,22.19,2.56,0.59,25.48,2.53,3.0,85
5.26,3.83,11.21,3.07,3.7,0.66,0.21,4.98,0.52,0.5,53
6.3,1.665,53.31,4.153,4.104,0.774,0.045,5.038,0.439,0.5,65
4.69,9.91,2.7,10.06,0.35,0.28,0.11,3.38,0.41,0.5,45
8.44,1.24,28.44,239.2,41.38,9.68,0.57,59.48,7.65,0.5,64
5.35,6.201,4.615,9.398,2.92,2.097,0.134,5.536,0.176,0.5,64
5.66,10.57,84.52,22.52,14.2,2.089,0.591,16.92,0.098,3.0,100
5.84,4.0,16.05,4.334,14.75,0.619,0.125,15.61,0.27,0.5,73
5.69,1.323,58.98,4.849,3.845,1.14,0.095,5.181,0.086,3.0,66
5.29,0.69,17.21,1.61,0.295,0.1,0.045,1.01,0.03,0.5,45
6.09,8.0,29.04,14.33,10.92,2.07,0.71,13.8,0.37,3.0,92
4.88,6.21,13.91,12.94,1.61,0.35,0.15,4.92,0.22,3.0,48
5.15,8.958,4.738,9.438,0.48,0.143,0.045,1.174,0.128,0.5,50
8.24,2.57,71.12,6.423,40.02,3.267,0.977,44.4,0.686,0.5,72
5.059,12.06,228.8,7.639,1.042,0.205,0.854,4.286,0.282,0.5,69
4.86,9.435,19.6,8.035,1.367,0.251,0.099,3.478,0.342,0.5,48
7.55,1.399,12.25,5.955,20.63,1.832,0.372,23.12,0.287,0.5,69
5.31,1.6,25.75,10.15,2.21,0.76,0.15,4.98,0.14,0.5,51
5.25,13.07,33.56,7.175,3.947,1.769,0.463,8.228,0.343,0.5,76
8.16,1.33,21.78,10.01,21.59,8.74,0.54,31.16,0.35,0.5,72
8.48,1.05,52.43,63.85,33.4,5.07,0.36,39.6,1.62,0.5,67
4.39,2.09,3.54,5.1,2.21,0.8,0.12,7.16,0.36,0.5,39
4.519,2.106,27.92,12.09,1.62,0.48,0.099,4.447,0.281,0.5,43
5.36,7.78,28.62,15.16,6.09,1.18,0.86,9.07,0.3,0.5,78
4.84,3.48,5.63,6.39,4.41,2.99,0.26,14.42,0.23,7.5,65
5.36,2.29,5.59,2.57,3.21,0.64,0.15,4.8,0.11,3.0,45
5.3,2.245,3.621,3.954,0.785,0.221,0.045,1.538,0.343,0.5,42
4.69,4.19,49.56,73.43,2.67,3.89,0.84,12.83,0.45,0.5,75
5.29,3.589,186.7,8.919,2.479,0.876,0.269,3.9,0.35,0.5,60
4.82,9.836,40.51,7.955,3.841,0.703,0.228,7.009,0.476,0.5,63
5.45,19.54,7.411,4.114,6.402,1.418,0.377,8.22,0.169,0.5,73
5.5,2.06,32.0,0.005,4.98,0.67,0.045,5.85,0.13,0.5,63
5.92,3.803,6.751,8.084,7.225,1.912,0.899,10.16,0.318,3.0,77
8.08,2.727,30.93,19.11,42.34,2.639,0.515,45.59,0.593,0.5,70
8.2,0.74,40.4,181.59,28.91,6.18,0.38,39.57,3.53,0.5,64
4.559,5.636,7.576,4.19,4.213,1.923,0.457,7.883,0.675,0.5,63
5.36,6.279,8.507,3.562,0.842,0.231,0.112,2.516,0.154,15.0,50
7.85,4.59,78.12,6.793,12.72,1.439,0.476,14.68,0.544,7.5,73
7.58,1.373,5.381,15.3,55.7,3.334,0.444,59.84,0.708,7.5,67
8.02,1.328,1.935,86.23,58.63,0.654,0.111,60.07,5.968,15.0,43
5.12,7.545,1.935,8.787,1.7,0.816,0.537,5.256,0.219,0.5,62
8.02,2.09,64.45,7.23,29.4,2.92,1.07,33.56,0.49,0.5,74
5.059,7.876,361.5,2.933,2.635,0.591,0.539,5.842,0.175,0.5,73
5.14,1.677,8.367,6.325,1.871,0.71,0.143,4.057,0.094,15.0,42
5.22,24.16,24.64,3.24,4.61,1.22,0.37,9.37,0.3,0.5,79
4.62,2.28,7.4,28.26,1.39,0.28,0.045,6.24,0.2,3.0,41
5.0,0.819,1.935,1.982,0.613,0.1,0.045,3.268,0.077,15.0,42
5.23,0.72,1.935,6.202,3.03,2.53,0.17,6.87,0.223,3.0,49
5.12,13.85,14.2,13.26,1.134,0.244,0.1,2.401,0.439,0.5,56
4.88,5.95,1.35,6.59,0.4,0.19,0.11,1.66,0.21,3.0,45
7.19,2.445,178.5,7.186,11.64,6.599,0.86,19.36,0.368,3.0,84
6.51,1.31,13.7,6.08,9.32,2.48,0.25,12.16,0.15,0.5,76
5.23,0.84,1.935,0.74,0.295,0.1,0.045,1.14,0.03,0.5,42
5.35,0.925,22.52,2.795,0.522,0.195,0.045,1.486,0.104,0.5,48
5.77,1.527,49.9,5.541,4.849,0.921,0.045,6.025,0.048,0.5,65
6.45,1.52,19.7,11.4,5.58,2.64,0.19,8.49,0.22,0.5,70
5.94,6.15,8.87,5.0,10.11,0.71,0.18,11.08,0.2,15.0,74
5.16,1.244,6.065,3.158,1.893,0.796,0.045,3.298,0.187,3.0,42
6.55,4.72,6.88,6.24,29.42,1.31,0.28,31.14,0.28,7.5,77
5.03,2.484,7.001,7.378,1.558,0.395,0.31,3.232,0.262,0.5,48
5.0,14.49,267.3,15.33,3.311,0.884,0.506,8.654,0.364,7.5,76
6.97,2.19,35.18,1.24,29.38,5.86,1.01,36.4,0.239,7.5,87
4.89,5.6,9.46,11.88,2.1,0.52,0.26,5.7,0.17,0.5,55
4.84,2.417,2.576,6.451,2.609,0.654,0.126,5.971,0.182,0.5,44
4.56,3.45,0.71,11.13,0.56,0.1,0.1,2.65,0.2,0.5,41
5.09,2.44,1.935,4.04,1.22,0.41,0.09,3.11,0.12,0.5,42
5.29,1.22,6.24,4.58,1.82,1.46,0.22,4.09,0.11,0.5,49
4.79,1.31,1.935,8.61,0.56,0.1,0.045,3.08,0.06,0.5,37
6.98,2.03,44.8,13.54,11.62,2.61,0.11,14.46,0.43,0.5,78
4.76,2.932,3.823,6.899,1.069,0.347,0.097,4.783,0.152,0.5,37
5.09,2.597,4.082,4.68,1.47,0.901,0.2,5.39,0.107,0.5,49
5.19,0.244,1.935,2.398,1.491,3.476,0.045,10.98,0.071,0.5,57
4.93,1.918,3.683,2.026,0.948,0.226,0.045,2.152,0.123,0.5,37
4.44,1.96,1.935,3.5,0.295,0.1,0.045,2.83,0.1,0.5,32
4.69,3.453,5.684,16.12,2.582,0.923,0.557,6.706,0.344,0.5,56
4.13,0.72,1.48,8.8,0.44,0.11,0.045,1.52,0.27,3.0,32
5.69,16.75,18.56,3.01,1.6,0.43,0.74,2.87,0.22,0.5,69
4.61,2.78,5.04,4.31,0.32,0.12,0.045,2.01,0.18,7.5,37
5.13,3.58,4.39,5.38,3.52,0.83,0.24,6.63,0.19,0.5,56
4.36,2.642,2.465,1.705,0.174,0.133,0.045,2.309,0.037,7.5,32
5.98,10.3,66.44,20.95,4.552,1.794,1.859,8.344,0.754,0.5,86
4.8,5.986,1.935,5.6,0.25,0.1,0.123,3.619,0.154,0.5,45
4.97,2.902,5.331,3.591,9.547,6.168,0.192,16.51,0.118,3.0,66
4.96,5.774,3.107,4.299,4.381,1.552,0.045,7.337,0.287,0.5,59
6.11,2.05,8.403,5.83,13.45,4.83,0.72,19.1,0.34,0.5,79
4.58,3.12,2.27,13.53,0.92,0.29,0.045,2.77,0.2,0.5,41
5.2,5.444,16.16,5.112,8.702,2.263,0.369,12.65,0.212,15.0,82
4.82,1.011,1.935,3.19,0.25,0.1,0.099,5.419,0.054,0.5,41
4.889,0.21,3.977,4.741,0.986,0.29,0.045,2.218,0.108,0.5,37
8.21,0.95,36.57,121.76,26.51,3.16,0.32,31.57,2.21,0.5,62
6.36,3.197,39.75,2.292,7.487,9.868,0.655,18.09,0.194,3.0,89
5.26,3.441,1.935,21.19,0.595,0.357,0.045,1.989,0.077,0.5,46
5.67,12.5,8.307,3.548,5.991,0.988,0.387,7.522,0.272,0.5,74
6.43,1.93,32.11,73.41,9.55,4.84,0.15,14.82,0.73,0.5,74
6.05,7.65,6.7,3.29,5.0,1.64,1.19,7.88,0.14,7.5,77
5.02,2.48,1.935,2.44,0.295,0.1,0.09,2.94,0.06,0.5,42
5.52,1.63,11.91,11.84,3.85,0.39,0.24,4.842,0.214,15.0,56
6.21,1.3,1.935,2.92,15.61,8.3,0.34,24.49,0.19,15.0,79
5.28,10.38,11.31,13.99,1.69,0.31,0.21,3.48,0.25,0.5,59
4.72,1.871,2.887,6.552,1.497,1.233,0.156,4.026,0.199,0.5,44
5.66,17.93,12.19,6.67,4.71,1.19,0.32,6.28,0.2,3.0,81
6.08,1.079,46.22,6.042,4.867,1.356,0.045,6.385,0.27,0.5,69
5.32,3.738,198.3,12.28,8.762,1.523,1.047,12.55,0.958,0.5,80
7.14,4.126,30.79,18.96,9.501,0.87,2.291,12.95,1.063,0.5,71
4.81,5.57,45.14,15.41,1.66,0.35,0.24,5.07,0.21,3.0,60
6.62,3.221,5.232,7.772,15.53,3.633,0.311,19.57,0.2,0.5,83
6.25,3.37,58.37,7.006,11.71,1.97,0.238,14.08,0.556,7.5,80
5.17,2.56,25.64,9.18,0.8,0.1,0.045,2.06,0.12,3.0,48
5.059,1.314,1.935,1.517,0.25,0.1,0.045,3.082,0.03,0.5,42
4.72,3.47,0.71,16.99,0.56,0.1,0.045,1.71,0.16,0.5,41
6.64,1.397,9.162,3.454,19.85,7.869,0.45,28.3,0.197,0.5,79
6.23,22.1,70.14,44.38,36.24,12.05,6.66,55.04,1.97,3.0,95
5.7,3.074,31.75,3.756,5.48,0.714,0.247,6.542,0.19,0.5,70
7.31,2.417,204.5,20.49,17.3,6.893,0.517,26.08,0.761,0.5,82
7.98,1.78,28.01,9.51,25.39,1.83,0.78,28.08,0.79,0.5,72
4.79,4.36,27.77,28.45,2.63,0.93,0.43,7.28,0.5,0.5,58
4.83,0.889,1.935,4.771,0.509,0.272,0.045,3.236,0.138,0.5,37
5.42,0.833,1.935,15.11,1.0,0.76,0.11,4.468,0.04,0.5,42
7.66,2.33,8.403,6.9,4.44,0.83,0.22,5.58,0.51,0.5,46
4.7,1.12,4.05,9.57,1.75,0.57,0.09,4.54,0.22,0.5,37
8.21,1.64,1.935,37.97,46.2,6.02,0.33,52.96,0.88,0.5,62
5.91,2.33,21.96,7.33,12.35,5.95,0.44,18.78,0.5,3.0,83
6.01,12.42,6.883,29.13,7.05,1.09,1.115,9.367,1.179,0.5,75
4.96,17.2,6.348,5.935,4.881,0.605,0.213,6.943,0.241,0.5,61
5.22,21.84,6.1,7.43,4.08,1.26,0.6,7.24,0.24,0.5,75
5.03,3.626,226.4,37.98,4.867,1.665,0.556,7.743,0.661,7.5,74
5.65,1.708,21.58,10.95,10.44,2.99,0.502,14.06,0.259,0.5,84
7.79,3.101,34.39,24.07,17.29,2.345,0.115,19.93,1.053,15.0,68
7.41,2.078,109.5,12.78,12.5,5.304,0.886,18.91,0.295,0.5,84
7.95,3.194,8.658,4.408,17.53,0.538,0.173,18.29,0.373,0.5,63
5.17,6.22,7.52,18.37,2.27,0.33,0.19,4.65,0.17,0.5,56
4.94,0.53,0.645,1.88,0.34,0.12,0.045,1.08,0.04,0.5,37
4.92,1.636,82.46,3.87,3.674,0.594,0.045,6.142,0.237,0.5,52
5.23,2.718,3.372,4.045,2.134,1.099,0.045,3.823,0.169,3.0,49
5.09,11.98,8.848,8.704,0.802,0.238,0.188,2.074,0.314,0.5,56
4.76,2.486,3.837,1.84,3.945,1.203,0.485,7.149,0.55,0.5,52
6.0,1.43,1.935,8.21,11.78,1.48,0.24,13.62,0.15,0.5,70
4.82,1.65,1.935,4.58,0.8,0.44,0.28,8.83,0.13,15.0,44
4.68,21.17,1.516,15.82,0.924,0.155,0.133,3.098,0.399,0.5,48
4.97,3.22,5.71,5.55,1.15,0.37,0.15,2.92,0.12,0.5,41
8.41,0.95,21.22,7.69,19.22,4.73,1.3,25.5,0.47,3.0,72
7.78,1.16,8.84,5.73,21.1,7.16,0.33,28.7,0.26,3.0,69
8.16,0.75,7.62,7.99,34.51,4.15,0.27,39.11,0.73,0.5,59
5.86,4.698,6.055,4.728,5.016,1.13,0.524,6.721,0.176,0.5,73
4.63,3.663,28.78,5.352,1.333,0.259,0.292,8.143,0.179,0.5,54
6.53,2.355,3.001,3.603,17.74,11.07,0.398,30.38,0.143,0.5,79
4.75,5.43,4.58,3.31,2.37,0.28,0.22,6.73,0.28,7.5,55
4.92,3.88,3.02,8.24,1.34,0.53,0.25,3.18,0.4,0.5,44
4.9,1.74,0.645,6.202,0.31,0.11,0.045,2.42,0.223,0.5,27
5.92,9.12,4.41,25.97,18.08,5.49,0.26,23.95,0.78,0.5,82
6.51,13.36,185.72,4.41,18.12,4.84,0.62,23.68,0.33,3.0,100
5.54,2.111,6.88,1.428,8.233,3.648,0.166,12.14,0.141,0.5,73
5.85,1.9,19.54,2.42,4.16,0.6,0.045,4.93,0.12,0.5,56
6.9,1.74,4.48,3.71,10.93,4.93,0.28,16.48,0.19,0.5,76
7.28,5.128,168.2,12.43,15.87,2.85,1.968,21.21,0.549,0.5,90
6.15,15.24,63.87,61.65,18.42,0.771,0.899,20.37,3.032,0.5,85
4.83,2.048,30.81,10.22,1.6,0.584,0.204,3.226,0.339,0.5,46
5.32,5.903,1.617,3.414,4.431,1.912,0.292,7.933,0.158,3.0,67
7.46,2.78,62.44,5.75,9.83,2.9,1.16,13.98,0.29,0.5,81
7.24,1.542,33.0,4.594,10.25,5.736,0.227,16.33,0.265,0.5,77
4.26,3.52,1.935,8.96,0.96,0.37,0.16,5.329,0.47,0.5,43
4.67,1.31,21.13,8.71,1.29,0.48,0.22,3.79,0.3,3.0,46
6.52,6.408,28.26,7.782,14.85,6.32,1.56,22.87,0.69,15.0,93
6.18,3.5,11.42,3.84,19.26,0.45,0.045,19.83,0.13,15.0,73
4.66,2.19,12.15,27.5,1.361,0.54,0.17,4.244,0.276,0.5,43
4.73,2.55,2.88,7.66,0.64,0.5,0.09,6.48,0.1,15.0,41
5.34,3.13,1.935,4.326,7.72,4.26,0.28,13.56,0.189,0.5,70
6.37,1.433,373.0,3.288,16.04,0.219,0.045,16.47,0.17,0.5,74
6.36,1.74,36.2,85.78,7.954,7.249,1.865,18.15,0.717,0.5,83
7.32,4.596,73.74,10.9,17.16,2.531,0.505,20.46,0.372,0.5,88
5.29,0.55,2.51,5.55,0.65,0.18,0.11,1.54,0.06,0.5,42
6.51,4.562,144.2,14.51,17.47,9.718,2.702,30.04,0.752,0.5,91
4.54,6.468,6.207,7.36,0.312,0.082,0.045,3.701,0.169,0.5,45
4.87,5.022,24.24,6.992,0.745,0.114,0.045,3.029,0.256,7.5,51
7.28,1.618,16.52,13.64,18.69,13.38,0.578,32.79,0.417,0.5,79
4.92,4.335,96.97,8.885,1.572,0.143,0.23,3.128,0.368,0.5,52
5.17,7.28,8.18,12.41,3.27,0.41,0.18,5.43,0.54,0.5,58
5.76,9.24,6.36,5.47,2.62,0.74,0.52,4.03,0.26,0.5,66
5.22,15.94,11.14,7.889,3.743,1.028,0.307,6.147,0.378,3.0,73
5.55,3.457,3.487,4.304,4.567,1.727,0.144,6.612,0.08,0.5,65
5.76,4.875,4.168,4.332,5.503,2.405,0.447,8.422,0.179,7.5,74
5.35,14.22,10.93,8.85,6.334,1.877,0.593,9.515,0.903,0.5,76
4.96,10.79,3.857,7.662,2.433,1.007,0.284,5.297,0.161,3.0,62
6.3,7.22,4.21,7.96,5.5,1.17,0.4,7.14,0.2,15.0,75
6.1,5.615,5.151,3.542,14.3,5.366,0.828,20.61,0.277,3.0,89
8.43,1.658,11.08,6.202,29.9,0.209,0.096,30.31,0.493,0.5,54
5.41,3.861,7.356,8.225,6.974,1.253,0.175,8.765,0.25,0.5,63
6.83,4.5,41.33,24.37,16.85,3.56,0.43,20.93,2.5,0.5,83
5.88,2.31,4.02,65.42,13.39,2.58,0.25,16.39,0.54,0.5,74
5.13,3.549,10.61,5.306,1.564,0.298,0.114,3.329,0.208,0.5,49
5.21,2.97,5.97,7.17,9.5,3.34,0.31,14.1,0.17,0.5,71
4.85,3.55,2.06,2.36,0.64,0.17,0.09,3.33,0.1,0.5,41
6.32,4.646,11.23,4.54,7.375,1.418,1.017,9.855,0.282,0.5,76
7.99,2.49,18.6,5.727,20.42,7.285,0.608,28.74,0.363,0.5,74
6.9,2.91,45.63,2.57,8.15,1.69,0.53,10.43,0.31,15.0,83
6.37,4.847,50.9,5.649,7.263,1.11,0.838,9.277,0.264,15.0,81
5.08,4.978,2.717,3.152,6.128,0.865,0.095,8.221,0.17,0.5,56
4.68,3.384,6.012,5.532,3.736,0.383,0.344,7.372,0.263,0.5,54
6.81,2.6,1.935,5.18,29.08,10.29,0.54,40.1,0.22,0.5,81
4.4,5.609,14.51,4.711,1.285,0.349,0.195,8.141,0.209,7.5,50
4.93,1.625,1.935,2.5,0.68,0.21,0.09,3.173,0.08,3.0,37
4.54,4.716,5.366,7.287,1.437,0.429,0.183,5.043,0.143,0.5,48
5.66,1.74,6.04,2.97,9.11,1.72,0.16,11.06,0.24,0.5,70
4.8,3.6,5.29,85.67,3.4,0.6,0.17,7.15,0.48,0.5,51
8.46,0.559,15.92,8.281,15.46,0.45,0.045,16.49,0.824,0.5,52
4.59,2.28,5.56,5.8,0.75,0.25,0.045,3.1,0.2,3.0,37
5.43,6.356,29.94,4.254,1.871,0.339,0.227,2.837,0.356,7.5,59
4.76,1.22,1.935,1.91,0.295,0.1,0.045,3.34,0.13,0.5,37
4.88,9.84,8.183,6.442,1.028,0.255,0.128,3.756,0.224,0.5,45
6.96,0.69,1.935,1.99,2.92,1.18,0.15,5.12,0.33,0.5,58
6.27,8.19,19.84,5.24,9.12,1.55,0.42,11.22,0.2,0.5,84
5.47,17.02,1.935,5.544,1.267,0.566,0.155,3.412,0.185,15.0,56
5.72,0.81,13.52,11.28,2.07,1.19,0.16,4.11,0.96,7.5,58
5.5,15.69,6.953,9.238,6.339,1.081,0.222,7.984,0.361,0.5,75
6.32,3.049,22.88,6.236,7.908,0.949,0.127,9.214,0.32,0.5,67
7.03,3.1,8.403,3.2,9.42,1.83,0.13,11.46,0.17,0.5,64
4.11,3.113,250.3,17.16,0.96,0.985,0.832,5.768,0.958,0.5,54
6.02,7.268,93.34,11.64,7.375,2.158,0.755,10.34,0.77,0.5,90
6.72,1.748,43.34,5.323,17.85,8.141,0.784,27.06,0.189,3.0,89
5.74,0.742,6.009,2.81,3.856,1.887,0.259,6.052,0.272,0.5,61
5.32,1.47,36.36,31.63,13.25,2.81,0.35,17.31,0.4,0.5,80
5.54,4.005,18.62,4.42,6.645,1.318,0.458,8.557,0.371,0.5,74
7.18,0.402,13.69,3.065,1.252,0.427,0.045,1.895,0.149,3.0,45
7.85,6.025,17.92,6.537,57.56,1.184,0.207,59.05,0.54,15.0,72
5.28,4.95,16.85,6.202,0.96,0.21,0.21,2.25,0.14,0.5,52
5.2,6.185,18.0,4.071,2.19,0.606,0.377,6.082,0.136,7.5,66
5.09,0.81,0.645,3.27,1.18,0.35,0.045,7.29,0.12,3.0,46
5.57,5.529,34.49,5.676,3.213,0.259,0.11,3.649,0.331,0.5,64
4.88,13.36,3.476,9.03,1.57,0.495,0.255,3.356,0.435,3.0,51
7.5,3.951,8.029,33.35,4.006,1.48,0.14,5.659,1.025,0.5,55
5.89,9.06,4.331,11.43,10.34,0.687,0.183,11.31,0.475,0.5,74
5.099,7.145,69.91,15.25,3.718,0.434,0.967,8.299,0.286,0.5,73
7.3,2.168,50.76,3.365,11.43,2.772,0.162,14.51,0.141,0.5,76
7.98,3.215,22.91,5.899,47.47,2.757,0.768,51.24,0.718,0.5,79
4.78,3.22,7.68,1.54,0.48,0.18,0.045,3.48,0.07,0.5,41
5.66,6.09,8.403,27.56,6.59,4.91,3.18,14.81,0.71,0.5,80
5.72,0.91,42.41,8.48,3.68,1.17,0.13,5.01,0.14,0.5,66
5.92,20.48,28.93,4.503,11.85,2.867,0.742,15.82,0.282,0.5,98
5.21,1.82,11.32,4.645,5.757,1.753,0.23,8.416,0.259,0.5,62
5.39,1.876,14.08,9.904,4.874,1.169,0.118,6.592,0.299,0.5,59
4.599,4.027,1.079,4.158,4.478,1.47,0.34,9.733,0.24,0.5,61
6.06,5.761,57.82,18.79,10.04,1.909,1.426,13.54,1.61,0.5,86
5.17,7.67,121.79,8.0,6.09,0.46,0.7,9.59,0.31,0.5,76
5.24,2.53,1.73,5.33,7.72,4.92,0.22,13.92,0.21,0.5,66
4.98,5.567,1.935,5.647,2.41,1.346,0.538,7.256,0.139,7.5,64
6.22,3.567,79.71,73.42,11.37,1.259,0.863,13.64,1.684,0.5,82
6.12,2.011,5.713,4.751,7.957,5.039,0.285,13.38,0.131,0.5,71
6.06,1.177,21.14,10.32,5.21,1.604,0.14,7.095,0.282,0.5,67
4.09,1.5,2.59,4.38,0.56,0.23,0.15,7.66,0.23,0.5,36
6.37,1.47,4.77,5.62,12.37,7.12,0.45,20.09,0.13,3.0,79
6.33,0.85,53.4,204.75,8.74,4.61,0.72,17.8,7.71,0.5,81
6.2,1.91,8.03,3.49,11.16,8.95,0.12,20.3,0.17,0.5,73
4.56,4.29,15.46,3.0,2.14,0.59,0.24,5.51,0.45,0.5,54
4.82,8.43,4.94,5.17,0.58,0.26,0.15,3.59,0.21,3.0,45
4.74,1.21,7.82,3.28,0.89,0.29,0.15,3.13,0.34,0.5,37
5.55,1.683,51.72,16.03,3.189,1.702,0.628,5.868,0.735,0.5,72
7.91,2.188,179.2,3.996,14.75,4.132,1.92,20.87,0.847,15.0,77
4.99,8.287,1.935,5.16,5.306,1.187,0.603,10.83,0.207,0.5,71
4.76,7.17,5.68,8.02,8.17,1.09,0.24,13.05,0.49,3.0,68
5.05,6.392,6.504,5.0,0.728,0.335,0.152,4.766,0.116,0.5,53
4.73,3.408,12.96,25.61,2.345,0.434,0.355,6.548,0.516,0.5,55
6.9,1.17,1.77,0.82,19.1,29.65,0.24,49.2,0.17,0.5,76
4.57,7.299,3.747,1.774,0.68,0.154,0.137,5.674,0.09,0.5,49
7.67,1.57,49.46,12.27,36.65,1.8,0.14,38.68,0.85,0.5,66
4.599,2.885,18.31,11.61,1.834,0.375,0.507,6.173,0.304,0.5,52
8.4,2.153,30.2,26.94,11.9,2.158,0.566,14.8,0.426,0.5,69
4.3,2.12,2.84,2.85,0.94,0.41,0.16,15.95,0.35,0.5,46
5.36,2.07,2.99,9.6,1.07,0.3,0.1,4.02,0.1,0.5,42
5.93,12.57,15.4,28.79,6.797,1.884,0.812,9.765,0.453,7.5,83
5.47,1.688,5.597,3.709,2.073,1.325,0.045,4.421,0.079,0.5,49
5.7,3.646,5.666,3.173,5.53,1.17,0.16,6.99,0.124,0.5,68
5.31,3.15,4.154,119.5,15.14,7.734,0.459,24.68,3.301,0.5,70
5.66,10.35,94.03,6.95,5.878,1.279,0.688,7.946,0.287,0.5,88
4.44,4.189,326.9,19.62,2.845,1.47,0.169,6.376,2.319,0.5,50
5.12,20.35,34.4,10.46,4.184,0.64,0.185,5.934,0.369,0.5,72
4.78,2.17,29.55,8.64,1.61,0.62,0.23,5.18,0.19,0.5,50
5.48,3.191,13.58,1.189,3.743,2.01,0.48,6.261,0.108,15.0,69
4.73,3.1,0.645,7.19,0.68,0.18,0.045,4.67,0.06,0.5,41
6.35,1.671,3.43,4.545,5.728,2.875,0.181,9.274,0.184,0.5,67
7.06,1.84,24.43,9.03,8.7,2.67,0.87,12.28,0.24,0.5,79
4.8,0.84,2.17,4.43,1.56,0.51,0.12,8.27,0.13,7.5,41
8.16,1.47,8.403,17.66,46.76,4.51,0.3,52.05,0.72,0.5,57
4.599,4.999,31.19,6.544,3.32,0.975,0.725,10.65,0.377,0.5,66
4.86,1.19,1.3,3.31,0.68,0.29,0.045,5.01,0.11,0.5,41
5.28,11.07,10.14,6.74,6.697,0.916,0.231,8.926,0.376,3.0,69
5.87,1.14,8.003,3.145,12.72,8.758,0.39,21.97,0.143,0.5,79
8.53,0.78,5.68,13.41,8.98,1.78,0.6,11.79,0.57,0.5,58
4.79,19.59,355.9,117.8,8.611,4.132,0.265,13.9,0.369,0.5,82
5.65,1.66,1.935,19.09,8.96,5.67,0.36,15.4,0.29,0.5,79
5.39,1.16,63.71,5.25,1.35,0.45,0.22,2.65,0.12,3.0,53
5.34,3.401,1.935,3.449,3.17,1.356,0.211,5.774,0.192,7.5,60
7.05,2.04,17.42,4.51,19.45,5.84,0.43,25.88,0.23,3.0,77
4.65,9.874,47.92,12.64,1.522,0.29,0.252,8.134,0.203,3.0,60
4.78,2.314,51.87,5.19,1.747,0.33,0.09,4.115,0.187,0.5,45
6.35,4.17,47.72,5.56,13.7,4.48,0.78,19.06,0.23,7.5,93
5.03,8.59,1.935,3.76,1.46,0.44,0.2,3.3,0.38,0.5,53
4.42,3.44,57.69,76.79,0.985,0.431,0.045,3.331,0.47,0.5,44
5.56,13.7,44.81,25.09,4.155,1.387,0.432,7.16,0.444,0.5,86
5.56,3.69,5.38,3.71,2.92,1.17,0.15,4.3,0.08,0.5,58
5.0,1.233,4.722,2.341,0.224,0.051,0.045,1.058,0.027,0.5,42
4.53,1.419,1.935,7.98,0.667,0.233,0.045,3.275,0.14,0.5,37
4.99,2.5,10.59,6.05,2.2,1.01,0.19,6.29,0.17,0.5,54
7.8,0.946,9.268,272.0,19.27,1.057,0.198,20.76,10.74,0.5,55
6.46,8.881,45.09,3.587,19.78,6.483,0.83,27.27,0.295,0.5,97
4.82,1.59,1.935,3.47,0.56,0.22,0.045,4.62,0.05,0.5,37
6.22,2.38,17.76,4.61,19.25,5.14,0.63,25.07,0.21,15.0,84
4.48,1.94,8.52,6.21,0.399,0.165,0.045,3.493,0.196,0.5,32
4.9,3.09,3.4,8.07,2.37,1.25,0.42,10.57,0.24,7.5,62
5.5,1.0,35.7,9.09,3.39,0.69,0.25,4.43,0.21,0.5,59
4.66,1.811,1.935,3.342,0.883,0.171,0.045,2.391,0.119,0.5,37
5.47,3.144,2.089,2.941,2.471,1.572,0.214,4.296,0.116,3.0,56
5.04,2.5,4.55,6.43,1.81,0.77,0.19,3.82,0.21,15.0,45
6.32,2.523,1.935,5.297,16.79,4.854,0.479,22.27,0.444,0.5,79
5.61,3.84,6.19,4.567,7.65,2.069,0.289,10.15,0.326,3.0,75
4.24,3.377,1.477,7.832,0.58,0.285,0.098,5.912,0.21,0.5,40
6.66,1.774,1.935,1.811,39.18,4.914,0.514,44.9,0.199,0.5,81
5.45,1.26,0.645,2.71,0.4,0.13,0.045,1.24,0.05,0.5,42
4.44,2.21,1.935,13.88,0.6,0.1,0.045,5.84,0.16,7.5,36
4.93,3.28,9.61,8.51,2.45,0.79,0.09,4.77,0.5,0.5,42
6.04,2.57,65.86,8.64,4.4,0.88,0.3,5.67,0.16,0.5,68
8.23,0.91,12.41,26.28,35.39,3.757,0.298,40.48,0.891,0.5,62
5.16,12.14,2.718,7.601,1.211,0.42,0.197,3.453,0.043,7.5,56
5.67,13.47,1.935,13.99,2.793,0.456,0.158,3.508,0.181,3.0,64
5.69,0.56,6.256,12.98,2.232,0.707,0.096,3.542,0.414,0.5,50
5.17,1.46,1.935,2.163,0.25,0.306,0.045,1.374,0.038,0.5,42
6.5,2.05,3.49,2.22,5.18,2.11,0.2,7.56,0.15,0.5,67
5.76,3.819,11.86,5.73,8.386,0.719,0.118,9.289,0.199,15.0,66
5.019,1.127,1.756,3.536,6.044,2.014,0.718,13.32,0.234,3.0,71
5.05,1.394,3.714,1.69,0.611,0.082,0.045,1.589,0.128,0.5,42
4.79,2.662,3.304,3.839,1.485,1.085,0.423,6.733,0.178,3.0,51
5.06,1.02,1.935,2.9,1.88,0.67,0.09,7.07,0.1,0.5,46
5.86,1.104,1.935,5.589,12.64,7.375,0.093,20.39,0.169,0.5,73
5.24,2.937,31.31,3.294,8.158,6.248,0.953,15.95,0.297,15.0,82
6.31,2.78,4.82,12.56,5.83,0.2,0.045,6.33,0.42,15.0,57
5.45,1.788,36.38,16.41,5.046,1.47,0.18,7.214,0.228,0.5,65
5.19,1.57,3.09,2.23,1.48,0.25,0.045,3.25,0.12,0.5,42
4.56,2.51,1.935,3.64,0.295,0.1,0.15,5.26,0.2,0.5,41
6.84,2.62,3.02,2.64,9.7,4.24,0.26,14.25,0.22,0.5,73
6.45,4.972,77.39,33.49,8.292,1.48,0.73,10.87,0.983,0.5,85
5.71,3.574,3.688,3.85,10.1,7.093,0.924,18.21,0.345,0.5,85
4.94,2.52,29.9,5.65,3.45,1.19,0.26,5.83,0.73,0.5,55
6.09,4.17,2.678,4.049,5.615,1.418,0.435,7.524,0.224,3.0,71
7.19,2.852,5.719,2.597,31.77,5.707,0.709,38.33,0.305,0.5,76
6.32,3.483,61.25,7.726,5.697,1.953,0.755,8.553,0.318,0.5,81
5.71,9.493,1.935,7.54,3.718,1.384,0.706,5.909,0.47,3.0,74
7.45,4.34,8.403,12.21,40.54,1.35,0.12,42.11,0.7,15.0,65
4.74,4.935,3.306,4.214,3.669,0.246,0.188,7.998,0.163,0.5,51
6.09,0.88,29.86,17.96,5.79,1.88,0.23,7.98,0.37,0.5,70
4.59,10.06,2.503,5.843,0.35,0.503,0.355,3.762,0.348,0.5,54
7.07,11.62,402.38,97.68,24.39,11.17,11.32,47.87,6.03,0.5,87
4.84,1.66,10.68,69.0,4.38,7.22,0.67,14.89,0.36,0.5,69
6.33,0.788,45.22,21.57,8.114,3.003,0.373,11.74,0.686,0.5,82
7.43,1.719,83.63,7.978,16.31,6.383,0.464,23.65,0.45,0.5,82
6.42,3.827,1.044,2.841,20.59,8.367,0.278,29.45,0.292,0.5,80
6.25,2.513,86.57,17.73,11.0,1.558,0.207,12.87,1.069,0.5,73
6.4,1.722,11.14,3.575,18.15,9.437,0.252,28.08,0.255,0.5,79
7.23,3.824,301.5,28.52,22.18,1.391,0.406,26.12,1.375,3.0,78
4.93,11.53,282.3,14.94,5.587,1.098,1.227,9.857,0.997,0.5,76
6.77,3.57,25.2,3.4,6.28,1.3,0.21,7.87,0.21,0.5,74
4.68,1.01,1.935,6.36,0.56,0.1,0.045,1.95,0.17,0.5,37
5.6,9.111,53.72,61.39,16.11,4.823,1.895,24.3,2.284,0.5,89
8.45,1.09,16.46,12.69,21.04,9.01,0.5,30.92,0.33,0.5,67
8.46,0.19,57.07,336.78,41.02,3.16,0.35,49.99,5.99,0.5,64
6.23,10.35,3.443,17.31,0.976,0.299,0.124,1.507,0.201,0.5,58
6.82,1.559,7.893,3.697,7.962,2.847,0.225,11.1,0.133,0.5,71
5.21,7.329,60.43,9.573,2.98,0.399,0.561,6.209,0.192,7.5,73
6.98,3.55,4.2,2.13,10.64,1.83,0.67,13.22,0.24,0.5,79
6.33,2.0,1.935,9.778,4.98,1.23,0.3,6.61,0.215,15.0,64
6.34,4.087,4.274,4.153,26.4,5.639,0.488,32.69,0.134,7.5,83
5.86,3.793,4.0,6.528,10.4,4.132,0.172,14.77,0.146,15.0,77
7.63,2.522,353.1,3.731,19.2,7.051,2.579,28.97,0.832,0.5,77
5.0,3.95,5.88,2.17,2.19,0.37,0.21,6.98,0.13,0.5,56
5.6,7.268,27.58,13.67,12.13,1.727,0.214,14.15,0.58,0.5,82
4.7,2.427,45.68,66.37,1.623,0.277,0.254,3.189,0.731,0.5,46
6.89,2.33,85.85,5.77,5.6,2.34,0.52,8.58,0.35,3.0,80
4.94,1.71,1.935,3.26,6.87,0.68,0.15,14.94,0.14,15.0,51
6.94,1.629,16.51,12.25,19.63,4.067,0.154,24.09,1.057,7.5,74
4.46,2.22,1.935,14.2,0.6,0.33,0.25,6.11,0.17,0.5,39
5.79,11.96,20.77,9.36,8.751,2.129,0.495,11.56,0.687,15.0,91
5.12,14.03,1.935,7.39,1.54,0.3,0.34,2.85,0.5,0.5,57
6.2,0.857,3.833,4.232,1.035,0.328,0.045,1.405,0.05,0.5,47
4.39,4.8,40.98,18.14,2.5,0.5,0.33,5.86,0.86,3.0,55
6.33,6.84,11.24,3.12,10.41,7.4,0.51,18.4,0.15,7.5,92
5.23,8.361,80.4,22.72,7.816,1.076,0.756,10.33,0.49,0.5,84
4.85,1.31,2.01,2.32,4.23,1.47,0.12,12.3,0.18,0.5,55
4.1,3.74,7.34,30.02,2.71,1.67,0.41,9.89,1.6,0.5,48
4.8,2.09,5.15,5.08,1.68,0.47,0.54,4.1,0.44,0.5,45
6.66,1.45,36.22,8.38,5.97,1.47,0.17,7.72,0.2,0.5,70
4.36,1.02,1.935,3.61,0.295,0.22,0.045,3.81,0.25,0.5,32
4.93,15.9,8.403,18.14,3.62,1.09,0.66,5.73,2.32,3.0,57
7.22,1.762,15.63,12.17,14.41,10.17,0.416,25.8,0.396,0.5,77
4.64,1.84,19.81,23.23,1.62,0.81,0.18,4.72,0.37,7.5,43
6.34,0.823,8.918,2.802,8.415,1.608,0.283,10.5,0.135,0.5,70
5.72,2.433,1.935,2.887,6.486,2.683,0.045,9.33,0.582,0.5,62
6.93,3.14,12.56,11.98,13.79,6.14,0.42,20.71,0.73,0.5,84
4.559,17.41,48.36,7.332,3.548,0.806,1.209,14.35,0.344,0.5,75
8.34,2.2,57.03,11.33,31.01,4.56,1.15,36.87,0.76,0.5,72
5.099,2.798,4.673,4.774,3.257,0.524,0.188,5.893,0.127,15.0,52
5.23,1.43,2.65,2.76,1.79,0.9,0.13,4.45,0.05,0.5,42
5.71,1.52,44.47,9.95,2.05,0.24,0.15,2.5,0.13,0.5,58
6.31,10.09,59.02,40.59,15.08,8.278,2.905,27.95,1.205,3.0,95
7.56,1.88,8.403,9.72,10.87,5.47,0.35,16.83,0.27,3.0,67
4.98,2.1,4.1,5.48,1.45,1.52,0.37,4.26,0.18,0.5,47
7.74,2.141,19.13,108.0,27.35,2.536,0.116,30.11,2.159,15.0,58
5.01,1.79,1.88,7.72,2.52,1.09,0.29,6.68,0.14,0.5,56
6.11,3.853,1.935,0.935,14.16,9.124,0.971,24.62,0.39,3.0,85
5.01,0.81,1.67,4.51,0.39,0.13,0.045,0.82,0.07,0.5,42
5.81,14.35,2.502,14.43,2.283,1.727,2.304,6.374,0.555,0.5,75
5.24,1.97,14.68,5.68,0.68,0.15,0.045,1.91,0.14,3.0,45
6.22,2.402,2.283,2.157,13.51,5.181,0.281,19.04,0.275,7.5,76
6.23,2.72,2.68,4.09,4.85,0.64,0.18,5.72,0.16,3.0,60
5.01,3.28,27.23,12.3,7.53,2.12,0.46,11.27,0.39,0.5,79
4.63,30.39,14.86,4.687,4.384,1.084,0.687,9.882,0.33,0.5,73
4.59,3.64,6.41,1.85,2.04,0.3,0.11,8.52,0.53,0.5,46
4.93,3.6,1.935,11.63,1.31,0.46,0.11,3.72,0.16,3.0,41
6.7,2.136,40.11,5.988,9.718,2.267,0.203,12.44,0.197,0.5,81
5.45,6.76,8.9,4.82,8.82,3.33,0.8,13.35,0.58,0.5,79
7.17,2.022,14.11,2.482,8.274,8.45,0.163,16.94,0.196,7.5,74
5.16,1.39,29.45,3.412,1.42,0.324,0.045,2.408,0.161,0.5,48
4.95,0.57,4.29,0.09,0.56,0.43,0.11,6.38,0.11,0.5,41
7.44,3.662,228.1,6.712,9.696,3.577,0.985,14.3,0.353,15.0,85
5.89,2.12,1.935,3.857,18.84,5.89,0.14,24.99,0.198,0.5,73
5.11,4.03,2.22,4.27,1.54,0.49,0.11,3.99,0.1,0.5,46
7.04,1.788,23.16,8.227,8.339,1.959,0.186,10.61,0.234,0.5,71
5.77,2.214,4.686,2.96,18.55,6.912,0.27,26.34,0.405,0.5,76
5.75,9.657,10.26,1.77,3.901,1.075,0.325,5.55,0.264,0.5,75
4.78,1.84,2.45,2.19,0.76,0.36,0.045,2.6,0.15,7.5,37
4.88,4.92,1.935,2.61,0.56,0.1,0.13,3.67,0.1,0.5,41
5.86,9.733,7.944,1.35,5.166,1.418,0.592,7.237,0.103,0.5,77
5.05,2.64,1.935,2.87,1.52,0.92,0.22,4.49,0.13,3.0,45
5.4,16.64,5.945,6.036,1.003,0.326,0.045,2.524,0.246,7.5,53
8.09,2.57,3.74,6.93,51.97,0.73,0.11,52.88,0.59,0.5,49
5.48,1.71,2.3,10.75,0.38,0.16,0.045,2.52,0.04,0.5,42
4.88,2.129,1.935,5.519,0.25,0.359,0.045,3.328,0.09,0.5,37
5.76,1.2,22.7,60.64,3.74,1.27,0.18,5.34,0.38,0.5,67
4.41,2.053,38.57,6.065,0.25,0.1,0.045,1.94,0.287,0.5,38
4.7,2.98,0.645,9.72,0.36,0.15,0.09,3.28,0.11,0.5,37
5.49,3.043,4.92,10.1,4.829,0.986,0.355,6.209,0.345,0.5,62
5.33,9.71,78.14,6.202,2.16,0.1,0.19,4.02,0.19,7.5,64
5.9,4.12,15.85,4.73,7.03,1.98,0.35,9.41,0.16,3.0,74
6.09,1.726,1.326,2.882,9.208,4.763,0.115,14.3,0.173,7.5,70
4.269,3.242,4.105,6.544,0.662,0.187,0.045,2.515,0.718,0.5,34
6.05,3.43,14.19,3.17,13.96,4.11,0.42,18.57,0.2,3.0,86
5.019,0.815,1.935,4.841,0.493,0.19,0.045,1.579,0.113,0.5,42
4.96,3.83,0.645,4.52,2.42,0.76,0.22,4.7,0.22,15.0,47
5.91,1.752,81.09,7.904,5.332,0.861,0.193,6.487,0.191,0.5,68
4.53,4.13,1.935,3.874,0.905,0.24,0.045,3.475,0.246,15.0,41
7.82,10.55,90.25,4.848,19.94,4.832,0.739,25.74,0.642,0.5,88
5.93,2.05,11.66,3.26,12.32,4.66,0.33,17.36,0.16,0.5,82
5.34,1.64,1.86,2.51,10.43,4.08,0.15,16.89,0.19,7.5,68
4.809,2.072,10.45,2.303,1.374,0.772,0.275,4.526,0.232,0.5,43
9.36,0.05,0.645,57.04,56.6,1.57,0.17,62.57,4.27,0.5,50
5.099,4.44,735.5,4.361,3.157,0.514,0.851,6.435,2.494,0.5,61
5.21,2.638,1.935,5.152,0.868,0.373,0.192,2.176,0.131,0.5,45
4.49,0.93,1.935,7.08,0.56,0.2,0.045,1.98,0.22,0.5,32
5.87,10.62,65.6,32.62,13.34,2.77,3.76,20.0,1.6,0.5,95
4.94,2.092,4.779,3.162,1.526,2.527,0.094,11.71,0.072,7.5,52
7.96,2.03,75.72,5.75,17.1,5.88,0.85,24.4,0.48,0.5,79
5.48,10.02,46.53,16.21,12.89,2.94,0.96,17.07,0.67,7.5,93
4.83,5.26,8.85,6.69,0.07,0.03,0.18,3.59,0.22,3.0,48
5.53,1.291,4.033,6.055,1.255,0.448,0.199,2.243,0.176,0.5,50
7.88,2.52,62.84,3.3,17.09,4.74,0.54,22.22,0.18,0.5,79
4.71,3.4,31.9,6.81,1.58,0.35,0.17,6.89,0.21,0.5,54
5.07,1.958,6.904,4.944,5.481,0.601,0.145,8.418,0.168,15.0,52
5.86,1.33,64.37,1.38,4.82,0.67,0.09,5.68,0.1,0.5,65
5.57,8.201,27.97,4.454,5.339,1.341,0.527,7.405,0.108,3.0,83
5.92,1.01,23.19,0.02,19.8,1.12,0.22,21.24,0.11,0.5,79
4.769,1.876,17.54,3.073,0.593,0.324,0.045,2.661,0.136,0.5,40
5.57,6.178,6.029,5.799,7.828,0.65,0.241,8.836,0.186,0.5,68
4.55,2.95,1.935,3.92,0.56,0.1,0.045,5.14,0.13,0.5,41
5.85,11.77,5.754,7.5,5.704,1.319,1.04,8.157,0.313,3.0,80
5.39,4.173,19.15,19.83,9.502,3.986,0.438,14.22,0.459,0.5,78
5.05,9.449,13.83,2.054,10.74,1.932,0.362,15.24,0.207,0.5,82
6.55,3.76,57.8,13.19,5.24,4.15,0.49,10.07,0.36,0.5,86
5.93,1.556,1.935,1.847,1.533,0.665,0.045,2.367,0.092,0.5,47
4.82,1.72,1.59,1.82,0.27,0.1,0.045,3.89,0.05,0.5,37
4.84,6.02,2.86,10.22,1.03,0.32,0.21,4.51,0.2,0.5,48
4.93,11.34,15.44,13.24,1.322,0.154,0.131,4.027,0.401,3.0,51
5.18,3.07,36.91,6.202,3.88,0.83,0.045,6.18,0.49,0.5,59
5.95,2.12,4.75,11.72,6.99,0.67,0.12,7.88,0.2,0.5,57
4.72,1.762,6.693,2.706,3.032,2.467,0.201,9.403,0.143,3.0,54
5.52,5.916,52.31,18.18,7.225,2.343,0.32,9.944,0.33,3.0,86
6.11,2.22,1.82,2.57,12.14,9.25,0.28,21.86,0.26,0.5,76
6.31,3.437,6.259,4.677,19.16,5.057,0.806,25.07,0.253,0.5,85
5.89,1.938,22.82,5.0,1.935,0.442,0.322,2.799,0.099,0.5,59
4.46,0.97,1.935,3.14,0.56,0.22,0.11,7.5,0.12,15.0,36
5.93,0.72,10.05,8.8,10.39,0.17,0.045,10.69,0.13,0.5,66
4.76,3.674,12.98,3.06,0.844,0.454,0.337,9.159,0.083,3.0,54
5.28,1.19,3.0,37.47,2.9,0.16,0.13,4.18,0.14,0.5,45
5.38,1.7,7.57,16.78,8.586,8.202,0.27,18.84,0.464,0.5,71
4.99,4.516,5.594,11.45,1.684,1.11,0.045,5.155,0.142,3.0,49
8.51,3.671,6.481,8.244,42.91,0.466,0.045,43.8,0.581,15.0,53
6.04,2.875,13.58,8.012,9.069,2.136,0.129,11.58,0.169,0.5,73
5.04,2.14,1.52,2.15,0.78,0.21,0.045,3.02,0.07,15.0,42
7.64,8.057,5.887,6.489,46.02,3.975,1.706,51.88,0.921,0.5,77
8.34,1.69,17.4,5.38,23.9,11.45,0.61,36.2,0.32,0.5,69
7.41,4.31,9.26,8.53,28.9,7.24,0.45,36.68,0.32,7.5,78
4.95,13.65,12.23,10.18,2.55,1.0,0.52,5.09,0.223,3.0,56
7.33,2.521,43.14,8.652,23.09,16.13,0.377,40.36,0.313,0.5,82
6.55,5.17,0.645,4.1,9.24,10.89,0.09,20.28,0.17,0.5,81
7.31,3.068,65.85,24.37,20.9,11.42,0.74,33.46,0.491,0.5,88
4.86,2.43,8.25,4.61,7.11,3.05,0.3,17.76,0.23,0.5,64
7.59,1.925,26.3,11.79,12.28,7.833,0.316,20.57,0.449,15.0,75
5.44,2.45,187.96,8.49,9.37,1.7,0.9,12.27,0.5,0.5,76
6.08,1.58,4.59,1.65,9.02,4.83,0.2,14.09,0.21,0.5,73
7.2,2.21,56.67,25.47,11.5,1.46,1.22,14.26,0.61,0.5,76
6.1,0.97,1.935,3.07,13.95,10.42,0.46,25.24,0.22,15.0,79
4.91,2.74,1.935,1.5,3.0,0.94,0.4,5.08,0.4,0.5,50
5.0,6.375,70.35,13.99,1.918,0.33,0.276,3.624,0.58,0.5,59
6.49,5.45,5.04,2.07,7.02,2.29,0.27,9.64,0.17,7.5,75
5.53,11.3,6.108,7.004,4.362,1.013,0.324,5.8,0.329,0.5,78
4.62,17.49,2.123,9.003,1.724,0.296,0.272,5.56,0.826,15.0,53
5.7,1.046,25.2,5.641,2.666,0.604,0.099,3.532,0.168,0.5,56
4.9,2.269,2.267,4.503,0.401,0.387,0.045,4.017,0.156,0.5,37
4.57,1.246,3.448,5.189,0.281,0.038,0.045,2.699,0.129,0.5,37
5.64,4.382,10.51,4.774,13.11,3.515,0.539,17.74,0.149,0.5,88
4.69,8.88,7.99,2.77,0.95,0.22,0.11,6.85,0.17,0.5,49
5.46,4.31,9.73,1.55,3.58,0.47,0.1,5.34,0.17,0.5,53
4.4,1.9,7.51,4.45,1.08,0.46,0.045,8.87,0.21,0.5,36
4.58,4.14,9.09,5.18,0.48,0.16,0.13,5.71,0.12,0.5,45
5.49,3.93,3.03,1.37,17.11,8.06,0.56,28.8,0.1,0.5,80
5.16,8.109,1.935,18.78,0.701,0.332,0.196,2.166,0.135,0.5,53
7.91,1.428,111.4,5.129,14.98,2.002,0.325,18.49,0.424,0.5,77
6.2,9.144,11.32,4.901,7.983,2.247,0.626,11.09,0.29,0.5,87
7.04,4.673,183.3,7.758,7.45,1.531,0.374,9.372,0.366,0.5,74
5.25,17.37,11.95,32.19,3.875,0.773,0.333,5.958,0.29,3.0,69
4.87,2.1,1.935,3.93,0.56,0.22,0.11,2.7,0.13,3.0,37
5.08,5.0,2.15,4.06,2.89,0.96,0.57,5.54,0.29,0.5,61
4.88,3.097,2.363,4.191,0.642,0.328,0.045,2.163,0.037,0.5,41
6.59,6.49,97.19,6.54,43.89,2.261,0.624,47.26,0.683,15.0,95
5.18,3.834,8.06,5.486,3.556,0.925,0.102,4.682,0.143,3.0,49
6.25,0.29,27.56,3.18,1.98,0.87,0.34,3.24,0.1,0.5,59
4.98,2.085,1.726,8.887,1.706,0.715,0.163,8.813,0.209,0.5,44
5.25,2.818,4.362,7.451,3.551,2.032,0.203,6.152,0.323,0.5,59
5.62,2.569,3.293,3.776,4.824,1.805,0.045,6.787,0.134,0.5,61
5.15,6.494,3.668,13.71,1.35,0.566,0.234,2.504,0.596,7.5,51
5.44,1.29,17.13,0.99,1.29,0.32,0.045,2.95,0.12,7.5,45
4.89,1.72,1.89,2.23,0.59,0.24,0.11,4.76,0.13,0.5,37
4.48,4.527,4.108,4.7,1.233,0.628,0.262,10.59,0.194,0.5,47
7.25,1.78,12.9,4.991,7.75,5.736,0.16,13.73,0.207,0.5,69
5.4,4.41,6.23,27.07,11.11,4.89,0.48,17.12,0.42,0.5,78
5.13,3.09,13.35,4.06,3.072,0.956,0.316,5.391,0.144,0.5,62
4.71,1.62,1.935,5.9,0.56,0.31,0.17,4.75,0.11,0.5,40
4.519,4.024,18.63,4.838,2.92,0.986,0.211,4.183,0.605,3.0,48
5.71,3.639,1.935,2.751,12.12,5.351,0.215,18.02,0.509,7.5,78
4.86,1.5,0.645,1.4,1.51,0.26,0.12,7.06,0.1,0.5,41
6.02,10.67,113.95,9.86,7.77,1.68,0.9,10.45,0.33,0.5,92
4.78,0.679,3.597,4.121,0.098,0.077,0.045,7.51,0.098,0.5,33
5.43,13.59,1.935,7.529,2.867,0.765,0.171,4.732,0.198,0.5,59
4.84,3.02,2.01,1.92,0.25,0.08,0.045,3.1,0.04,0.5,41
7.51,4.076,8.067,9.523,28.05,1.186,0.121,29.52,0.403,15.0,64
6.28,2.906,6.175,3.459,11.38,3.515,0.195,15.16,0.166,15.0,76
5.17,27.57,68.06,12.16,1.908,0.318,0.654,6.079,0.394,0.5,73
4.88,2.4,8.48,5.16,1.58,0.29,0.2,4.69,0.15,0.5,40
4.889,2.458,4.08,20.52,1.71,0.32,0.18,5.644,0.18,3.0,44
5.47,10.95,51.3,14.5,11.46,1.83,0.602,14.4,0.558,0.5,87
5.07,3.26,6.24,5.36,1.42,0.28,0.17,4.42,0.08,0.5,49
7.16,2.85,45.6,9.24,17.38,4.02,0.89,22.41,0.223,0.5,74
5.5,11.79,2.06,4.43,2.52,0.84,0.27,3.69,0.17,0.5,64
4.95,2.05,6.03,9.12,2.24,0.6,0.19,4.59,0.24,15.0,43
6.94,2.661,23.65,18.7,22.22,12.13,0.442,35.92,0.975,0.5,83
6.23,2.43,7.66,12.5,13.52,13.12,1.04,28.34,0.36,0.5,81
5.56,7.034,115.0,17.82,14.23,0.824,1.067,16.19,1.102,0.5,85
4.3,8.508,67.89,16.98,1.447,0.195,0.23,4.212,0.689,0.5,49
4.59,2.807,13.45,65.35,1.254,0.304,0.29,3.798,0.328,0.5,43
8.07,3.632,25.62,5.758,43.86,2.371,1.038,47.41,0.762,0.5,74
5.17,7.17,6.05,6.78,1.6,0.36,0.2,3.42,0.3,0.5,53
4.65,27.1,109.6,19.38,2.995,1.233,0.176,8.787,0.409,3.0,70
5.2,5.039,10.24,11.54,1.071,0.232,0.179,2.128,0.273,3.0,56
4.88,5.756,16.26,3.03,5.309,0.479,0.226,7.925,0.318,0.5,61
4.97,8.163,27.06,18.87,2.518,0.468,0.154,5.372,0.402,15.0,61
4.96,7.101,215.6,8.767,2.372,0.543,0.245,4.816,0.405,0.5,59
5.64,2.09,42.95,2.55,3.21,0.98,0.16,4.42,0.33,0.5,61
6.69,4.176,80.57,3.081,8.611,2.59,0.31,11.58,0.217,0.5,88
4.89,5.1,11.28,5.6,1.54,0.35,0.15,2.88,0.22,0.5,48
4.64,2.57,2.4,4.99,0.97,0.34,0.045,3.57,0.13,0.5,37
6.5,2.78,6.51,12.58,20.95,4.41,0.51,26.01,0.3,0.5,81
4.77,3.65,1.935,4.51,3.1,1.43,0.4,9.51,0.5,0.5,56
5.68,1.761,18.08,5.435,3.968,1.542,0.384,5.938,0.229,0.5,67
4.72,2.66,5.25,3.72,1.13,0.43,0.15,3.37,0.23,0.5,37
6.09,0.82,15.02,3.575,1.872,0.05,0.045,2.145,0.198,0.5,50
5.07,1.964,3.872,2.922,0.25,0.1,0.045,2.78,0.084,0.5,42
5.53,1.69,35.94,1.96,4.3,1.88,0.12,6.34,0.12,0.5,67
8.5,1.12,23.6,9.54,14.13,1.28,0.17,15.74,0.38,0.5,64
8.49,2.45,94.97,1.68,27.35,7.86,0.87,36.22,0.48,0.5,74
6.14,3.88,11.35,5.38,4.45,0.72,0.24,5.49,0.11,7.5,67
6.69,2.652,15.09,5.391,9.4,6.768,0.935,17.23,0.31,0.5,84
5.28,8.81,10.7,17.49,1.89,0.69,0.37,4.08,0.24,7.5,59
5.46,16.0,17.21,6.791,3.823,0.537,0.239,4.656,0.186,7.5,62
7.34,0.73,94.03,8.91,2.418,0.436,0.045,3.085,0.421,0.5,53
5.52,0.954,1.935,4.739,2.151,2.545,0.101,4.938,0.112,0.5,57
4.47,2.01,1.935,14.46,0.56,0.5,0.25,7.4,0.17,0.5,39
5.08,6.301,1.935,8.481,2.59,1.155,0.235,6.308,0.156,3.0,64
4.75,16.2,9.67,9.535,0.656,0.088,0.11,4.481,0.302,0.5,48
5.38,2.183,1.935,5.088,2.579,1.023,0.215,4.193,0.255,0.5,52
7.5,3.788,61.82,5.519,21.47,5.519,0.956,28.11,0.544,0.5,86
5.27,2.626,17.04,2.883,6.28,0.574,0.045,8.375,0.113,15.0,55
4.89,7.43,13.96,13.48,0.71,0.26,0.2,3.93,0.26,3.0,51
4.639,2.353,1.935,2.404,0.843,0.3,0.045,3.539,0.066,0.5,37
4.79,4.5,16.43,22.89,0.43,0.2,0.12,3.66,0.14,7.5,44
6.71,6.64,158.7,14.83,17.59,2.67,0.19,20.52,0.55,0.5,90
4.75,3.733,7.176,3.474,1.797,0.205,0.045,4.325,0.126,0.5,41
4.8,2.072,6.696,6.502,3.758,1.42,0.045,5.785,0.553,0.5,46
5.5,1.57,43.67,5.97,1.07,0.31,0.13,1.57,0.1,0.5,55
4.56,1.74,1.935,3.4,0.56,0.24,0.045,3.76,0.15,0.5,37
4.24,1.91,1.935,3.62,0.295,0.1,0.045,1.95,0.16,0.5,32
5.8,3.036,1.424,2.187,10.67,4.934,0.045,15.75,0.106,0.5,77
5.57,3.712,3.433,3.552,2.743,1.656,0.388,4.869,0.141,15.0,64
4.43,1.567,3.913,2.951,1.049,0.272,0.045,4.384,0.143,0.5,32
5.92,9.33,27.1,4.63,5.03,1.3,1.06,7.4,0.16,15.0,83
4.73,3.461,4.531,2.407,0.884,0.319,0.149,3.792,0.132,0.5,41
7.21,1.93,5.55,35.97,17.72,8.3,0.41,26.82,0.8,0.5,72
4.76,1.9,3.65,5.46,2.59,0.44,0.44,7.6,0.21,3.0,50
7.22,1.48,63.42,2.42,11.52,2.19,0.72,14.52,0.32,0.5,81
5.13,23.17,1.935,5.029,3.034,0.724,0.406,7.33,0.593,0.5,64
4.98,3.551,1.746,3.163,3.246,0.938,0.261,5.49,0.313,0.5,51
4.599,3.66,6.79,5.948,1.877,0.384,0.045,5.177,0.475,0.5,45
5.49,10.76,32.36,5.29,1.28,0.21,0.12,2.0,0.15,3.0,59
5.84,1.26,19.86,16.76,6.93,1.33,0.17,8.52,0.28,3.0,67
8.199,5.187,331.3,10.31,42.97,1.731,1.735,46.54,0.899,0.5,77
4.43,11.22,29.41,9.61,1.07,0.27,0.24,8.18,0.38,0.5,56
7.27,2.78,8.83,6.202,22.85,11.05,0.27,34.41,0.22,15.0,71
5.41,15.56,39.79,73.01,6.364,2.405,0.406,10.97,3.285,0.5,78
5.78,16.08,11.17,19.19,15.62,3.85,1.99,21.69,0.81,0.5,93
4.98,1.666,79.2,4.244,1.164,0.1,0.045,2.77,0.105,7.5,45
5.67,5.59,14.12,11.63,12.86,1.62,0.57,15.15,0.48,3.0,89
4.639,3.284,3.897,3.288,1.291,0.113,0.045,3.85,0.133,0.5,41
4.74,1.9,2.94,4.71,0.76,0.16,0.045,3.94,0.07,3.0,37
5.45,4.45,3.14,3.03,3.81,1.22,0.48,5.87,0.21,0.5,63
5.23,3.675,15.52,17.25,1.465,0.236,0.045,3.152,0.154,0.5,49
4.76,25.44,1.935,2.578,2.146,0.45,0.181,4.869,0.621,3.0,52
5.94,1.93,5.09,1.38,6.75,4.04,0.11,10.92,0.12,15.0,68
5.87,4.57,7.07,7.52,4.0,1.39,0.38,5.86,0.21,7.5,68
4.98,4.641,32.92,4.8,1.836,0.94,0.477,3.614,0.525,0.5,51
5.21,1.0,0.645,3.81,0.18,0.07,0.045,0.91,0.04,0.5,42
7.54,5.242,45.09,7.958,37.62,1.157,0.102,39.69,0.618,0.5,74
8.02,2.196,69.3,24.55,13.02,7.154,0.259,20.55,0.57,7.5,67
4.62,5.811,21.66,6.668,0.642,0.657,0.14,2.494,0.19,15.0,51
5.12,3.86,8.403,21.46,4.33,0.61,0.69,9.1,0.2,0.5,62
5.89,0.91,1.935,0.87,5.38,2.84,0.11,8.46,0.08,3.0,64
4.77,4.37,18.8,3.77,3.4,0.67,0.14,7.18,0.36,0.5,51
5.5,2.57,3.26,2.69,1.45,0.27,0.045,1.82,0.08,0.5,47
6.05,1.43,50.85,4.51,5.27,0.61,0.09,6.05,0.12,3.0,65
6.0,1.48,12.84,3.71,6.54,1.14,0.1,7.87,0.15,0.5,64
7.37,1.28,11.24,6.202,15.22,7.42,0.28,23.08,0.22,0.5,74
4.7,4.821,3.169,6.216,1.496,0.8,0.226,6.152,0.193,15.0,48
4.61,2.037,13.02,6.306,1.684,0.526,0.096,4.79,0.249,7.5,40
5.23,1.762,53.19,3.594,18.32,12.08,0.138,31.83,0.203,7.5,76
5.92,1.225,1.935,2.882,4.177,0.379,0.101,4.798,0.164,3.0,53
5.09,3.05,1.85,0.58,0.42,0.18,0.11,3.18,0.07,0.5,46
4.74,22.33,50.31,6.237,1.763,0.494,0.045,7.486,0.27,0.5,60
8.47,0.19,2.34,9.64,21.82,11.56,0.29,35.49,0.67,0.5,59
6.13,3.078,3.958,4.697,10.44,2.837,0.441,13.84,0.277,0.5,80
5.58,5.21,1.39,11.55,7.44,1.98,0.14,9.71,0.21,15.0,69
6.1,1.854,14.02,7.158,7.045,3.857,0.489,11.78,0.225,3.0,77
5.09,3.462,2.335,2.898,0.132,0.082,0.045,2.629,0.091,0.5,46
6.41,1.39,4.41,1.22,12.73,2.03,0.27,15.1,0.16,0.5,76
4.9,5.345,3.23,15.42,3.074,1.007,0.194,8.833,0.23,0.5,59
4.68,2.74,1.85,3.09,2.52,1.66,0.2,5.98,0.34,0.5,51
4.36,2.238,8.115,6.338,1.207,0.29,0.045,4.562,0.385,0.5,32
5.1,1.96,1.935,2.98,0.56,0.1,0.045,2.13,0.06,0.5,42
6.02,1.43,17.15,3.56,6.23,1.8,0.73,8.88,0.25,0.5,72
5.81,3.71,71.43,23.81,6.66,1.1,1.24,9.15,0.48,0.5,81
6.15,7.851,536.6,4.519,13.09,2.253,2.734,18.24,0.289,0.5,97
7.82,3.4,675.24,57.42,24.43,4.95,0.81,30.45,1.18,0.5,78
7.38,1.228,26.93,5.2,15.61,5.668,0.606,22.03,0.257,0.5,82
7.34,1.49,73.26,97.03,38.12,1.3,0.3,40.04,2.65,3.0,68
5.43,9.52,32.27,26.42,8.9,1.31,0.84,11.63,0.72,0.5,82
6.13,1.0,4.02,6.202,6.58,4.66,0.09,11.55,0.23,0.5,68
5.29,5.771,78.53,3.626,11.46,2.501,1.064,15.4,0.557,0.5,90
5.36,17.19,3.082,15.37,3.329,1.479,0.599,6.141,0.232,0.5,72
4.46,1.9,1.935,4.43,0.56,0.25,0.17,6.14,0.12,0.5,39
5.7,0.636,21.53,2.442,0.662,0.111,0.045,0.904,0.082,3.0,53
5.7,6.755,113.5,14.94,7.553,0.626,0.302,8.588,0.419,0.5,79
5.97,13.0,90.6,8.212,11.59,0.646,1.022,13.42,0.234,3.0,90
4.56,2.07,1.935,31.71,0.295,0.1,0.045,2.78,0.1,0.5,37
5.02,3.59,8.403,4.61,2.98,1.0,0.16,5.69,0.18,0.5,54
4.96,2.69,5.55,3.87,2.53,0.44,0.2,5.05,0.18,7.5,47
6.62,1.806,118.9,13.72,11.83,5.489,0.787,18.71,0.429,0.5,89
5.68,14.96,6.56,5.72,4.49,1.15,0.26,6.0,0.35,15.0,75
5.28,1.67,41.51,8.12,2.23,0.29,0.2,3.11,0.35,0.5,56
5.75,1.274,16.27,3.056,3.931,1.356,0.096,5.454,0.159,7.5,61
8.05,4.211,27.01,24.68,40.0,1.554,0.112,41.85,0.904,0.5,63
5.12,11.36,5.72,7.99,1.51,0.86,0.27,3.75,0.35,0.5,56
5.79,7.64,4.23,6.734,5.891,1.301,0.752,8.206,0.472,7.5,77
4.76,1.03,3.19,5.92,1.11,0.28,0.16,6.89,0.13,0.5,44
5.94,3.068,2.184,5.492,7.151,1.48,0.236,8.889,0.242,0.5,68
4.599,16.75,15.91,16.97,2.646,0.681,0.223,6.243,1.2,15.0,56
4.41,2.106,25.83,6.625,0.9,0.259,0.045,3.486,0.365,0.5,38
4.85,1.84,0.645,2.92,0.62,0.15,0.045,5.12,0.05,0.5,41
5.24,2.374,3.044,2.662,7.696,3.575,0.209,12.15,0.136,0.5,66
5.42,20.81,14.8,16.23,4.38,1.04,0.58,7.67,0.28,0.5,78
5.81,1.702,1.935,4.276,4.945,4.763,0.045,9.923,0.142,0.5,64
5.44,12.93,8.189,4.756,4.567,1.007,0.128,6.045,0.169,15.0,67
6.61,2.115,14.58,1.814,3.85,0.366,0.113,4.43,0.095,0.5,53
6.91,3.152,14.15,13.62,10.03,1.685,0.348,12.16,0.148,0.5,80
5.21,2.92,38.18,35.31,9.28,1.682,0.271,11.81,0.924,0.5,69
4.67,2.02,1.935,11.79,0.56,0.27,0.1,3.75,0.34,0.5,37
4.87,3.328,3.524,7.239,1.509,0.5,0.155,7.298,0.118,0.5,48
4.79,2.453,1.935,0.577,3.364,0.584,0.267,8.245,0.123,7.5,47
5.74,3.19,39.31,11.09,5.99,1.048,0.428,7.516,0.28,3.0,77
7.58,2.57,73.28,5.93,14.32,4.7,0.39,19.45,0.31,3.0,77
8.16,1.2,7.574,16.86,34.5,0.327,0.137,35.15,0.554,0.5,49
5.46,6.29,8.403,14.57,3.25,0.41,0.33,5.18,0.22,0.5,61
6.71,3.936,500.3,3.333,8.573,1.912,0.425,10.98,0.323,0.5,85
6.26,2.38,21.46,6.05,7.47,2.25,0.16,10.03,0.23,0.5,77
5.059,3.352,20.58,3.151,3.294,0.452,0.045,4.486,0.229,0.5,55
5.12,2.31,8.81,5.14,2.21,0.43,0.09,4.61,0.13,7.5,45
4.42,1.47,1.935,4.99,0.295,0.21,0.1,3.23,0.2,0.5,32
5.28,4.693,6.226,13.21,1.018,0.281,0.097,2.489,0.121,0.5,46
7.96,6.322,8.798,8.145,42.47,0.712,0.345,43.61,0.708,0.5,68
8.08,1.503,47.27,8.241,12.68,2.149,0.662,15.95,0.841,0.5,72
5.6,2.482,53.81,7.918,5.235,2.085,1.102,8.548,0.26,0.5,80
6.59,1.731,6.011,2.887,3.955,0.89,0.045,5.006,0.154,3.0,54
4.96,1.963,4.933,6.921,3.863,0.648,0.045,10.9,0.137,0.5,48
4.68,2.756,1.935,8.806,0.85,0.3,0.13,3.956,0.17,3.0,37
5.58,11.26,23.89,6.25,0.79,0.24,0.33,1.42,0.11,0.5,70
5.74,2.67,8.196,5.432,3.353,0.844,0.262,4.702,0.217,0.5,53
6.47,10.43,7.42,6.81,35.95,1.7,0.57,38.3,0.59,0.5,87
6.11,3.26,34.03,7.43,7.57,1.25,0.38,9.25,0.3,0.5,77
8.34,0.941,1.935,46.13,44.51,0.724,0.134,45.72,1.272,15.0,46
5.17,2.19,2.39,5.99,2.58,1.63,0.36,5.27,0.24,0.5,59
4.76,0.93,1.935,3.87,0.56,0.1,0.045,2.24,0.08,0.5,37
5.48,7.22,1.935,6.202,5.74,0.88,0.17,7.28,0.28,0.5,63
5.23,4.6,2.08,6.202,7.84,4.08,0.14,12.86,0.13,3.0,67
5.4,1.33,9.66,11.97,4.49,1.66,0.11,6.99,0.12,7.5,56
5.58,9.881,1.935,30.43,0.25,0.442,0.13,1.222,0.199,7.5,55
5.94,6.8,8.259,11.79,10.5,1.77,1.812,14.2,0.31,0.5,83
6.81,0.946,14.03,2.695,4.08,0.986,0.045,5.229,0.161,3.0,60
4.73,4.555,7.888,6.109,0.302,0.035,0.13,3.779,0.146,7.5,41
7.18,1.007,5.065,3.999,6.986,2.695,0.24,10.86,0.27,0.5,66
4.58,2.14,8.403,3.24,0.68,0.19,0.045,2.96,0.12,0.5,35
4.19,5.12,2.15,9.3,0.46,0.17,0.25,3.08,0.54,3.0,41
6.86,8.59,165.78,9.44,38.2,4.15,3.9,46.91,6.52,0.5,89
4.45,6.798,9.955,17.96,2.62,0.74,0.662,6.64,0.628,0.5,53
4.96,2.789,24.22,5.1,1.907,1.532,0.096,4.286,0.151,0.5,47
5.16,2.61,1.935,2.0,0.295,0.33,0.045,2.76,0.06,0.5,42
7.36,2.539,58.33,5.919,12.69,4.749,0.54,18.11,0.348,7.5,84
4.78,2.785,3.741,4.945,1.765,1.027,0.303,9.435,0.21,3.0,51
6.23,2.778,3.864,2.041,7.001,2.652,0.303,10.2,0.204,0.5,74
4.99,6.165,23.78,9.276,3.513,2.821,1.05,8.166,0.155,7.5,73
5.51,2.88,3.53,2.4,2.2,0.92,0.34,3.56,0.07,3.0,56
5.92,1.649,1.761,1.042,6.14,2.788,0.045,9.027,0.111,0.5,64
5.65,8.489,1.935,7.727,3.293,1.723,0.418,5.574,0.184,0.5,72
6.32,2.621,20.94,4.31,11.04,7.833,0.412,19.43,0.138,0.5,85
4.61,0.622,1.983,1.658,0.711,0.37,0.108,2.685,0.098,0.5,37
6.83,9.276,44.07,9.691,17.29,1.542,0.528,19.41,0.654,3.0,92
5.27,1.28,2.24,6.91,1.34,1.08,0.11,3.44,0.12,15.0,46
6.72,1.612,15.32,5.114,7.215,2.862,0.235,10.45,0.121,0.5,74
5.74,1.97,2.54,1.53,12.77,1.96,0.14,14.99,0.09,0.5,67
5.81,1.28,15.32,7.26,3.08,1.69,0.46,5.28,0.24,0.5,67
5.16,5.95,4.37,14.5,1.07,0.32,0.29,3.78,0.17,0.5,53
6.31,1.72,1.935,6.202,4.3,0.85,0.22,5.43,0.14,0.5,60
4.58,3.14,1.935,6.202,1.67,0.6,0.16,5.99,0.25,0.5,48
6.16,5.81,5.53,4.31,22.59,1.28,0.29,24.19,0.33,0.5,81
5.31,4.12,5.397,3.048,8.984,1.876,0.199,11.47,0.156,0.5,69
5.45,7.638,11.51,5.314,1.962,0.598,0.181,2.795,0.087,0.5,56
7.73,5.842,17.97,8.885,37.35,1.816,0.414,39.83,0.675,0.5,75
5.16,2.47,1.73,4.6,1.49,0.49,0.29,3.51,0.12,7.5,45
5.62,4.707,86.06,4.381,7.851,1.437,0.38,10.03,0.321,0.5,83
8.33,0.67,19.76,37.78,28.08,3.44,0.35,32.59,1.06,0.5,62
6.2,3.66,47.9,5.85,11.4,2.36,0.43,14.29,0.34,0.5,88
4.9,2.07,1.935,6.202,0.56,0.1,0.045,3.04,0.08,0.5,37
6.36,3.94,2.161,4.638,18.46,8.254,0.268,27.21,0.277,0.5,80
5.65,1.36,28.54,4.35,5.55,1.76,0.15,7.54,0.26,0.5,67
4.7,2.599,2.427,2.236,0.613,0.257,0.141,3.198,0.117,0.5,37
5.4,9.461,4.161,13.43,4.829,5.181,0.476,10.72,0.732,0.5,75
6.27,1.76,1.935,16.53,11.65,10.97,0.47,23.76,0.2,0.5,79
5.82,2.45,75.11,41.31,10.37,4.308,0.764,15.74,0.665,0.5,87
4.91,1.284,1.935,3.082,4.652,1.092,0.372,7.737,0.336,0.5,57
7.92,3.275,1.614,4.158,40.1,0.759,0.11,41.05,0.51,0.5,58
5.58,3.48,5.12,5.63,4.87,1.62,0.56,7.11,0.18,0.5,73
8.119,2.36,6.056,7.705,32.81,2.958,0.769,36.68,0.625,0.5,64
5.45,4.997,37.06,4.796,7.862,1.997,0.128,10.34,0.332,7.5,70
6.15,0.954,13.75,17.89,15.4,7.226,0.369,23.35,0.375,0.5,82
5.04,1.392,3.425,2.966,0.637,0.269,0.255,2.787,0.106,0.5,45
5.57,0.437,35.41,3.135,0.381,0.081,0.045,0.672,0.153,0.5,53
4.96,3.09,5.3,7.51,0.8,0.22,0.045,3.98,0.07,0.5,41
5.13,4.9,2.1,8.87,0.48,0.23,0.15,3.39,0.11,0.5,46
5.3,10.3,5.669,10.83,1.872,0.642,0.524,3.752,0.231,15.0,61
